ticker,fiscal_year,fiscal_period,period,field_key,label,statement,value,unit,formula,priority
NVDA,2024,Q1,quarterly,gross_profit_derived,Gross Profit (derived fallback),derived,4648000000,USD,revenue - cost_of_revenue,important
NVDA,2024,Q1,quarterly,gross_margin,Gross Margin %,derived,0.646273637374861,pure,gross_profit / revenue,core
NVDA,2024,Q1,quarterly,operating_margin,Operating Margin %,derived,0.2975528364849833,pure,operating_income / revenue,core
NVDA,2024,Q1,quarterly,net_margin,Net Margin %,derived,0.2840656284760845,pure,net_income / revenue,core
NVDA,2024,Q1,quarterly,effective_tax_rate,Effective Tax Rate,derived,0.07514712539610684,pure,income_tax_expense / pretax_income,important
NVDA,2024,Q1,quarterly,rd_intensity,R&D Intensity (R&D / Revenue),derived,0.260706340378198,pure,research_development_expense / revenue,core
NVDA,2024,Q1,quarterly,sbc_pct_revenue,Stock-Based Comp % of Revenue,derived,0.10219688542825361,pure,stock_based_compensation / revenue,important
NVDA,2024,Q1,quarterly,capex_intensity,Capex Intensity (Capex / Revenue),derived,0.034482758620689655,pure,capital_expenditures / revenue,important
NVDA,2024,Q1,quarterly,free_cash_flow,Free Cash Flow (FCF),derived,2663000000,USD,net_cash_from_operating_activities - capital_expenditures,core
NVDA,2024,Q1,quarterly,fcf_margin,FCF Margin %,derived,0.37027252502780866,pure,free_cash_flow / revenue,core
NVDA,2024,Q1,quarterly,net_working_capital,Net Working Capital,derived,17623000000,USD,total_current_assets - total_current_liabilities,important
NVDA,2024,Q1,quarterly,total_debt,Total Debt,derived,10954000000,USD,short_term_debt + long_term_debt,core
NVDA,2024,Q1,quarterly,net_debt,Net Debt (Net Cash),derived,-4366000000,USD,total_debt - cash_and_cash_equivalents - short_term_investments,core
NVDA,2024,Q1,quarterly,tangible_book_value,Tangible Book Value,derived,18549000000,USD,total_stockholders_equity - goodwill - intangible_assets_net,optional
NVDA,2024,Q1,quarterly,book_value_per_share,Book Value Per Share,derived,,USD/shares,total_stockholders_equity / shares_outstanding,important
NVDA,2024,Q1,quarterly,inventory_days,Days Inventory Outstanding (DIO),derived,661.5625,days,(inventory_net / cost_of_revenue) * 365,important
NVDA,2024,Q1,quarterly,days_sales_outstanding,Days Sales Outstanding (DSO),derived,207.06340378197999,days,(accounts_receivable_net / revenue) * 365,optional
NVDA,2024,Q1,quarterly,roe,Return on Equity,derived,0.08331973898858075,pure,net_income / total_stockholders_equity,important
NVDA,2024,Q1,quarterly,roa,Return on Assets,derived,0.04595141700404858,pure,net_income / total_assets,optional
NVDA,2024,Q1,quarterly,roic,Return on Invested Capital,derived,0.06511548450904199,pure,(operating_income * (1 - effective_tax_rate)) / (total_debt + total_stockholders_equity - cash_and_cash_equivalents),core
NVDA,2024,Q1,quarterly,revenue_yoy_growth,Revenue YoY Growth %,derived,,pure,(revenue - revenue_prior_year) / revenue_prior_year,core
NVDA,2024,Q1,quarterly,eps_yoy_growth,Diluted EPS YoY Growth %,derived,,pure,(eps_diluted - eps_diluted_prior_year) / eps_diluted_prior_year,important
NVDA,2024,Q1,quarterly,diluted_share_count_change,YoY Diluted Share Count Change,derived,,pure,(weighted_avg_shares_diluted / weighted_avg_shares_diluted_prior_year) - 1,optional
NVDA,2024,Q1,quarterly,deferred_revenue_total,Total Deferred Revenue,derived,597000000,USD,deferred_revenue_current + deferred_revenue_noncurrent,important
NVDA,2024,Q1,quarterly,segment_revenue_mix_pct,Segment Revenue Mix %,derived,,pure,segment_revenue / revenue,important
NVDA,2024,Q2,quarterly,gross_profit_derived,Gross Profit (derived fallback),derived,9462000000,USD,revenue - cost_of_revenue,important
NVDA,2024,Q2,quarterly,gross_margin,Gross Margin %,derived,0.7005256533649219,pure,gross_profit / revenue,core
NVDA,2024,Q2,quarterly,operating_margin,Operating Margin %,derived,0.5034426593618124,pure,operating_income / revenue,core
NVDA,2024,Q2,quarterly,net_margin,Net Margin %,derived,0.45813282001924927,pure,net_income / revenue,core
NVDA,2024,Q2,quarterly,effective_tax_rate,Effective Tax Rate,derived,0.11359404096834265,pure,income_tax_expense / pretax_income,important
NVDA,2024,Q2,quarterly,rd_intensity,R&D Intensity (R&D / Revenue),derived,0.15103279780854373,pure,research_development_expense / revenue,core
NVDA,2024,Q2,quarterly,sbc_pct_revenue,Stock-Based Comp % of Revenue,derived,0.062338046938624415,pure,stock_based_compensation / revenue,important
NVDA,2024,Q2,quarterly,capex_intensity,Capex Intensity (Capex / Revenue),derived,,pure,capital_expenditures / revenue,important
NVDA,2024,Q2,quarterly,free_cash_flow,Free Cash Flow (FCF),derived,,USD,net_cash_from_operating_activities - capital_expenditures,core
NVDA,2024,Q2,quarterly,fcf_margin,FCF Margin %,derived,,pure,free_cash_flow / revenue,core
NVDA,2024,Q2,quarterly,net_working_capital,Net Working Capital,derived,18463000000,USD,total_current_assets - total_current_liabilities,important
NVDA,2024,Q2,quarterly,total_debt,Total Debt,derived,9705000000,USD,short_term_debt + long_term_debt,core
NVDA,2024,Q2,quarterly,net_debt,Net Debt (Net Cash),derived,-6318000000,USD,total_debt - cash_and_cash_equivalents - short_term_investments,core
NVDA,2024,Q2,quarterly,tangible_book_value,Tangible Book Value,derived,21676000000,USD,total_stockholders_equity - goodwill - intangible_assets_net,optional
NVDA,2024,Q2,quarterly,book_value_per_share,Book Value Per Share,derived,,USD/shares,total_stockholders_equity / shares_outstanding,important
NVDA,2024,Q2,quarterly,inventory_days,Days Inventory Outstanding (DIO),derived,389.72435105067984,days,(inventory_net / cost_of_revenue) * 365,important
NVDA,2024,Q2,quarterly,days_sales_outstanding,Days Sales Outstanding (DSO),derived,190.94469534315542,days,(accounts_receivable_net / revenue) * 365,optional
NVDA,2024,Q2,quarterly,roe,Return on Equity,derived,0.22500999963637686,pure,net_income / total_stockholders_equity,important
NVDA,2024,Q2,quarterly,roa,Return on Assets,derived,0.1248713550600343,pure,net_income / total_assets,optional
NVDA,2024,Q2,quarterly,roic,Return on Invested Capital,derived,0.1918200210487627,pure,(operating_income * (1 - effective_tax_rate)) / (total_debt + total_stockholders_equity - cash_and_cash_equivalents),core
NVDA,2024,Q2,quarterly,revenue_yoy_growth,Revenue YoY Growth %,derived,,pure,(revenue - revenue_prior_year) / revenue_prior_year,core
NVDA,2024,Q2,quarterly,eps_yoy_growth,Diluted EPS YoY Growth %,derived,,pure,(eps_diluted - eps_diluted_prior_year) / eps_diluted_prior_year,important
NVDA,2024,Q2,quarterly,diluted_share_count_change,YoY Diluted Share Count Change,derived,,pure,(weighted_avg_shares_diluted / weighted_avg_shares_diluted_prior_year) - 1,optional
NVDA,2024,Q2,quarterly,deferred_revenue_total,Total Deferred Revenue,derived,729000000,USD,deferred_revenue_current + deferred_revenue_noncurrent,important
NVDA,2024,Q2,quarterly,segment_revenue_mix_pct,Segment Revenue Mix %,derived,,pure,segment_revenue / revenue,important
NVDA,2024,Q3,quarterly,gross_profit_derived,Gross Profit (derived fallback),derived,13400000000,USD,revenue - cost_of_revenue,important
NVDA,2024,Q3,quarterly,gross_margin,Gross Margin %,derived,0.739514348785872,pure,gross_profit / revenue,core
NVDA,2024,Q3,quarterly,operating_margin,Operating Margin %,derived,0.5748896247240618,pure,operating_income / revenue,core
NVDA,2024,Q3,quarterly,net_margin,Net Margin %,derived,0.5100993377483444,pure,net_income / revenue,core
NVDA,2024,Q3,quarterly,effective_tax_rate,Effective Tax Rate,derived,0.12155483748336818,pure,income_tax_expense / pretax_income,important
NVDA,2024,Q3,quarterly,rd_intensity,R&D Intensity (R&D / Revenue),derived,0.12660044150110375,pure,research_development_expense / revenue,core
NVDA,2024,Q3,quarterly,sbc_pct_revenue,Stock-Based Comp % of Revenue,derived,0.05402869757174393,pure,stock_based_compensation / revenue,important
NVDA,2024,Q3,quarterly,capex_intensity,Capex Intensity (Capex / Revenue),derived,,pure,capital_expenditures / revenue,important
NVDA,2024,Q3,quarterly,free_cash_flow,Free Cash Flow (FCF),derived,,USD,net_cash_from_operating_activities - capital_expenditures,core
NVDA,2024,Q3,quarterly,fcf_margin,FCF Margin %,derived,,pure,free_cash_flow / revenue,core
NVDA,2024,Q3,quarterly,net_working_capital,Net Working Capital,derived,23557000000,USD,total_current_assets - total_current_liabilities,important
NVDA,2024,Q3,quarterly,total_debt,Total Debt,derived,9706000000,USD,short_term_debt + long_term_debt,core
NVDA,2024,Q3,quarterly,net_debt,Net Debt (Net Cash),derived,-8575000000,USD,total_debt - cash_and_cash_equivalents - short_term_investments,core
NVDA,2024,Q3,quarterly,tangible_book_value,Tangible Book Value,derived,27584000000,USD,total_stockholders_equity - goodwill - intangible_assets_net,optional
NVDA,2024,Q3,quarterly,book_value_per_share,Book Value Per Share,derived,,USD/shares,total_stockholders_equity / shares_outstanding,important
NVDA,2024,Q3,quarterly,inventory_days,Days Inventory Outstanding (DIO),derived,369.5625,days,(inventory_net / cost_of_revenue) * 365,important
NVDA,2024,Q3,quarterly,days_sales_outstanding,Days Sales Outstanding (DSO),derived,167.37224061810156,days,(accounts_receivable_net / revenue) * 365,optional
NVDA,2024,Q3,quarterly,roe,Return on Equity,derived,0.2778596122050203,pure,net_income / total_stockholders_equity,important
NVDA,2024,Q3,quarterly,roa,Return on Assets,derived,0.17069882544138287,pure,net_income / total_assets,optional
NVDA,2024,Q3,quarterly,roic,Return on Invested Capital,derived,0.2443330999128419,pure,(operating_income * (1 - effective_tax_rate)) / (total_debt + total_stockholders_equity - cash_and_cash_equivalents),core
NVDA,2024,Q3,quarterly,revenue_yoy_growth,Revenue YoY Growth %,derived,,pure,(revenue - revenue_prior_year) / revenue_prior_year,core
NVDA,2024,Q3,quarterly,eps_yoy_growth,Diluted EPS YoY Growth %,derived,,pure,(eps_diluted - eps_diluted_prior_year) / eps_diluted_prior_year,important
NVDA,2024,Q3,quarterly,diluted_share_count_change,YoY Diluted Share Count Change,derived,,pure,(weighted_avg_shares_diluted / weighted_avg_shares_diluted_prior_year) - 1,optional
NVDA,2024,Q3,quarterly,deferred_revenue_total,Total Deferred Revenue,derived,938000000,USD,deferred_revenue_current + deferred_revenue_noncurrent,important
NVDA,2024,Q3,quarterly,segment_revenue_mix_pct,Segment Revenue Mix %,derived,,pure,segment_revenue / revenue,important
NVDA,2024,FY,annual,gross_profit_derived,Gross Profit (derived fallback),derived,44301000000,USD,revenue - cost_of_revenue,important
NVDA,2024,FY,annual,gross_margin,Gross Margin %,derived,0.7271757329043695,pure,gross_profit / revenue,core
NVDA,2024,FY,annual,operating_margin,Operating Margin %,derived,0.5412166376678376,pure,operating_income / revenue,core
NVDA,2024,FY,annual,net_margin,Net Margin %,derived,0.4884934834706674,pure,net_income / revenue,core
NVDA,2024,FY,annual,effective_tax_rate,Effective Tax Rate,derived,0.1199952687917677,pure,income_tax_expense / pretax_income,important
NVDA,2024,FY,annual,rd_intensity,R&D Intensity (R&D / Revenue),derived,0.14239519385443683,pure,research_development_expense / revenue,core
NVDA,2024,FY,annual,sbc_pct_revenue,Stock-Based Comp % of Revenue,derived,0.05825481763566528,pure,stock_based_compensation / revenue,important
NVDA,2024,FY,annual,capex_intensity,Capex Intensity (Capex / Revenue),derived,0.017547027346442992,pure,capital_expenditures / revenue,important
NVDA,2024,FY,annual,free_cash_flow,Free Cash Flow (FCF),derived,27021000000,USD,net_cash_from_operating_activities - capital_expenditures,core
NVDA,2024,FY,annual,fcf_margin,FCF Margin %,derived,0.4435343554052723,pure,free_cash_flow / revenue,core
NVDA,2024,FY,annual,net_working_capital,Net Working Capital,derived,33714000000,USD,total_current_assets - total_current_liabilities,important
NVDA,2024,FY,annual,total_debt,Total Debt,derived,9709000000,USD,short_term_debt + long_term_debt,core
NVDA,2024,FY,annual,net_debt,Net Debt (Net Cash),derived,-16275000000,USD,total_debt - cash_and_cash_equivalents - short_term_investments,core
NVDA,2024,FY,annual,tangible_book_value,Tangible Book Value,derived,37436000000,USD,total_stockholders_equity - goodwill - intangible_assets_net,optional
NVDA,2024,FY,annual,book_value_per_share,Book Value Per Share,derived,,USD/shares,total_stockholders_equity / shares_outstanding,important
NVDA,2024,FY,annual,inventory_days,Days Inventory Outstanding (DIO),derived,115.99362252572048,days,(inventory_net / cost_of_revenue) * 365,important
NVDA,2024,FY,annual,days_sales_outstanding,Days Sales Outstanding (DSO),derived,59.906683956534586,days,(accounts_receivable_net / revenue) * 365,optional
NVDA,2024,FY,annual,roe,Return on Equity,derived,0.6924472986178976,pure,net_income / total_stockholders_equity,important
NVDA,2024,FY,annual,roa,Return on Assets,derived,0.4527750730282376,pure,net_income / total_assets,optional
NVDA,2024,FY,annual,roic,Return on Invested Capital,derived,0.6390097561476829,pure,(operating_income * (1 - effective_tax_rate)) / (total_debt + total_stockholders_equity - cash_and_cash_equivalents),core
NVDA,2024,FY,annual,revenue_yoy_growth,Revenue YoY Growth %,derived,,pure,(revenue - revenue_prior_year) / revenue_prior_year,core
NVDA,2024,FY,annual,eps_yoy_growth,Diluted EPS YoY Growth %,derived,,pure,(eps_diluted - eps_diluted_prior_year) / eps_diluted_prior_year,important
NVDA,2024,FY,annual,diluted_share_count_change,YoY Diluted Share Count Change,derived,,pure,(weighted_avg_shares_diluted / weighted_avg_shares_diluted_prior_year) - 1,optional
NVDA,2024,FY,annual,deferred_revenue_total,Total Deferred Revenue,derived,1337000000,USD,deferred_revenue_current + deferred_revenue_noncurrent,important
NVDA,2024,FY,annual,segment_revenue_mix_pct,Segment Revenue Mix %,derived,,pure,segment_revenue / revenue,important
NVDA,2025,Q1,quarterly,gross_profit_derived,Gross Profit (derived fallback),derived,20406000000,USD,revenue - cost_of_revenue,important
NVDA,2025,Q1,quarterly,gross_margin,Gross Margin %,derived,0.7835201965903855,pure,gross_profit / revenue,core
NVDA,2025,Q1,quarterly,operating_margin,Operating Margin %,derived,0.6492474274305022,pure,operating_income / revenue,core
NVDA,2025,Q1,quarterly,net_margin,Net Margin %,derived,0.5713792044232837,pure,net_income / revenue,core
NVDA,2025,Q1,quarterly,effective_tax_rate,Effective Tax Rate,derived,0.1387811794664043,pure,income_tax_expense / pretax_income,important
NVDA,2025,Q1,quarterly,rd_intensity,R&D Intensity (R&D / Revenue),derived,0.10443864229765012,pure,research_development_expense / revenue,core
NVDA,2025,Q1,quarterly,sbc_pct_revenue,Stock-Based Comp % of Revenue,derived,0.038818921824604516,pure,stock_based_compensation / revenue,important
NVDA,2025,Q1,quarterly,capex_intensity,Capex Intensity (Capex / Revenue),derived,0.014168330517585623,pure,capital_expenditures / revenue,important
NVDA,2025,Q1,quarterly,free_cash_flow,Free Cash Flow (FCF),derived,14976000000,USD,net_cash_from_operating_activities - capital_expenditures,core
NVDA,2025,Q1,quarterly,fcf_margin,FCF Margin %,derived,0.5750268775917677,pure,free_cash_flow / revenue,core
NVDA,2025,Q1,quarterly,net_working_capital,Net Working Capital,derived,38506000000,USD,total_current_assets - total_current_liabilities,important
NVDA,2025,Q1,quarterly,total_debt,Total Debt,derived,9710000000,USD,short_term_debt + long_term_debt,core
NVDA,2025,Q1,quarterly,net_debt,Net Debt (Net Cash),derived,-21728000000,USD,total_debt - cash_and_cash_equivalents - short_term_investments,core
NVDA,2025,Q1,quarterly,tangible_book_value,Tangible Book Value,derived,43703000000,USD,total_stockholders_equity - goodwill - intangible_assets_net,optional
NVDA,2025,Q1,quarterly,book_value_per_share,Book Value Per Share,derived,,USD/shares,total_stockholders_equity / shares_outstanding,important
NVDA,2025,Q1,quarterly,inventory_days,Days Inventory Outstanding (DIO),derived,379.6310748492373,days,(inventory_net / cost_of_revenue) * 365,important
NVDA,2025,Q1,quarterly,days_sales_outstanding,Days Sales Outstanding (DSO),derived,173.2923130087544,days,(accounts_receivable_net / revenue) * 365,optional
NVDA,2025,Q1,quarterly,roe,Return on Equity,derived,0.3028163281917708,pure,net_income / total_stockholders_equity,important
NVDA,2025,Q1,quarterly,roa,Return on Assets,derived,0.19307919867137222,pure,net_income / total_assets,optional
NVDA,2025,Q1,quarterly,roic,Return on Invested Capital,derived,0.28406025624505155,pure,(operating_income * (1 - effective_tax_rate)) / (total_debt + total_stockholders_equity - cash_and_cash_equivalents),core
NVDA,2025,Q1,quarterly,revenue_yoy_growth,Revenue YoY Growth %,derived,2.621245828698554,pure,(revenue - revenue_prior_year) / revenue_prior_year,core
NVDA,2025,Q1,quarterly,eps_yoy_growth,Diluted EPS YoY Growth %,derived,6.2926829268292686,pure,(eps_diluted - eps_diluted_prior_year) / eps_diluted_prior_year,important
NVDA,2025,Q1,quarterly,diluted_share_count_change,YoY Diluted Share Count Change,derived,-0.00040160642570286065,pure,(weighted_avg_shares_diluted / weighted_avg_shares_diluted_prior_year) - 1,optional
NVDA,2025,Q1,quarterly,deferred_revenue_total,Total Deferred Revenue,derived,1549000000,USD,deferred_revenue_current + deferred_revenue_noncurrent,important
NVDA,2025,Q1,quarterly,segment_revenue_mix_pct,Segment Revenue Mix %,derived,,pure,segment_revenue / revenue,important
NVDA,2025,Q2,quarterly,gross_profit_derived,Gross Profit (derived fallback),derived,22574000000,USD,revenue - cost_of_revenue,important
NVDA,2025,Q2,quarterly,gross_margin,Gross Margin %,derived,0.7514647137150466,pure,gross_profit / revenue,core
NVDA,2025,Q2,quarterly,operating_margin,Operating Margin %,derived,0.620572569906791,pure,operating_income / revenue,core
NVDA,2025,Q2,quarterly,net_margin,Net Margin %,derived,0.5525632490013316,pure,net_income / revenue,core
NVDA,2025,Q2,quarterly,effective_tax_rate,Effective Tax Rate,derived,0.1360986780472572,pure,income_tax_expense / pretax_income,important
NVDA,2025,Q2,quarterly,rd_intensity,R&D Intensity (R&D / Revenue),derived,0.10286284953395473,pure,research_development_expense / revenue,core
NVDA,2025,Q2,quarterly,sbc_pct_revenue,Stock-Based Comp % of Revenue,derived,0.03841544607190413,pure,stock_based_compensation / revenue,important
NVDA,2025,Q2,quarterly,capex_intensity,Capex Intensity (Capex / Revenue),derived,,pure,capital_expenditures / revenue,important
NVDA,2025,Q2,quarterly,free_cash_flow,Free Cash Flow (FCF),derived,,USD,net_cash_from_operating_activities - capital_expenditures,core
NVDA,2025,Q2,quarterly,fcf_margin,FCF Margin %,derived,,pure,free_cash_flow / revenue,core
NVDA,2025,Q2,quarterly,net_working_capital,Net Working Capital,derived,45664000000,USD,total_current_assets - total_current_liabilities,important
NVDA,2025,Q2,quarterly,total_debt,Total Debt,derived,8461000000,USD,short_term_debt + long_term_debt,core
NVDA,2025,Q2,quarterly,net_debt,Net Debt (Net Cash),derived,-26339000000,USD,total_debt - cash_and_cash_equivalents - short_term_investments,core
NVDA,2025,Q2,quarterly,tangible_book_value,Tangible Book Value,derived,52583000000,USD,total_stockholders_equity - goodwill - intangible_assets_net,optional
NVDA,2025,Q2,quarterly,book_value_per_share,Book Value Per Share,derived,,USD/shares,total_stockholders_equity / shares_outstanding,important
NVDA,2025,Q2,quarterly,inventory_days,Days Inventory Outstanding (DIO),derived,326.32935976426467,days,(inventory_net / cost_of_revenue) * 365,important
NVDA,2025,Q2,quarterly,days_sales_outstanding,Days Sales Outstanding (DSO),derived,171.7103861517976,days,(accounts_receivable_net / revenue) * 365,optional
NVDA,2025,Q2,quarterly,roe,Return on Equity,derived,0.2854170607149612,pure,net_income / total_stockholders_equity,important
NVDA,2025,Q2,quarterly,roa,Return on Assets,derived,0.19476222323911435,pure,net_income / total_assets,optional
NVDA,2025,Q2,quarterly,roic,Return on Invested Capital,derived,0.2774067426378956,pure,(operating_income * (1 - effective_tax_rate)) / (total_debt + total_stockholders_equity - cash_and_cash_equivalents),core
NVDA,2025,Q2,quarterly,revenue_yoy_growth,Revenue YoY Growth %,derived,1.2240319834160065,pure,(revenue - revenue_prior_year) / revenue_prior_year,core
NVDA,2025,Q2,quarterly,eps_yoy_growth,Diluted EPS YoY Growth %,derived,-0.7298387096774194,pure,(eps_diluted - eps_diluted_prior_year) / eps_diluted_prior_year,important
NVDA,2025,Q2,quarterly,diluted_share_count_change,YoY Diluted Share Count Change,derived,8.943177270908363,pure,(weighted_avg_shares_diluted / weighted_avg_shares_diluted_prior_year) - 1,optional
NVDA,2025,Q2,quarterly,deferred_revenue_total,Total Deferred Revenue,derived,1721000000,USD,deferred_revenue_current + deferred_revenue_noncurrent,important
NVDA,2025,Q2,quarterly,segment_revenue_mix_pct,Segment Revenue Mix %,derived,,pure,segment_revenue / revenue,important
NVDA,2025,Q3,quarterly,gross_profit_derived,Gross Profit (derived fallback),derived,26156000000,USD,revenue - cost_of_revenue,important
NVDA,2025,Q3,quarterly,gross_margin,Gross Margin %,derived,0.7455675275069836,pure,gross_profit / revenue,core
NVDA,2025,Q3,quarterly,operating_margin,Operating Margin %,derived,0.6233681090017673,pure,operating_income / revenue,core
NVDA,2025,Q3,quarterly,net_margin,Net Margin %,derived,0.550396214582977,pure,net_income / revenue,core
NVDA,2025,Q3,quarterly,effective_tax_rate,Effective Tax Rate,derived,0.13474637031726117,pure,income_tax_expense / pretax_income,important
NVDA,2025,Q3,quarterly,rd_intensity,R&D Intensity (R&D / Revenue),derived,0.09663075081238241,pure,research_development_expense / revenue,core
NVDA,2025,Q3,quarterly,sbc_pct_revenue,Stock-Based Comp % of Revenue,derived,0.03568781711418961,pure,stock_based_compensation / revenue,important
NVDA,2025,Q3,quarterly,capex_intensity,Capex Intensity (Capex / Revenue),derived,,pure,capital_expenditures / revenue,important
NVDA,2025,Q3,quarterly,free_cash_flow,Free Cash Flow (FCF),derived,,USD,net_cash_from_operating_activities - capital_expenditures,core
NVDA,2025,Q3,quarterly,fcf_margin,FCF Margin %,derived,,pure,free_cash_flow / revenue,core
NVDA,2025,Q3,quarterly,net_working_capital,Net Working Capital,derived,51161000000,USD,total_current_assets - total_current_liabilities,important
NVDA,2025,Q3,quarterly,total_debt,Total Debt,derived,8462000000,USD,short_term_debt + long_term_debt,core
NVDA,2025,Q3,quarterly,net_debt,Net Debt (Net Cash),derived,-30025000000,USD,total_debt - cash_and_cash_equivalents - short_term_investments,core
NVDA,2025,Q3,quarterly,tangible_book_value,Tangible Book Value,derived,60337000000,USD,total_stockholders_equity - goodwill - intangible_assets_net,optional
NVDA,2025,Q3,quarterly,book_value_per_share,Book Value Per Share,derived,,USD/shares,total_stockholders_equity / shares_outstanding,important
NVDA,2025,Q3,quarterly,inventory_days,Days Inventory Outstanding (DIO),derived,312.9856598700426,days,(inventory_net / cost_of_revenue) * 365,important
NVDA,2025,Q3,quarterly,days_sales_outstanding,Days Sales Outstanding (DSO),derived,184.08143777435723,days,(accounts_receivable_net / revenue) * 365,optional
NVDA,2025,Q3,quarterly,roe,Return on Equity,derived,0.2930089986190989,pure,net_income / total_stockholders_equity,important
NVDA,2025,Q3,quarterly,roa,Return on Assets,derived,0.2011081832668493,pure,net_income / total_assets,optional
NVDA,2025,Q3,quarterly,roic,Return on Invested Capital,derived,0.2899781105760845,pure,(operating_income * (1 - effective_tax_rate)) / (total_debt + total_stockholders_equity - cash_and_cash_equivalents),core
NVDA,2025,Q3,quarterly,revenue_yoy_growth,Revenue YoY Growth %,derived,0.936092715231788,pure,(revenue - revenue_prior_year) / revenue_prior_year,core
NVDA,2025,Q3,quarterly,eps_yoy_growth,Diluted EPS YoY Growth %,derived,-0.7897574123989217,pure,(eps_diluted - eps_diluted_prior_year) / eps_diluted_prior_year,important
NVDA,2025,Q3,quarterly,diluted_share_count_change,YoY Diluted Share Count Change,derived,8.933440256615878,pure,(weighted_avg_shares_diluted / weighted_avg_shares_diluted_prior_year) - 1,optional
NVDA,2025,Q3,quarterly,deferred_revenue_total,Total Deferred Revenue,derived,1585000000,USD,deferred_revenue_current + deferred_revenue_noncurrent,important
NVDA,2025,Q3,quarterly,segment_revenue_mix_pct,Segment Revenue Mix %,derived,,pure,segment_revenue / revenue,important
NVDA,2025,FY,annual,gross_profit_derived,Gross Profit (derived fallback),derived,97858000000,USD,revenue - cost_of_revenue,important
NVDA,2025,FY,annual,gross_margin,Gross Margin %,derived,0.7498869705816992,pure,gross_profit / revenue,core
NVDA,2025,FY,annual,operating_margin,Operating Margin %,derived,0.6241752683969747,pure,operating_income / revenue,core
NVDA,2025,FY,annual,net_margin,Net Margin %,derived,0.5584802715771244,pure,net_income / revenue,core
NVDA,2025,FY,annual,effective_tax_rate,Effective Tax Rate,derived,0.13264941803727417,pure,income_tax_expense / pretax_income,important
NVDA,2025,FY,annual,rd_intensity,R&D Intensity (R&D / Revenue),derived,0.0989601293516326,pure,research_development_expense / revenue,core
NVDA,2025,FY,annual,sbc_pct_revenue,Stock-Based Comp % of Revenue,derived,0.03629968505023104,pure,stock_based_compensation / revenue,important
NVDA,2025,FY,annual,capex_intensity,Capex Intensity (Capex / Revenue),derived,0.024797504923484832,pure,capital_expenditures / revenue,important
NVDA,2025,FY,annual,free_cash_flow,Free Cash Flow (FCF),derived,60853000000,USD,net_cash_from_operating_activities - capital_expenditures,core
NVDA,2025,FY,annual,fcf_margin,FCF Margin %,derived,0.46631723334636044,pure,free_cash_flow / revenue,core
NVDA,2025,FY,annual,net_working_capital,Net Working Capital,derived,62079000000,USD,total_current_assets - total_current_liabilities,important
NVDA,2025,FY,annual,total_debt,Total Debt,derived,8463000000,USD,short_term_debt + long_term_debt,core
NVDA,2025,FY,annual,net_debt,Net Debt (Net Cash),derived,-34747000000,USD,total_debt - cash_and_cash_equivalents - short_term_investments,core
NVDA,2025,FY,annual,tangible_book_value,Tangible Book Value,derived,73332000000,USD,total_stockholders_equity - goodwill - intangible_assets_net,optional
NVDA,2025,FY,annual,book_value_per_share,Book Value Per Share,derived,,USD/shares,total_stockholders_equity / shares_outstanding,important
NVDA,2025,FY,annual,inventory_days,Days Inventory Outstanding (DIO),derived,112.72404179049603,days,(inventory_net / cost_of_revenue) * 365,important
NVDA,2025,FY,annual,days_sales_outstanding,Days Sales Outstanding (DSO),derived,64.51278573453796,days,(accounts_receivable_net / revenue) * 365,optional
NVDA,2025,FY,annual,roe,Return on Equity,derived,0.9187288060811577,pure,net_income / total_stockholders_equity,important
NVDA,2025,FY,annual,roa,Return on Assets,derived,0.6530407433625147,pure,net_income / total_assets,optional
NVDA,2025,FY,annual,roic,Return on Invested Capital,derived,0.8920128148964017,pure,(operating_income * (1 - effective_tax_rate)) / (total_debt + total_stockholders_equity - cash_and_cash_equivalents),core
NVDA,2025,FY,annual,revenue_yoy_growth,Revenue YoY Growth %,derived,1.1420340763599357,pure,(revenue - revenue_prior_year) / revenue_prior_year,core
NVDA,2025,FY,annual,eps_yoy_growth,Diluted EPS YoY Growth %,derived,-0.7535624476110646,pure,(eps_diluted - eps_diluted_prior_year) / eps_diluted_prior_year,important
NVDA,2025,FY,annual,diluted_share_count_change,YoY Diluted Share Count Change,derived,8.945469125902164,pure,(weighted_avg_shares_diluted / weighted_avg_shares_diluted_prior_year) - 1,optional
NVDA,2025,FY,annual,deferred_revenue_total,Total Deferred Revenue,derived,1813000000,USD,deferred_revenue_current + deferred_revenue_noncurrent,important
NVDA,2025,FY,annual,segment_revenue_mix_pct,Segment Revenue Mix %,derived,,pure,segment_revenue / revenue,important
NVDA,2026,Q1,quarterly,gross_profit_derived,Gross Profit (derived fallback),derived,26668000000,USD,revenue - cost_of_revenue,important
NVDA,2026,Q1,quarterly,gross_margin,Gross Margin %,derived,0.6052380736235304,pure,gross_profit / revenue,core
NVDA,2026,Q1,quarterly,operating_margin,Operating Margin %,derived,0.49108074985248057,pure,operating_income / revenue,core
NVDA,2026,Q1,quarterly,net_margin,Net Margin %,derived,0.4261041260042667,pure,net_income / revenue,core
NVDA,2026,Q1,quarterly,effective_tax_rate,Effective Tax Rate,derived,0.1430853491556367,pure,income_tax_expense / pretax_income,important
NVDA,2026,Q1,quarterly,rd_intensity,R&D Intensity (R&D / Revenue),derived,0.09053152376197177,pure,research_development_expense / revenue,core
NVDA,2026,Q1,quarterly,sbc_pct_revenue,Stock-Based Comp % of Revenue,derived,0.033452861876446825,pure,stock_based_compensation / revenue,important
NVDA,2026,Q1,quarterly,capex_intensity,Capex Intensity (Capex / Revenue),derived,0.02784712450637738,pure,capital_expenditures / revenue,important
NVDA,2026,Q1,quarterly,free_cash_flow,Free Cash Flow (FCF),derived,26187000000,USD,net_cash_from_operating_activities - capital_expenditures,core
NVDA,2026,Q1,quarterly,fcf_margin,FCF Margin %,derived,0.5943216376923426,pure,free_cash_flow / revenue,core
NVDA,2026,Q1,quarterly,net_working_capital,Net Working Capital,derived,63393000000,USD,total_current_assets - total_current_liabilities,important
NVDA,2026,Q1,quarterly,total_debt,Total Debt,derived,8464000000,USD,short_term_debt + long_term_debt,core
NVDA,2026,Q1,quarterly,net_debt,Net Debt (Net Cash),derived,-45227000000,USD,total_debt - cash_and_cash_equivalents - short_term_investments,core
NVDA,2026,Q1,quarterly,tangible_book_value,Tangible Book Value,derived,77576000000,USD,total_stockholders_equity - goodwill - intangible_assets_net,optional
NVDA,2026,Q1,quarterly,book_value_per_share,Book Value Per Share,derived,,USD/shares,total_stockholders_equity / shares_outstanding,important
NVDA,2026,Q1,quarterly,inventory_days,Days Inventory Outstanding (DIO),derived,237.8144762561803,days,(inventory_net / cost_of_revenue) * 365,important
NVDA,2026,Q1,quarterly,days_sales_outstanding,Days Sales Outstanding (DSO),derived,183.33666197630612,days,(accounts_receivable_net / revenue) * 365,optional
NVDA,2026,Q1,quarterly,roe,Return on Equity,derived,0.2239304414202736,pure,net_income / total_stockholders_equity,important
NVDA,2026,Q1,quarterly,roa,Return on Assets,derived,0.14989541252175578,pure,net_income / total_assets,optional
NVDA,2026,Q1,quarterly,roic,Return on Invested Capital,derived,0.24057606703995346,pure,(operating_income * (1 - effective_tax_rate)) / (total_debt + total_stockholders_equity - cash_and_cash_equivalents),core
NVDA,2026,Q1,quarterly,revenue_yoy_growth,Revenue YoY Growth %,derived,0.6918292121025956,pure,(revenue - revenue_prior_year) / revenue_prior_year,core
NVDA,2026,Q1,quarterly,eps_yoy_growth,Diluted EPS YoY Growth %,derived,-0.8729096989966556,pure,(eps_diluted - eps_diluted_prior_year) / eps_diluted_prior_year,important
NVDA,2026,Q1,quarterly,diluted_share_count_change,YoY Diluted Share Count Change,derived,8.887906789875451,pure,(weighted_avg_shares_diluted / weighted_avg_shares_diluted_prior_year) - 1,optional
NVDA,2026,Q1,quarterly,deferred_revenue_total,Total Deferred Revenue,derived,2078000000,USD,deferred_revenue_current + deferred_revenue_noncurrent,important
NVDA,2026,Q1,quarterly,segment_revenue_mix_pct,Segment Revenue Mix %,derived,,pure,segment_revenue / revenue,important
NVDA,2026,Q2,quarterly,gross_profit_derived,Gross Profit (derived fallback),derived,33853000000,USD,revenue - cost_of_revenue,important
NVDA,2026,Q2,quarterly,gross_margin,Gross Margin %,derived,0.724236784117408,pure,gross_profit / revenue,core
NVDA,2026,Q2,quarterly,operating_margin,Operating Margin %,derived,0.6084333483088377,pure,operating_income / revenue,core
NVDA,2026,Q2,quarterly,net_margin,Net Margin %,derived,0.5652611086151937,pure,net_income / revenue,core
NVDA,2026,Q2,quarterly,effective_tax_rate,Effective Tax Rate,derived,0.1533038518233673,pure,income_tax_expense / pretax_income,important
NVDA,2026,Q2,quarterly,rd_intensity,R&D Intensity (R&D / Revenue),derived,0.0917998416875254,pure,research_development_expense / revenue,core
NVDA,2026,Q2,quarterly,sbc_pct_revenue,Stock-Based Comp % of Revenue,derived,0.03474317010033588,pure,stock_based_compensation / revenue,important
NVDA,2026,Q2,quarterly,capex_intensity,Capex Intensity (Capex / Revenue),derived,,pure,capital_expenditures / revenue,important
NVDA,2026,Q2,quarterly,free_cash_flow,Free Cash Flow (FCF),derived,,USD,net_cash_from_operating_activities - capital_expenditures,core
NVDA,2026,Q2,quarterly,fcf_margin,FCF Margin %,derived,,pure,free_cash_flow / revenue,core
NVDA,2026,Q2,quarterly,net_working_capital,Net Working Capital,derived,77962000000,USD,total_current_assets - total_current_liabilities,important
NVDA,2026,Q2,quarterly,total_debt,Total Debt,derived,8466000000,USD,short_term_debt + long_term_debt,core
NVDA,2026,Q2,quarterly,net_debt,Net Debt (Net Cash),derived,-48325000000,USD,total_debt - cash_and_cash_equivalents - short_term_investments,core
NVDA,2026,Q2,quarterly,tangible_book_value,Tangible Book Value,derived,93621000000,USD,total_stockholders_equity - goodwill - intangible_assets_net,optional
NVDA,2026,Q2,quarterly,book_value_per_share,Book Value Per Share,derived,,USD/shares,total_stockholders_equity / shares_outstanding,important
NVDA,2026,Q2,quarterly,inventory_days,Days Inventory Outstanding (DIO),derived,423.6718386346005,days,(inventory_net / cost_of_revenue) * 365,important
NVDA,2026,Q2,quarterly,days_sales_outstanding,Days Sales Outstanding (DSO),derived,217.14310164088738,days,(accounts_receivable_net / revenue) * 365,optional
NVDA,2026,Q2,quarterly,roe,Return on Equity,derived,0.2638743246347285,pure,net_income / total_stockholders_equity,important
NVDA,2026,Q2,quarterly,roa,Return on Assets,derived,0.1877362512434276,pure,net_income / total_assets,optional
NVDA,2026,Q2,quarterly,roic,Return on Invested Capital,derived,0.24835535442298143,pure,(operating_income * (1 - effective_tax_rate)) / (total_debt + total_stockholders_equity - cash_and_cash_equivalents),core
NVDA,2026,Q2,quarterly,revenue_yoy_growth,Revenue YoY Growth %,derived,0.5560252996005326,pure,(revenue - revenue_prior_year) / revenue_prior_year,core
NVDA,2026,Q2,quarterly,eps_yoy_growth,Diluted EPS YoY Growth %,derived,0.6119402985074627,pure,(eps_diluted - eps_diluted_prior_year) / eps_diluted_prior_year,important
NVDA,2026,Q2,quarterly,diluted_share_count_change,YoY Diluted Share Count Change,derived,-0.012717321313586605,pure,(weighted_avg_shares_diluted / weighted_avg_shares_diluted_prior_year) - 1,optional
NVDA,2026,Q2,quarterly,deferred_revenue_total,Total Deferred Revenue,derived,2035000000,USD,deferred_revenue_current + deferred_revenue_noncurrent,important
NVDA,2026,Q2,quarterly,segment_revenue_mix_pct,Segment Revenue Mix %,derived,,pure,segment_revenue / revenue,important
NVDA,2026,Q3,quarterly,gross_profit_derived,Gross Profit (derived fallback),derived,41849000000,USD,revenue - cost_of_revenue,important
NVDA,2026,Q3,quarterly,gross_margin,Gross Margin %,derived,0.7341157071185489,pure,gross_profit / revenue,core
NVDA,2026,Q3,quarterly,operating_margin,Operating Margin %,derived,0.6316878925025436,pure,operating_income / revenue,core
NVDA,2026,Q3,quarterly,net_margin,Net Margin %,derived,0.5597656387046978,pure,net_income / revenue,core
NVDA,2026,Q3,quarterly,effective_tax_rate,Effective Tax Rate,derived,0.1588464782792071,pure,income_tax_expense / pretax_income,important
NVDA,2026,Q3,quarterly,rd_intensity,R&D Intensity (R&D / Revenue),derived,0.08253517173630846,pure,research_development_expense / revenue,core
NVDA,2026,Q3,quarterly,sbc_pct_revenue,Stock-Based Comp % of Revenue,derived,0.029032031715959722,pure,stock_based_compensation / revenue,important
NVDA,2026,Q3,quarterly,capex_intensity,Capex Intensity (Capex / Revenue),derived,,pure,capital_expenditures / revenue,important
NVDA,2026,Q3,quarterly,free_cash_flow,Free Cash Flow (FCF),derived,,USD,net_cash_from_operating_activities - capital_expenditures,core
NVDA,2026,Q3,quarterly,fcf_margin,FCF Margin %,derived,,pure,free_cash_flow / revenue,core
NVDA,2026,Q3,quarterly,net_working_capital,Net Working Capital,derived,90417000000,USD,total_current_assets - total_current_liabilities,important
NVDA,2026,Q3,quarterly,total_debt,Total Debt,derived,8467000000,USD,short_term_debt + long_term_debt,core
NVDA,2026,Q3,quarterly,net_debt,Net Debt (Net Cash),derived,-52141000000,USD,total_debt - cash_and_cash_equivalents - short_term_investments,core
NVDA,2026,Q3,quarterly,tangible_book_value,Tangible Book Value,derived,111700000000,USD,total_stockholders_equity - goodwill - intangible_assets_net,optional
NVDA,2026,Q3,quarterly,book_value_per_share,Book Value Per Share,derived,,USD/shares,total_stockholders_equity / shares_outstanding,important
NVDA,2026,Q3,quarterly,inventory_days,Days Inventory Outstanding (DIO),derived,476.4240944777991,days,(inventory_net / cost_of_revenue) * 365,important
NVDA,2026,Q3,quarterly,days_sales_outstanding,Days Sales Outstanding (DSO),derived,213.79705645019823,days,(accounts_receivable_net / revenue) * 365,optional
NVDA,2026,Q3,quarterly,roe,Return on Equity,derived,0.2683835588786933,pure,net_income / total_stockholders_equity,important
NVDA,2026,Q3,quarterly,roa,Return on Assets,derived,0.19801672996251893,pure,net_income / total_assets,optional
NVDA,2026,Q3,quarterly,roic,Return on Invested Capital,derived,0.26139507341484797,pure,(operating_income * (1 - effective_tax_rate)) / (total_debt + total_stockholders_equity - cash_and_cash_equivalents),core
NVDA,2026,Q3,quarterly,revenue_yoy_growth,Revenue YoY Growth %,derived,0.624935864545921,pure,(revenue - revenue_prior_year) / revenue_prior_year,core
NVDA,2026,Q3,quarterly,eps_yoy_growth,Diluted EPS YoY Growth %,derived,0.6666666666666666,pure,(eps_diluted - eps_diluted_prior_year) / eps_diluted_prior_year,important
NVDA,2026,Q3,quarterly,diluted_share_count_change,YoY Diluted Share Count Change,derived,-0.011746185517074403,pure,(weighted_avg_shares_diluted / weighted_avg_shares_diluted_prior_year) - 1,optional
NVDA,2026,Q3,quarterly,deferred_revenue_total,Total Deferred Revenue,derived,2413000000,USD,deferred_revenue_current + deferred_revenue_noncurrent,important
NVDA,2026,Q3,quarterly,segment_revenue_mix_pct,Segment Revenue Mix %,derived,,pure,segment_revenue / revenue,important
NVDA,2026,FY,annual,gross_profit_derived,Gross Profit (derived fallback),derived,153463000000,USD,revenue - cost_of_revenue,important
NVDA,2026,FY,annual,gross_margin,Gross Margin %,derived,0.7106808435754708,pure,gross_profit / revenue,core
NVDA,2026,FY,annual,operating_margin,Operating Margin %,derived,0.6038168363141272,pure,operating_income / revenue,core
NVDA,2026,FY,annual,net_margin,Net Margin %,derived,0.5560253406070261,pure,net_income / revenue,core
NVDA,2026,FY,annual,effective_tax_rate,Effective Tax Rate,derived,0.1511700247437257,pure,income_tax_expense / pretax_income,important
NVDA,2026,FY,annual,rd_intensity,R&D Intensity (R&D / Revenue),derived,0.08565884652076058,pure,research_development_expense / revenue,core
NVDA,2026,FY,annual,sbc_pct_revenue,Stock-Based Comp % of Revenue,derived,0.029573303448211987,pure,stock_based_compensation / revenue,important
NVDA,2026,FY,annual,capex_intensity,Capex Intensity (Capex / Revenue),derived,0.027980253591308617,pure,capital_expenditures / revenue,important
NVDA,2026,FY,annual,free_cash_flow,Free Cash Flow (FCF),derived,96676000000,USD,net_cash_from_operating_activities - capital_expenditures,core
NVDA,2026,FY,annual,fcf_margin,FCF Margin %,derived,0.44770258129648327,pure,free_cash_flow / revenue,core
NVDA,2026,FY,annual,net_working_capital,Net Working Capital,derived,93442000000,USD,total_current_assets - total_current_liabilities,important
NVDA,2026,FY,annual,total_debt,Total Debt,derived,8468000000,USD,short_term_debt + long_term_debt,core
NVDA,2026,FY,annual,net_debt,Net Debt (Net Cash),derived,-2137000000,USD,total_debt - cash_and_cash_equivalents - short_term_investments,core
NVDA,2026,FY,annual,tangible_book_value,Tangible Book Value,derived,133155000000,USD,total_stockholders_equity - goodwill - intangible_assets_net,optional
NVDA,2026,FY,annual,book_value_per_share,Book Value Per Share,derived,,USD/shares,total_stockholders_equity / shares_outstanding,important
NVDA,2026,FY,annual,inventory_days,Days Inventory Outstanding (DIO),derived,125.043537414966,days,(inventory_net / cost_of_revenue) * 365,important
NVDA,2026,FY,annual,days_sales_outstanding,Days Sales Outstanding (DSO),derived,65.01907955061175,days,(accounts_receivable_net / revenue) * 365,optional
NVDA,2026,FY,annual,roe,Return on Equity,derived,0.7633333969089534,pure,net_income / total_stockholders_equity,important
NVDA,2026,FY,annual,roa,Return on Assets,derived,0.5805863551302447,pure,net_income / total_assets,optional
NVDA,2026,FY,annual,roic,Return on Invested Capital,derived,0.7133233260959281,pure,(operating_income * (1 - effective_tax_rate)) / (total_debt + total_stockholders_equity - cash_and_cash_equivalents),core
NVDA,2026,FY,annual,revenue_yoy_growth,Revenue YoY Growth %,derived,0.654735357900948,pure,(revenue - revenue_prior_year) / revenue_prior_year,core
NVDA,2026,FY,annual,eps_yoy_growth,Diluted EPS YoY Growth %,derived,0.6666666666666669,pure,(eps_diluted - eps_diluted_prior_year) / eps_diluted_prior_year,important
NVDA,2026,FY,annual,diluted_share_count_change,YoY Diluted Share Count Change,derived,-0.01169166263505883,pure,(weighted_avg_shares_diluted / weighted_avg_shares_diluted_prior_year) - 1,optional
NVDA,2026,FY,annual,deferred_revenue_total,Total Deferred Revenue,derived,2572000000,USD,deferred_revenue_current + deferred_revenue_noncurrent,important
NVDA,2026,FY,annual,segment_revenue_mix_pct,Segment Revenue Mix %,derived,,pure,segment_revenue / revenue,important
NVDA,2027,Q1,quarterly,gross_profit_derived,Gross Profit (derived fallback),derived,61157000000,USD,revenue - cost_of_revenue,important
NVDA,2027,Q1,quarterly,gross_margin,Gross Margin %,derived,0.749335293757275,pure,gross_profit / revenue,core
NVDA,2027,Q1,quarterly,operating_margin,Operating Margin %,derived,0.6559578508852539,pure,operating_income / revenue,core
NVDA,2027,Q1,quarterly,net_margin,Net Margin %,derived,0.7145867793910433,pure,net_income / revenue,core
NVDA,2027,Q1,quarterly,effective_tax_rate,Effective Tax Rate,derived,0.16568673733602277,pure,income_tax_expense / pretax_income,important
NVDA,2027,Q1,quarterly,rd_intensity,R&D Intensity (R&D / Revenue),derived,0.0774489983458923,pure,research_development_expense / revenue,core
NVDA,2027,Q1,quarterly,sbc_pct_revenue,Stock-Based Comp % of Revenue,derived,0.02362310849721252,pure,stock_based_compensation / revenue,important
NVDA,2027,Q1,quarterly,capex_intensity,Capex Intensity (Capex / Revenue),derived,0.021527905409544815,pure,capital_expenditures / revenue,important
NVDA,2027,Q1,quarterly,free_cash_flow,Free Cash Flow (FCF),derived,48587000000,USD,net_cash_from_operating_activities - capital_expenditures,core
NVDA,2027,Q1,quarterly,fcf_margin,FCF Margin %,derived,0.5953194878392453,pure,free_cash_flow / revenue,core
NVDA,2027,Q1,quarterly,net_working_capital,Net Working Capital,derived,107111000000,USD,total_current_assets - total_current_liabilities,important
NVDA,2027,Q1,quarterly,total_debt,Total Debt,derived,8470000000,USD,short_term_debt + long_term_debt,core
NVDA,2027,Q1,quarterly,net_debt,Net Debt (Net Cash),derived,-4767000000,USD,total_debt - cash_and_cash_equivalents - short_term_investments,core
NVDA,2027,Q1,quarterly,tangible_book_value,Tangible Book Value,derived,171460000000,USD,total_stockholders_equity - goodwill - intangible_assets_net,optional
NVDA,2027,Q1,quarterly,book_value_per_share,Book Value Per Share,derived,,USD/shares,total_stockholders_equity / shares_outstanding,important
NVDA,2027,Q1,quarterly,inventory_days,Days Inventory Outstanding (DIO),derived,460.25540131000093,days,(inventory_net / cost_of_revenue) * 365,important
NVDA,2027,Q1,quarterly,days_sales_outstanding,Days Sales Outstanding (DSO),derived,182.0639588310972,days,(accounts_receivable_net / revenue) * 365,optional
NVDA,2027,Q1,quarterly,roe,Return on Equity,derived,0.2983568147170468,pure,net_income / total_stockholders_equity,important
NVDA,2027,Q1,quarterly,roa,Return on Assets,derived,0.22476625789096402,pure,net_income / total_assets,optional
NVDA,2027,Q1,quarterly,roic,Return on Invested Capital,derived,0.23421161693057246,pure,(operating_income * (1 - effective_tax_rate)) / (total_debt + total_stockholders_equity - cash_and_cash_equivalents),core
NVDA,2027,Q1,quarterly,revenue_yoy_growth,Revenue YoY Growth %,derived,0.8522763378875221,pure,(revenue - revenue_prior_year) / revenue_prior_year,core
NVDA,2027,Q1,quarterly,eps_yoy_growth,Diluted EPS YoY Growth %,derived,2.1447368421052633,pure,(eps_diluted - eps_diluted_prior_year) / eps_diluted_prior_year,important
NVDA,2027,Q1,quarterly,diluted_share_count_change,YoY Diluted Share Count Change,derived,-0.008939092275811578,pure,(weighted_avg_shares_diluted / weighted_avg_shares_diluted_prior_year) - 1,optional
NVDA,2027,Q1,quarterly,deferred_revenue_total,Total Deferred Revenue,derived,3117000000,USD,deferred_revenue_current + deferred_revenue_noncurrent,important
NVDA,2027,Q1,quarterly,segment_revenue_mix_pct,Segment Revenue Mix %,derived,,pure,segment_revenue / revenue,important
MU,2023,Q1,quarterly,gross_profit_derived,Gross Profit (derived fallback),derived,893000000,USD,revenue - cost_of_revenue,important
MU,2023,Q1,quarterly,gross_margin,Gross Margin %,derived,0.2186046511627907,pure,gross_profit / revenue,core
MU,2023,Q1,quarterly,operating_margin,Operating Margin %,derived,-0.05116279069767442,pure,operating_income / revenue,core
MU,2023,Q1,quarterly,net_margin,Net Margin %,derived,-0.04773561811505508,pure,net_income / revenue,core
MU,2023,Q1,quarterly,effective_tax_rate,Effective Tax Rate,derived,-0.045454545454545456,pure,income_tax_expense / pretax_income,important
MU,2023,Q1,quarterly,rd_intensity,R&D Intensity (R&D / Revenue),derived,0.20783353733170135,pure,research_development_expense / revenue,core
MU,2023,Q1,quarterly,sbc_pct_revenue,Stock-Based Comp % of Revenue,derived,0.035740514075887395,pure,stock_based_compensation / revenue,important
MU,2023,Q1,quarterly,capex_intensity,Capex Intensity (Capex / Revenue),derived,0.5995104039167687,pure,capital_expenditures / revenue,important
MU,2023,Q1,quarterly,free_cash_flow,Free Cash Flow (FCF),derived,-1506000000,USD,net_cash_from_operating_activities - capital_expenditures,core
MU,2023,Q1,quarterly,fcf_margin,FCF Margin %,derived,-0.36866585067319463,pure,free_cash_flow / revenue,core
MU,2023,Q1,quarterly,net_working_capital,Net Working Capital,derived,16396000000,USD,total_current_assets - total_current_liabilities,important
MU,2023,Q1,quarterly,total_debt,Total Debt,derived,9522000000,USD,short_term_debt + long_term_debt,core
MU,2023,Q1,quarterly,net_debt,Net Debt (Net Cash),derived,-52000000,USD,total_debt - cash_and_cash_equivalents - short_term_investments,core
MU,2023,Q1,quarterly,tangible_book_value,Tangible Book Value,derived,47650000000,USD,total_stockholders_equity - goodwill - intangible_assets_net,optional
MU,2023,Q1,quarterly,book_value_per_share,Book Value Per Share,derived,,USD/shares,total_stockholders_equity / shares_outstanding,important
MU,2023,Q1,quarterly,inventory_days,Days Inventory Outstanding (DIO),derived,955.8380325814537,days,(inventory_net / cost_of_revenue) * 365,important
MU,2023,Q1,quarterly,days_sales_outstanding,Days Sales Outstanding (DSO),derived,256.88494492044066,days,(accounts_receivable_net / revenue) * 365,optional
MU,2023,Q1,quarterly,roe,Return on Equity,derived,-0.003954893927716708,pure,net_income / total_stockholders_equity,important
MU,2023,Q1,quarterly,roa,Return on Assets,derived,-0.0028729705041694907,pure,net_income / total_assets,optional
MU,2023,Q1,quarterly,roic,Return on Invested Capital,derived,-0.004436187923823446,pure,(operating_income * (1 - effective_tax_rate)) / (total_debt + total_stockholders_equity - cash_and_cash_equivalents),core
MU,2023,Q1,quarterly,revenue_yoy_growth,Revenue YoY Growth %,derived,,pure,(revenue - revenue_prior_year) / revenue_prior_year,core
MU,2023,Q1,quarterly,eps_yoy_growth,Diluted EPS YoY Growth %,derived,,pure,(eps_diluted - eps_diluted_prior_year) / eps_diluted_prior_year,important
MU,2023,Q1,quarterly,diluted_share_count_change,YoY Diluted Share Count Change,derived,,pure,(weighted_avg_shares_diluted / weighted_avg_shares_diluted_prior_year) - 1,optional
MU,2023,Q1,quarterly,deferred_revenue_total,Total Deferred Revenue,derived,0,USD,deferred_revenue_current + deferred_revenue_noncurrent,important
MU,2023,Q1,quarterly,segment_revenue_mix_pct,Segment Revenue Mix %,derived,,pure,segment_revenue / revenue,important
MU,2023,Q2,quarterly,gross_profit_derived,Gross Profit (derived fallback),derived,-1206000000,USD,revenue - cost_of_revenue,important
MU,2023,Q2,quarterly,gross_margin,Gross Margin %,derived,-0.32656376929325753,pure,gross_profit / revenue,core
MU,2023,Q2,quarterly,operating_margin,Operating Margin %,derived,-0.6236122393717844,pure,operating_income / revenue,core
MU,2023,Q2,quarterly,net_margin,Net Margin %,derived,-0.6260492824262117,pure,net_income / revenue,core
MU,2023,Q2,quarterly,effective_tax_rate,Effective Tax Rate,derived,-0.023778071334214,pure,income_tax_expense / pretax_income,important
MU,2023,Q2,quarterly,rd_intensity,R&D Intensity (R&D / Revenue),derived,0.21337665854318982,pure,research_development_expense / revenue,core
MU,2023,Q2,quarterly,sbc_pct_revenue,Stock-Based Comp % of Revenue,derived,0.03601408069320336,pure,stock_based_compensation / revenue,important
MU,2023,Q2,quarterly,capex_intensity,Capex Intensity (Capex / Revenue),derived,,pure,capital_expenditures / revenue,important
MU,2023,Q2,quarterly,free_cash_flow,Free Cash Flow (FCF),derived,,USD,net_cash_from_operating_activities - capital_expenditures,core
MU,2023,Q2,quarterly,fcf_margin,FCF Margin %,derived,,pure,free_cash_flow / revenue,core
MU,2023,Q2,quarterly,net_working_capital,Net Working Capital,derived,16643000000,USD,total_current_assets - total_current_liabilities,important
MU,2023,Q2,quarterly,total_debt,Total Debt,derived,11440000000,USD,short_term_debt + long_term_debt,core
MU,2023,Q2,quarterly,net_debt,Net Debt (Net Cash),derived,1642000000,USD,total_debt - cash_and_cash_equivalents - short_term_investments,core
MU,2023,Q2,quarterly,tangible_book_value,Tangible Book Value,derived,45619000000,USD,total_stockholders_equity - goodwill - intangible_assets_net,optional
MU,2023,Q2,quarterly,book_value_per_share,Book Value Per Share,derived,,USD/shares,total_stockholders_equity / shares_outstanding,important
MU,2023,Q2,quarterly,inventory_days,Days Inventory Outstanding (DIO),derived,605.6511532965911,days,(inventory_net / cost_of_revenue) * 365,important
MU,2023,Q2,quarterly,days_sales_outstanding,Days Sales Outstanding (DSO),derived,186.89818575683725,days,(accounts_receivable_net / revenue) * 365,optional
MU,2023,Q2,quarterly,roe,Return on Equity,derived,-0.04892396893581903,pure,net_income / total_stockholders_equity,important
MU,2023,Q2,quarterly,roa,Return on Assets,derived,-0.03475646422128683,pure,net_income / total_assets,optional
MU,2023,Q2,quarterly,roic,Return on Invested Capital,derived,-0.04821695532184083,pure,(operating_income * (1 - effective_tax_rate)) / (total_debt + total_stockholders_equity - cash_and_cash_equivalents),core
MU,2023,Q2,quarterly,revenue_yoy_growth,Revenue YoY Growth %,derived,,pure,(revenue - revenue_prior_year) / revenue_prior_year,core
MU,2023,Q2,quarterly,eps_yoy_growth,Diluted EPS YoY Growth %,derived,,pure,(eps_diluted - eps_diluted_prior_year) / eps_diluted_prior_year,important
MU,2023,Q2,quarterly,diluted_share_count_change,YoY Diluted Share Count Change,derived,,pure,(weighted_avg_shares_diluted / weighted_avg_shares_diluted_prior_year) - 1,optional
MU,2023,Q2,quarterly,deferred_revenue_total,Total Deferred Revenue,derived,0,USD,deferred_revenue_current + deferred_revenue_noncurrent,important
MU,2023,Q2,quarterly,segment_revenue_mix_pct,Segment Revenue Mix %,derived,,pure,segment_revenue / revenue,important
MU,2023,Q3,quarterly,gross_profit_derived,Gross Profit (derived fallback),derived,-668000000,USD,revenue - cost_of_revenue,important
MU,2023,Q3,quarterly,gross_margin,Gross Margin %,derived,-0.17803837953091683,pure,gross_profit / revenue,core
MU,2023,Q3,quarterly,operating_margin,Operating Margin %,derived,-0.4693496801705757,pure,operating_income / revenue,core
MU,2023,Q3,quarterly,net_margin,Net Margin %,derived,-0.5053304904051172,pure,net_income / revenue,core
MU,2023,Q3,quarterly,effective_tax_rate,Effective Tax Rate,derived,-0.07929264118653737,pure,income_tax_expense / pretax_income,important
MU,2023,Q3,quarterly,rd_intensity,R&D Intensity (R&D / Revenue),derived,0.20202558635394458,pure,research_development_expense / revenue,core
MU,2023,Q3,quarterly,sbc_pct_revenue,Stock-Based Comp % of Revenue,derived,0.039445628997867806,pure,stock_based_compensation / revenue,important
MU,2023,Q3,quarterly,capex_intensity,Capex Intensity (Capex / Revenue),derived,,pure,capital_expenditures / revenue,important
MU,2023,Q3,quarterly,free_cash_flow,Free Cash Flow (FCF),derived,,USD,net_cash_from_operating_activities - capital_expenditures,core
MU,2023,Q3,quarterly,fcf_margin,FCF Margin %,derived,,pure,free_cash_flow / revenue,core
MU,2023,Q3,quarterly,net_working_capital,Net Working Capital,derived,16630000000,USD,total_current_assets - total_current_liabilities,important
MU,2023,Q3,quarterly,total_debt,Total Debt,derived,12333000000,USD,short_term_debt + long_term_debt,core
MU,2023,Q3,quarterly,net_debt,Net Debt (Net Cash),derived,3035000000,USD,total_debt - cash_and_cash_equivalents - short_term_investments,core
MU,2023,Q3,quarterly,tangible_book_value,Tangible Book Value,derived,43743000000,USD,total_stockholders_equity - goodwill - intangible_assets_net,optional
MU,2023,Q3,quarterly,book_value_per_share,Book Value Per Share,derived,,USD/shares,total_stockholders_equity / shares_outstanding,important
MU,2023,Q3,quarterly,inventory_days,Days Inventory Outstanding (DIO),derived,680.2873303167421,days,(inventory_net / cost_of_revenue) * 365,important
MU,2023,Q3,quarterly,days_sales_outstanding,Days Sales Outstanding (DSO),derived,198.64872068230275,days,(accounts_receivable_net / revenue) * 365,optional
MU,2023,Q3,quarterly,roe,Return on Equity,derived,-0.0417575156921044,pure,net_income / total_stockholders_equity,important
MU,2023,Q3,quarterly,roa,Return on Assets,derived,-0.02886723507917174,pure,net_income / total_assets,optional
MU,2023,Q3,quarterly,roic,Return on Invested Capital,derived,-0.03923687739738836,pure,(operating_income * (1 - effective_tax_rate)) / (total_debt + total_stockholders_equity - cash_and_cash_equivalents),core
MU,2023,Q3,quarterly,revenue_yoy_growth,Revenue YoY Growth %,derived,,pure,(revenue - revenue_prior_year) / revenue_prior_year,core
MU,2023,Q3,quarterly,eps_yoy_growth,Diluted EPS YoY Growth %,derived,,pure,(eps_diluted - eps_diluted_prior_year) / eps_diluted_prior_year,important
MU,2023,Q3,quarterly,diluted_share_count_change,YoY Diluted Share Count Change,derived,,pure,(weighted_avg_shares_diluted / weighted_avg_shares_diluted_prior_year) - 1,optional
MU,2023,Q3,quarterly,deferred_revenue_total,Total Deferred Revenue,derived,0,USD,deferred_revenue_current + deferred_revenue_noncurrent,important
MU,2023,Q3,quarterly,segment_revenue_mix_pct,Segment Revenue Mix %,derived,,pure,segment_revenue / revenue,important
MU,2023,FY,annual,gross_profit_derived,Gross Profit (derived fallback),derived,-1416000000,USD,revenue - cost_of_revenue,important
MU,2023,FY,annual,gross_margin,Gross Margin %,derived,-0.09111969111969112,pure,gross_profit / revenue,core
MU,2023,FY,annual,operating_margin,Operating Margin %,derived,-0.3696911196911197,pure,operating_income / revenue,core
MU,2023,FY,annual,net_margin,Net Margin %,derived,-0.37535392535392537,pure,net_income / revenue,core
MU,2023,FY,annual,effective_tax_rate,Effective Tax Rate,derived,-0.03128313891834571,pure,income_tax_expense / pretax_income,important
MU,2023,FY,annual,rd_intensity,R&D Intensity (R&D / Revenue),derived,0.20038610038610039,pure,research_development_expense / revenue,core
MU,2023,FY,annual,sbc_pct_revenue,Stock-Based Comp % of Revenue,derived,0.03835263835263835,pure,stock_based_compensation / revenue,important
MU,2023,FY,annual,capex_intensity,Capex Intensity (Capex / Revenue),derived,0.49395109395109393,pure,capital_expenditures / revenue,important
MU,2023,FY,annual,free_cash_flow,Free Cash Flow (FCF),derived,-6117000000,USD,net_cash_from_operating_activities - capital_expenditures,core
MU,2023,FY,annual,fcf_margin,FCF Margin %,derived,-0.39362934362934365,pure,free_cash_flow / revenue,core
MU,2023,FY,annual,net_working_capital,Net Working Capital,derived,16479000000,USD,total_current_assets - total_current_liabilities,important
MU,2023,FY,annual,total_debt,Total Debt,derived,12327000000,USD,short_term_debt + long_term_debt,core
MU,2023,FY,annual,net_debt,Net Debt (Net Cash),derived,3750000000,USD,total_debt - cash_and_cash_equivalents - short_term_investments,core
MU,2023,FY,annual,tangible_book_value,Tangible Book Value,derived,42566000000,USD,total_stockholders_equity - goodwill - intangible_assets_net,optional
MU,2023,FY,annual,book_value_per_share,Book Value Per Share,derived,,USD/shares,total_stockholders_equity / shares_outstanding,important
MU,2023,FY,annual,inventory_days,Days Inventory Outstanding (DIO),derived,180.5411063930172,days,(inventory_net / cost_of_revenue) * 365,important
MU,2023,FY,annual,days_sales_outstanding,Days Sales Outstanding (DSO),derived,48.1029601029601,days,(accounts_receivable_net / revenue) * 365,optional
MU,2023,FY,annual,roe,Return on Equity,derived,-0.13220761559383498,pure,net_income / total_stockholders_equity,important
MU,2023,FY,annual,roa,Return on Assets,derived,-0.09078034052354718,pure,net_income / total_assets,optional
MU,2023,FY,annual,roic,Return on Invested Capital,derived,-0.12376690271748267,pure,(operating_income * (1 - effective_tax_rate)) / (total_debt + total_stockholders_equity - cash_and_cash_equivalents),core
MU,2023,FY,annual,revenue_yoy_growth,Revenue YoY Growth %,derived,,pure,(revenue - revenue_prior_year) / revenue_prior_year,core
MU,2023,FY,annual,eps_yoy_growth,Diluted EPS YoY Growth %,derived,,pure,(eps_diluted - eps_diluted_prior_year) / eps_diluted_prior_year,important
MU,2023,FY,annual,diluted_share_count_change,YoY Diluted Share Count Change,derived,,pure,(weighted_avg_shares_diluted / weighted_avg_shares_diluted_prior_year) - 1,optional
MU,2023,FY,annual,deferred_revenue_total,Total Deferred Revenue,derived,0,USD,deferred_revenue_current + deferred_revenue_noncurrent,important
MU,2023,FY,annual,segment_revenue_mix_pct,Segment Revenue Mix %,derived,,pure,segment_revenue / revenue,important
MU,2024,Q1,quarterly,gross_profit_derived,Gross Profit (derived fallback),derived,-35000000,USD,revenue - cost_of_revenue,important
MU,2024,Q1,quarterly,gross_margin,Gross Margin %,derived,-0.007405840033855269,pure,gross_profit / revenue,core
MU,2024,Q1,quarterly,operating_margin,Operating Margin %,derived,-0.23867964451967838,pure,operating_income / revenue,core
MU,2024,Q1,quarterly,net_margin,Net Margin %,derived,-0.26110876005078293,pure,net_income / revenue,core
MU,2024,Q1,quarterly,effective_tax_rate,Effective Tax Rate,derived,-0.0632034632034632,pure,income_tax_expense / pretax_income,important
MU,2024,Q1,quarterly,rd_intensity,R&D Intensity (R&D / Revenue),derived,0.17879813796022007,pure,research_development_expense / revenue,core
MU,2024,Q1,quarterly,sbc_pct_revenue,Stock-Based Comp % of Revenue,derived,0.03977994075327973,pure,stock_based_compensation / revenue,important
MU,2024,Q1,quarterly,capex_intensity,Capex Intensity (Capex / Revenue),derived,0.3800253914515446,pure,capital_expenditures / revenue,important
MU,2024,Q1,quarterly,free_cash_flow,Free Cash Flow (FCF),derived,-395000000,USD,net_cash_from_operating_activities - capital_expenditures,core
MU,2024,Q1,quarterly,fcf_margin,FCF Margin %,derived,-0.08358019466779518,pure,free_cash_flow / revenue,core
MU,2024,Q1,quarterly,net_working_capital,Net Working Capital,derived,15096000000,USD,total_current_assets - total_current_liabilities,important
MU,2024,Q1,quarterly,total_debt,Total Debt,derived,12932000000,USD,short_term_debt + long_term_debt,core
MU,2024,Q1,quarterly,net_debt,Net Debt (Net Cash),derived,4857000000,USD,total_debt - cash_and_cash_equivalents - short_term_investments,core
MU,2024,Q1,quarterly,tangible_book_value,Tangible Book Value,derived,41319000000,USD,total_stockholders_equity - goodwill - intangible_assets_net,optional
MU,2024,Q1,quarterly,book_value_per_share,Book Value Per Share,derived,,USD/shares,total_stockholders_equity / shares_outstanding,important
MU,2024,Q1,quarterly,inventory_days,Days Inventory Outstanding (DIO),derived,634.4759504305817,days,(inventory_net / cost_of_revenue) * 365,important
MU,2024,Q1,quarterly,days_sales_outstanding,Days Sales Outstanding (DSO),derived,191.38171815488784,days,(accounts_receivable_net / revenue) * 365,optional
MU,2024,Q1,quarterly,roe,Return on Equity,derived,-0.028774629823947767,pure,net_income / total_stockholders_equity,important
MU,2024,Q1,quarterly,roa,Return on Assets,derived,-0.019348971399899648,pure,net_income / total_assets,optional
MU,2024,Q1,quarterly,roic,Return on Invested Capital,derived,-0.025120303013981538,pure,(operating_income * (1 - effective_tax_rate)) / (total_debt + total_stockholders_equity - cash_and_cash_equivalents),core
MU,2024,Q1,quarterly,revenue_yoy_growth,Revenue YoY Growth %,derived,0.1569155446756426,pure,(revenue - revenue_prior_year) / revenue_prior_year,core
MU,2024,Q1,quarterly,eps_yoy_growth,Diluted EPS YoY Growth %,derived,5.222222222222223,pure,(eps_diluted - eps_diluted_prior_year) / eps_diluted_prior_year,important
MU,2024,Q1,quarterly,diluted_share_count_change,YoY Diluted Share Count Change,derived,0.00917431192660545,pure,(weighted_avg_shares_diluted / weighted_avg_shares_diluted_prior_year) - 1,optional
MU,2024,Q1,quarterly,deferred_revenue_total,Total Deferred Revenue,derived,600000000,USD,deferred_revenue_current + deferred_revenue_noncurrent,important
MU,2024,Q1,quarterly,segment_revenue_mix_pct,Segment Revenue Mix %,derived,,pure,segment_revenue / revenue,important
MU,2024,Q2,quarterly,gross_profit_derived,Gross Profit (derived fallback),derived,1079000000,USD,revenue - cost_of_revenue,important
MU,2024,Q2,quarterly,gross_margin,Gross Margin %,derived,0.18526785714285715,pure,gross_profit / revenue,core
MU,2024,Q2,quarterly,operating_margin,Operating Margin %,derived,0.03279532967032967,pure,operating_income / revenue,core
MU,2024,Q2,quarterly,net_margin,Net Margin %,derived,0.13616071428571427,pure,net_income / revenue,core
MU,2024,Q2,quarterly,effective_tax_rate,Effective Tax Rate,derived,-3.6588235294117646,pure,income_tax_expense / pretax_income,important
MU,2024,Q2,quarterly,rd_intensity,R&D Intensity (R&D / Revenue),derived,0.14285714285714285,pure,research_development_expense / revenue,core
MU,2024,Q2,quarterly,sbc_pct_revenue,Stock-Based Comp % of Revenue,derived,0.03588598901098901,pure,stock_based_compensation / revenue,important
MU,2024,Q2,quarterly,capex_intensity,Capex Intensity (Capex / Revenue),derived,,pure,capital_expenditures / revenue,important
MU,2024,Q2,quarterly,free_cash_flow,Free Cash Flow (FCF),derived,,USD,net_cash_from_operating_activities - capital_expenditures,core
MU,2024,Q2,quarterly,fcf_margin,FCF Margin %,derived,,pure,free_cash_flow / revenue,core
MU,2024,Q2,quarterly,net_working_capital,Net Working Capital,derived,17176000000,USD,total_current_assets - total_current_liabilities,important
MU,2024,Q2,quarterly,total_debt,Total Debt,derived,12362000000,USD,short_term_debt + long_term_debt,core
MU,2024,Q2,quarterly,net_debt,Net Debt (Net Cash),derived,4346000000,USD,total_debt - cash_and_cash_equivalents - short_term_investments,core
MU,2024,Q2,quarterly,tangible_book_value,Tangible Book Value,derived,42306000000,USD,total_stockholders_equity - goodwill - intangible_assets_net,optional
MU,2024,Q2,quarterly,book_value_per_share,Book Value Per Share,derived,,USD/shares,total_stockholders_equity / shares_outstanding,important
MU,2024,Q2,quarterly,inventory_days,Days Inventory Outstanding (DIO),derived,649.4615384615385,days,(inventory_net / cost_of_revenue) * 365,important
MU,2024,Q2,quarterly,days_sales_outstanding,Days Sales Outstanding (DSO),derived,228.62637362637363,days,(accounts_receivable_net / revenue) * 365,optional
MU,2024,Q2,quarterly,roe,Return on Equity,derived,0.018076134032368362,pure,net_income / total_stockholders_equity,important
MU,2024,Q2,quarterly,roa,Return on Assets,derived,0.012066709272954137,pure,net_income / total_assets,optional
MU,2024,Q2,quarterly,roic,Return on Invested Capital,derived,0.01845518695282991,pure,(operating_income * (1 - effective_tax_rate)) / (total_debt + total_stockholders_equity - cash_and_cash_equivalents),core
MU,2024,Q2,quarterly,revenue_yoy_growth,Revenue YoY Growth %,derived,0.5770376387760628,pure,(revenue - revenue_prior_year) / revenue_prior_year,core
MU,2024,Q2,quarterly,eps_yoy_growth,Diluted EPS YoY Growth %,derived,-1.3349056603773584,pure,(eps_diluted - eps_diluted_prior_year) / eps_diluted_prior_year,important
MU,2024,Q2,quarterly,diluted_share_count_change,YoY Diluted Share Count Change,derived,0.02108157653528875,pure,(weighted_avg_shares_diluted / weighted_avg_shares_diluted_prior_year) - 1,optional
MU,2024,Q2,quarterly,deferred_revenue_total,Total Deferred Revenue,derived,600000000,USD,deferred_revenue_current + deferred_revenue_noncurrent,important
MU,2024,Q2,quarterly,segment_revenue_mix_pct,Segment Revenue Mix %,derived,,pure,segment_revenue / revenue,important
MU,2024,Q3,quarterly,gross_profit_derived,Gross Profit (derived fallback),derived,1832000000,USD,revenue - cost_of_revenue,important
MU,2024,Q3,quarterly,gross_margin,Gross Margin %,derived,0.2689766554103656,pure,gross_profit / revenue,core
MU,2024,Q3,quarterly,operating_margin,Operating Margin %,derived,0.10556452796946117,pure,operating_income / revenue,core
MU,2024,Q3,quarterly,net_margin,Net Margin %,derived,0.04874467772720599,pure,net_income / revenue,core
MU,2024,Q3,quarterly,effective_tax_rate,Effective Tax Rate,derived,0.5272727272727272,pure,income_tax_expense / pretax_income,important
MU,2024,Q3,quarterly,rd_intensity,R&D Intensity (R&D / Revenue),derived,0.12479812068712377,pure,research_development_expense / revenue,core
MU,2024,Q3,quarterly,sbc_pct_revenue,Stock-Based Comp % of Revenue,derived,0.03186022610483042,pure,stock_based_compensation / revenue,important
MU,2024,Q3,quarterly,capex_intensity,Capex Intensity (Capex / Revenue),derived,,pure,capital_expenditures / revenue,important
MU,2024,Q3,quarterly,free_cash_flow,Free Cash Flow (FCF),derived,,USD,net_cash_from_operating_activities - capital_expenditures,core
MU,2024,Q3,quarterly,fcf_margin,FCF Margin %,derived,,pure,free_cash_flow / revenue,core
MU,2024,Q3,quarterly,net_working_capital,Net Working Capital,derived,16479000000,USD,total_current_assets - total_current_liabilities,important
MU,2024,Q3,quarterly,total_debt,Total Debt,derived,11730000000,USD,short_term_debt + long_term_debt,core
MU,2024,Q3,quarterly,net_debt,Net Debt (Net Cash),derived,4136000000,USD,total_debt - cash_and_cash_equivalents - short_term_investments,core
MU,2024,Q3,quarterly,tangible_book_value,Tangible Book Value,derived,42662000000,USD,total_stockholders_equity - goodwill - intangible_assets_net,optional
MU,2024,Q3,quarterly,book_value_per_share,Book Value Per Share,derived,,USD/shares,total_stockholders_equity / shares_outstanding,important
MU,2024,Q3,quarterly,inventory_days,Days Inventory Outstanding (DIO),derived,623.9967865033138,days,(inventory_net / cost_of_revenue) * 365,important
MU,2024,Q3,quarterly,days_sales_outstanding,Days Sales Outstanding (DSO),derived,236.65247393921598,days,(accounts_receivable_net / revenue) * 365,optional
MU,2024,Q3,quarterly,roe,Return on Equity,derived,0.007507066139061617,pure,net_income / total_stockholders_equity,important
MU,2024,Q3,quarterly,roa,Return on Assets,derived,0.005010942570372047,pure,net_income / total_assets,optional
MU,2024,Q3,quarterly,roic,Return on Invested Capital,derived,0.007028202665182877,pure,(operating_income * (1 - effective_tax_rate)) / (total_debt + total_stockholders_equity - cash_and_cash_equivalents),core
MU,2024,Q3,quarterly,revenue_yoy_growth,Revenue YoY Growth %,derived,0.8152985074626866,pure,(revenue - revenue_prior_year) / revenue_prior_year,core
MU,2024,Q3,quarterly,eps_yoy_growth,Diluted EPS YoY Growth %,derived,-1.1734104046242773,pure,(eps_diluted - eps_diluted_prior_year) / eps_diluted_prior_year,important
MU,2024,Q3,quarterly,diluted_share_count_change,YoY Diluted Share Count Change,derived,0.026508226691042136,pure,(weighted_avg_shares_diluted / weighted_avg_shares_diluted_prior_year) - 1,optional
MU,2024,Q3,quarterly,deferred_revenue_total,Total Deferred Revenue,derived,615000000,USD,deferred_revenue_current + deferred_revenue_noncurrent,important
MU,2024,Q3,quarterly,segment_revenue_mix_pct,Segment Revenue Mix %,derived,,pure,segment_revenue / revenue,important
MU,2024,FY,annual,gross_profit_derived,Gross Profit (derived fallback),derived,5613000000,USD,revenue - cost_of_revenue,important
MU,2024,FY,annual,gross_margin,Gross Margin %,derived,0.22352753773246783,pure,gross_profit / revenue,core
MU,2024,FY,annual,operating_margin,Operating Margin %,derived,0.05192943331607662,pure,operating_income / revenue,core
MU,2024,FY,annual,net_margin,Net Margin %,derived,0.03098243797538927,pure,net_income / revenue,core
MU,2024,FY,annual,effective_tax_rate,Effective Tax Rate,derived,0.36370967741935484,pure,income_tax_expense / pretax_income,important
MU,2024,FY,annual,rd_intensity,R&D Intensity (R&D / Revenue),derived,0.13659352475010952,pure,research_development_expense / revenue,core
MU,2024,FY,annual,sbc_pct_revenue,Stock-Based Comp % of Revenue,derived,0.03317271315359802,pure,stock_based_compensation / revenue,important
MU,2024,FY,annual,capex_intensity,Capex Intensity (Capex / Revenue),derived,0.33395722989924737,pure,capital_expenditures / revenue,important
MU,2024,FY,annual,free_cash_flow,Free Cash Flow (FCF),derived,121000000,USD,net_cash_from_operating_activities - capital_expenditures,core
MU,2024,FY,annual,fcf_margin,FCF Margin %,derived,0.004818605392059257,pure,free_cash_flow / revenue,core
MU,2024,FY,annual,net_working_capital,Net Working Capital,derived,15124000000,USD,total_current_assets - total_current_liabilities,important
MU,2024,FY,annual,total_debt,Total Debt,derived,11774000000,USD,short_term_debt + long_term_debt,core
MU,2024,FY,annual,net_debt,Net Debt (Net Cash),derived,4733000000,USD,total_debt - cash_and_cash_equivalents - short_term_investments,core
MU,2024,FY,annual,tangible_book_value,Tangible Book Value,derived,43565000000,USD,total_stockholders_equity - goodwill - intangible_assets_net,optional
MU,2024,FY,annual,book_value_per_share,Book Value Per Share,derived,,USD/shares,total_stockholders_equity / shares_outstanding,important
MU,2024,FY,annual,inventory_days,Days Inventory Outstanding (DIO),derived,166.13883475228226,days,(inventory_net / cost_of_revenue) * 365,important
MU,2024,FY,annual,days_sales_outstanding,Days Sales Outstanding (DSO),derived,78.76767153836964,days,(accounts_receivable_net / revenue) * 365,optional
MU,2024,FY,annual,roe,Return on Equity,derived,0.017238705102922604,pure,net_income / total_stockholders_equity,important
MU,2024,FY,annual,roa,Return on Assets,derived,0.011207790711075256,pure,net_income / total_assets,optional
MU,2024,FY,annual,roic,Return on Invested Capital,derived,0.016639711628532835,pure,(operating_income * (1 - effective_tax_rate)) / (total_debt + total_stockholders_equity - cash_and_cash_equivalents),core
MU,2024,FY,annual,revenue_yoy_growth,Revenue YoY Growth %,derived,0.615894465894466,pure,(revenue - revenue_prior_year) / revenue_prior_year,core
MU,2024,FY,annual,eps_yoy_growth,Diluted EPS YoY Growth %,derived,-1.1310861423220975,pure,(eps_diluted - eps_diluted_prior_year) / eps_diluted_prior_year,important
MU,2024,FY,annual,diluted_share_count_change,YoY Diluted Share Count Change,derived,0.02287282708142735,pure,(weighted_avg_shares_diluted / weighted_avg_shares_diluted_prior_year) - 1,optional
MU,2024,FY,annual,deferred_revenue_total,Total Deferred Revenue,derived,766000000,USD,deferred_revenue_current + deferred_revenue_noncurrent,important
MU,2024,FY,annual,segment_revenue_mix_pct,Segment Revenue Mix %,derived,,pure,segment_revenue / revenue,important
MU,2025,Q1,quarterly,gross_profit_derived,Gross Profit (derived fallback),derived,3348000000,USD,revenue - cost_of_revenue,important
MU,2025,Q1,quarterly,gross_margin,Gross Margin %,derived,0.3844299001033414,pure,gross_profit / revenue,core
MU,2025,Q1,quarterly,operating_margin,Operating Margin %,derived,0.2496268228269606,pure,operating_income / revenue,core
MU,2025,Q1,quarterly,net_margin,Net Margin %,derived,0.21472040417958435,pure,net_income / revenue,core
MU,2025,Q1,quarterly,effective_tax_rate,Effective Tax Rate,derived,0.13150557620817843,pure,income_tax_expense / pretax_income,important
MU,2025,Q1,quarterly,rd_intensity,R&D Intensity (R&D / Revenue),derived,0.10196348604891492,pure,research_development_expense / revenue,core
MU,2025,Q1,quarterly,sbc_pct_revenue,Stock-Based Comp % of Revenue,derived,0.02526122402112757,pure,stock_based_compensation / revenue,important
MU,2025,Q1,quarterly,capex_intensity,Capex Intensity (Capex / Revenue),derived,0.368124928235159,pure,capital_expenditures / revenue,important
MU,2025,Q1,quarterly,free_cash_flow,Free Cash Flow (FCF),derived,38000000,USD,net_cash_from_operating_activities - capital_expenditures,core
MU,2025,Q1,quarterly,fcf_margin,FCF Margin %,derived,0.004363302330922035,pure,free_cash_flow / revenue,core
MU,2025,Q1,quarterly,net_working_capital,Net Working Capital,derived,15478000000,USD,total_current_assets - total_current_liabilities,important
MU,2025,Q1,quarterly,total_debt,Total Debt,derived,11839000000,USD,short_term_debt + long_term_debt,core
MU,2025,Q1,quarterly,net_debt,Net Debt (Net Cash),derived,5146000000,USD,total_debt - cash_and_cash_equivalents - short_term_investments,core
MU,2025,Q1,quarterly,tangible_book_value,Tangible Book Value,derived,45228000000,USD,total_stockholders_equity - goodwill - intangible_assets_net,optional
MU,2025,Q1,quarterly,book_value_per_share,Book Value Per Share,derived,,USD/shares,total_stockholders_equity / shares_outstanding,important
MU,2025,Q1,quarterly,inventory_days,Days Inventory Outstanding (DIO),derived,592.6739414288379,days,(inventory_net / cost_of_revenue) * 365,important
MU,2025,Q1,quarterly,days_sales_outstanding,Days Sales Outstanding (DSO),derived,261.9416695372603,days,(accounts_receivable_net / revenue) * 365,optional
MU,2025,Q1,quarterly,roe,Return on Equity,derived,0.039959826484603715,pure,net_income / total_stockholders_equity,important
MU,2025,Q1,quarterly,roa,Return on Assets,derived,0.026168119673668156,pure,net_income / total_assets,optional
MU,2025,Q1,quarterly,roic,Return on Invested Capital,derived,0.03634959238633541,pure,(operating_income * (1 - effective_tax_rate)) / (total_debt + total_stockholders_equity - cash_and_cash_equivalents),core
MU,2025,Q1,quarterly,revenue_yoy_growth,Revenue YoY Growth %,derived,0.8427845958527296,pure,(revenue - revenue_prior_year) / revenue_prior_year,core
MU,2025,Q1,quarterly,eps_yoy_growth,Diluted EPS YoY Growth %,derived,-2.4910714285714284,pure,(eps_diluted - eps_diluted_prior_year) / eps_diluted_prior_year,important
MU,2025,Q1,quarterly,diluted_share_count_change,YoY Diluted Share Count Change,derived,0.020000000000000018,pure,(weighted_avg_shares_diluted / weighted_avg_shares_diluted_prior_year) - 1,optional
MU,2025,Q1,quarterly,deferred_revenue_total,Total Deferred Revenue,derived,473000000,USD,deferred_revenue_current + deferred_revenue_noncurrent,important
MU,2025,Q1,quarterly,segment_revenue_mix_pct,Segment Revenue Mix %,derived,,pure,segment_revenue / revenue,important
MU,2025,Q2,quarterly,gross_profit_derived,Gross Profit (derived fallback),derived,2963000000,USD,revenue - cost_of_revenue,important
MU,2025,Q2,quarterly,gross_margin,Gross Margin %,derived,0.36793741462808893,pure,gross_profit / revenue,core
MU,2025,Q2,quarterly,operating_margin,Operating Margin %,derived,0.22016639761579535,pure,operating_income / revenue,core
MU,2025,Q2,quarterly,net_margin,Net Margin %,derived,0.19657270582391656,pure,net_income / revenue,core
MU,2025,Q2,quarterly,effective_tax_rate,Effective Tax Rate,derived,0.10068259385665529,pure,income_tax_expense / pretax_income,important
MU,2025,Q2,quarterly,rd_intensity,R&D Intensity (R&D / Revenue),derived,0.11151123804793245,pure,research_development_expense / revenue,core
MU,2025,Q2,quarterly,sbc_pct_revenue,Stock-Based Comp % of Revenue,derived,0.028933316776356636,pure,stock_based_compensation / revenue,important
MU,2025,Q2,quarterly,capex_intensity,Capex Intensity (Capex / Revenue),derived,,pure,capital_expenditures / revenue,important
MU,2025,Q2,quarterly,free_cash_flow,Free Cash Flow (FCF),derived,,USD,net_cash_from_operating_activities - capital_expenditures,core
MU,2025,Q2,quarterly,fcf_margin,FCF Margin %,derived,,pure,free_cash_flow / revenue,core
MU,2025,Q2,quarterly,net_working_capital,Net Working Capital,derived,16812000000,USD,total_current_assets - total_current_liabilities,important
MU,2025,Q2,quarterly,total_debt,Total Debt,derived,12045000000,USD,short_term_debt + long_term_debt,core
MU,2025,Q2,quarterly,net_debt,Net Debt (Net Cash),derived,4493000000,USD,total_debt - cash_and_cash_equivalents - short_term_investments,core
MU,2025,Q2,quarterly,tangible_book_value,Tangible Book Value,derived,47060000000,USD,total_stockholders_equity - goodwill - intangible_assets_net,optional
MU,2025,Q2,quarterly,book_value_per_share,Book Value Per Share,derived,,USD/shares,total_stockholders_equity / shares_outstanding,important
MU,2025,Q2,quarterly,inventory_days,Days Inventory Outstanding (DIO),derived,645.885068762279,days,(inventory_net / cost_of_revenue) * 365,important
MU,2025,Q2,quarterly,days_sales_outstanding,Days Sales Outstanding (DSO),derived,230.79349310815843,days,(accounts_receivable_net / revenue) * 365,optional
MU,2025,Q2,quarterly,roe,Return on Equity,derived,0.03254991466699566,pure,net_income / total_stockholders_equity,important
MU,2025,Q2,quarterly,roa,Return on Assets,derived,0.021669199074644437,pure,net_income / total_assets,optional
MU,2025,Q2,quarterly,roic,Return on Invested Capital,derived,0.03001335995731186,pure,(operating_income * (1 - effective_tax_rate)) / (total_debt + total_stockholders_equity - cash_and_cash_equivalents),core
MU,2025,Q2,quarterly,revenue_yoy_growth,Revenue YoY Growth %,derived,0.3827266483516483,pure,(revenue - revenue_prior_year) / revenue_prior_year,core
MU,2025,Q2,quarterly,eps_yoy_growth,Diluted EPS YoY Growth %,derived,0.9859154929577465,pure,(eps_diluted - eps_diluted_prior_year) / eps_diluted_prior_year,important
MU,2025,Q2,quarterly,diluted_share_count_change,YoY Diluted Share Count Change,derived,0.008078994614003632,pure,(weighted_avg_shares_diluted / weighted_avg_shares_diluted_prior_year) - 1,optional
MU,2025,Q2,quarterly,deferred_revenue_total,Total Deferred Revenue,derived,413000000,USD,deferred_revenue_current + deferred_revenue_noncurrent,important
MU,2025,Q2,quarterly,segment_revenue_mix_pct,Segment Revenue Mix %,derived,,pure,segment_revenue / revenue,important
MU,2025,Q3,quarterly,gross_profit_derived,Gross Profit (derived fallback),derived,3508000000,USD,revenue - cost_of_revenue,important
MU,2025,Q3,quarterly,gross_margin,Gross Margin %,derived,0.3771637458337813,pure,gross_profit / revenue,core
MU,2025,Q3,quarterly,operating_margin,Operating Margin %,derived,0.23320073110418235,pure,operating_income / revenue,core
MU,2025,Q3,quarterly,net_margin,Net Margin %,derived,0.2026663799591442,pure,net_income / revenue,core
MU,2025,Q3,quarterly,effective_tax_rate,Effective Tax Rate,derived,0.11121628017037388,pure,income_tax_expense / pretax_income,important
MU,2025,Q3,quarterly,rd_intensity,R&D Intensity (R&D / Revenue),derived,0.10375228470056982,pure,research_development_expense / revenue,core
MU,2025,Q3,quarterly,sbc_pct_revenue,Stock-Based Comp % of Revenue,derived,0.028276529405440277,pure,stock_based_compensation / revenue,important
MU,2025,Q3,quarterly,capex_intensity,Capex Intensity (Capex / Revenue),derived,,pure,capital_expenditures / revenue,important
MU,2025,Q3,quarterly,free_cash_flow,Free Cash Flow (FCF),derived,,USD,net_cash_from_operating_activities - capital_expenditures,core
MU,2025,Q3,quarterly,fcf_margin,FCF Margin %,derived,,pure,free_cash_flow / revenue,core
MU,2025,Q3,quarterly,net_working_capital,Net Working Capital,derived,17784000000,USD,total_current_assets - total_current_liabilities,important
MU,2025,Q3,quarterly,total_debt,Total Debt,derived,12972000000,USD,short_term_debt + long_term_debt,core
MU,2025,Q3,quarterly,net_debt,Net Debt (Net Cash),derived,2809000000,USD,total_debt - cash_and_cash_equivalents - short_term_investments,core
MU,2025,Q3,quarterly,tangible_book_value,Tangible Book Value,derived,49172000000,USD,total_stockholders_equity - goodwill - intangible_assets_net,optional
MU,2025,Q3,quarterly,book_value_per_share,Book Value Per Share,derived,,USD/shares,total_stockholders_equity / shares_outstanding,important
MU,2025,Q3,quarterly,inventory_days,Days Inventory Outstanding (DIO),derived,549.8627654065251,days,(inventory_net / cost_of_revenue) * 365,important
MU,2025,Q3,quarterly,days_sales_outstanding,Days Sales Outstanding (DSO),derived,215.5230620363402,days,(accounts_receivable_net / revenue) * 365,optional
MU,2025,Q3,quarterly,roe,Return on Equity,derived,0.037144320958461416,pure,net_income / total_stockholders_equity,important
MU,2025,Q3,quarterly,roa,Return on Assets,derived,0.024044287408956977,pure,net_income / total_assets,optional
MU,2025,Q3,quarterly,roic,Return on Invested Capital,derived,0.03599476983980542,pure,(operating_income * (1 - effective_tax_rate)) / (total_debt + total_stockholders_equity - cash_and_cash_equivalents),core
MU,2025,Q3,quarterly,revenue_yoy_growth,Revenue YoY Growth %,derived,0.3655850829540449,pure,(revenue - revenue_prior_year) / revenue_prior_year,core
MU,2025,Q3,quarterly,eps_yoy_growth,Diluted EPS YoY Growth %,derived,4.6,pure,(eps_diluted - eps_diluted_prior_year) / eps_diluted_prior_year,important
MU,2025,Q3,quarterly,diluted_share_count_change,YoY Diluted Share Count Change,derived,0.0017809439002671734,pure,(weighted_avg_shares_diluted / weighted_avg_shares_diluted_prior_year) - 1,optional
MU,2025,Q3,quarterly,deferred_revenue_total,Total Deferred Revenue,derived,3000000,USD,deferred_revenue_current + deferred_revenue_noncurrent,important
MU,2025,Q3,quarterly,segment_revenue_mix_pct,Segment Revenue Mix %,derived,,pure,segment_revenue / revenue,important
MU,2025,FY,annual,gross_profit_derived,Gross Profit (derived fallback),derived,14873000000,USD,revenue - cost_of_revenue,important
MU,2025,FY,annual,gross_margin,Gross Margin %,derived,0.39790786023864305,pure,gross_profit / revenue,core
MU,2025,FY,annual,operating_margin,Operating Margin %,derived,0.2613837016426775,pure,operating_income / revenue,core
MU,2025,FY,annual,net_margin,Net Margin %,derived,0.22844989030980792,pure,net_income / revenue,core
MU,2025,FY,annual,effective_tax_rate,Effective Tax Rate,derived,0.1164284234514191,pure,income_tax_expense / pretax_income,important
MU,2025,FY,annual,rd_intensity,R&D Intensity (R&D / Revenue),derived,0.10161057306436941,pure,research_development_expense / revenue,core
MU,2025,FY,annual,sbc_pct_revenue,Stock-Based Comp % of Revenue,derived,0.02600460163732677,pure,stock_based_compensation / revenue,important
MU,2025,FY,annual,capex_intensity,Capex Intensity (Capex / Revenue),derived,0.4242335063406282,pure,capital_expenditures / revenue,important
MU,2025,FY,annual,free_cash_flow,Free Cash Flow (FCF),derived,1668000000,USD,net_cash_from_operating_activities - capital_expenditures,core
MU,2025,FY,annual,fcf_margin,FCF Margin %,derived,0.04462518058751137,pure,free_cash_flow / revenue,core
MU,2025,FY,annual,net_working_capital,Net Working Capital,derived,17387000000,USD,total_current_assets - total_current_liabilities,important
MU,2025,FY,annual,total_debt,Total Debt,derived,12093000000,USD,short_term_debt + long_term_debt,core
MU,2025,FY,annual,net_debt,Net Debt (Net Cash),derived,2451000000,USD,total_debt - cash_and_cash_equivalents - short_term_investments,core
MU,2025,FY,annual,tangible_book_value,Tangible Book Value,derived,52562000000,USD,total_stockholders_equity - goodwill - intangible_assets_net,optional
MU,2025,FY,annual,book_value_per_share,Book Value Per Share,derived,,USD/shares,total_stockholders_equity / shares_outstanding,important
MU,2025,FY,annual,inventory_days,Days Inventory Outstanding (DIO),derived,135.5065540990891,days,(inventory_net / cost_of_revenue) * 365,important
MU,2025,FY,annual,days_sales_outstanding,Days Sales Outstanding (DSO),derived,69.94742896891219,days,(accounts_receivable_net / revenue) * 365,optional
MU,2025,FY,annual,roe,Return on Equity,derived,0.1576479276285424,pure,net_income / total_stockholders_equity,important
MU,2025,FY,annual,roa,Return on Assets,derived,0.1031305103988019,pure,net_income / total_assets,optional
MU,2025,FY,annual,roic,Return on Invested Capital,derived,0.1524744648664624,pure,(operating_income * (1 - effective_tax_rate)) / (total_debt + total_stockholders_equity - cash_and_cash_equivalents),core
MU,2025,FY,annual,revenue_yoy_growth,Revenue YoY Growth %,derived,0.48851101111066864,pure,(revenue - revenue_prior_year) / revenue_prior_year,core
MU,2025,FY,annual,eps_yoy_growth,Diluted EPS YoY Growth %,derived,9.842857142857143,pure,(eps_diluted - eps_diluted_prior_year) / eps_diluted_prior_year,important
MU,2025,FY,annual,diluted_share_count_change,YoY Diluted Share Count Change,derived,0.0062611806797854275,pure,(weighted_avg_shares_diluted / weighted_avg_shares_diluted_prior_year) - 1,optional
MU,2025,FY,annual,deferred_revenue_total,Total Deferred Revenue,derived,26000000,USD,deferred_revenue_current + deferred_revenue_noncurrent,important
MU,2025,FY,annual,segment_revenue_mix_pct,Segment Revenue Mix %,derived,,pure,segment_revenue / revenue,important
MU,2026,Q1,quarterly,gross_profit_derived,Gross Profit (derived fallback),derived,7646000000,USD,revenue - cost_of_revenue,important
MU,2026,Q1,quarterly,gross_margin,Gross Margin %,derived,0.5604339221578831,pure,gross_profit / revenue,core
MU,2026,Q1,quarterly,operating_margin,Operating Margin %,derived,0.4497544528329546,pure,operating_income / revenue,core
MU,2026,Q1,quarterly,net_margin,Net Margin %,derived,0.3840797478560434,pure,net_income / revenue,core
MU,2026,Q1,quarterly,effective_tax_rate,Effective Tax Rate,derived,0.13677610955287905,pure,income_tax_expense / pretax_income,important
MU,2026,Q1,quarterly,rd_intensity,R&D Intensity (R&D / Revenue),derived,0.08583156197317306,pure,research_development_expense / revenue,core
MU,2026,Q1,quarterly,sbc_pct_revenue,Stock-Based Comp % of Revenue,derived,0.021256321923330646,pure,stock_based_compensation / revenue,important
MU,2026,Q1,quarterly,capex_intensity,Capex Intensity (Capex / Revenue),derived,0.39500109946492706,pure,capital_expenditures / revenue,important
MU,2026,Q1,quarterly,free_cash_flow,Free Cash Flow (FCF),derived,3022000000,USD,net_cash_from_operating_activities - capital_expenditures,core
MU,2026,Q1,quarterly,fcf_margin,FCF Margin %,derived,0.22150553397346626,pure,free_cash_flow / revenue,core
MU,2026,Q1,quarterly,net_working_capital,Net Working Capital,derived,17605000000,USD,total_current_assets - total_current_liabilities,important
MU,2026,Q1,quarterly,total_debt,Total Debt,derived,9413000000,USD,short_term_debt + long_term_debt,core
MU,2026,Q1,quarterly,net_debt,Net Debt (Net Cash),derived,-318000000,USD,total_debt - cash_and_cash_equivalents - short_term_investments,core
MU,2026,Q1,quarterly,tangible_book_value,Tangible Book Value,derived,57191000000,USD,total_stockholders_equity - goodwill - intangible_assets_net,optional
MU,2026,Q1,quarterly,book_value_per_share,Book Value Per Share,derived,,USD/shares,total_stockholders_equity / shares_outstanding,important
MU,2026,Q1,quarterly,inventory_days,Days Inventory Outstanding (DIO),derived,499.38719359679845,days,(inventory_net / cost_of_revenue) * 365,important
MU,2026,Q1,quarterly,days_sales_outstanding,Days Sales Outstanding (DSO),derived,214.2699552884263,days,(accounts_receivable_net / revenue) * 365,optional
MU,2026,Q1,quarterly,roe,Return on Equity,derived,0.0891065537530184,pure,net_income / total_stockholders_equity,important
MU,2026,Q1,quarterly,roa,Return on Assets,derived,0.06095078573007177,pure,net_income / total_assets,optional
MU,2026,Q1,quarterly,roic,Return on Invested Capital,derived,0.09056117138188234,pure,(operating_income * (1 - effective_tax_rate)) / (total_debt + total_stockholders_equity - cash_and_cash_equivalents),core
MU,2026,Q1,quarterly,revenue_yoy_growth,Revenue YoY Growth %,derived,0.566540360546561,pure,(revenue - revenue_prior_year) / revenue_prior_year,core
MU,2026,Q1,quarterly,eps_yoy_growth,Diluted EPS YoY Growth %,derived,1.7544910179640718,pure,(eps_diluted - eps_diluted_prior_year) / eps_diluted_prior_year,important
MU,2026,Q1,quarterly,diluted_share_count_change,YoY Diluted Share Count Change,derived,0.01426024955436711,pure,(weighted_avg_shares_diluted / weighted_avg_shares_diluted_prior_year) - 1,optional
MU,2026,Q1,quarterly,deferred_revenue_total,Total Deferred Revenue,derived,0,USD,deferred_revenue_current + deferred_revenue_noncurrent,important
MU,2026,Q1,quarterly,segment_revenue_mix_pct,Segment Revenue Mix %,derived,,pure,segment_revenue / revenue,important
MU,2026,Q2,quarterly,gross_profit_derived,Gross Profit (derived fallback),derived,17755000000,USD,revenue - cost_of_revenue,important
MU,2026,Q2,quarterly,gross_margin,Gross Margin %,derived,0.7441324392288349,pure,gross_profit / revenue,core
MU,2026,Q2,quarterly,operating_margin,Operating Margin %,derived,0.6762363788767812,pure,operating_income / revenue,core
MU,2026,Q2,quarterly,net_margin,Net Margin %,derived,0.577745180217938,pure,net_income / revenue,core
MU,2026,Q2,quarterly,effective_tax_rate,Effective Tax Rate,derived,0.14672029702970296,pure,income_tax_expense / pretax_income,important
MU,2026,Q2,quarterly,rd_intensity,R&D Intensity (R&D / Revenue),derived,0.052388935456831515,pure,research_development_expense / revenue,core
MU,2026,Q2,quarterly,sbc_pct_revenue,Stock-Based Comp % of Revenue,derived,0.012447611064543168,pure,stock_based_compensation / revenue,important
MU,2026,Q2,quarterly,capex_intensity,Capex Intensity (Capex / Revenue),derived,,pure,capital_expenditures / revenue,important
MU,2026,Q2,quarterly,free_cash_flow,Free Cash Flow (FCF),derived,,USD,net_cash_from_operating_activities - capital_expenditures,core
MU,2026,Q2,quarterly,fcf_margin,FCF Margin %,derived,,pure,free_cash_flow / revenue,core
MU,2026,Q2,quarterly,net_working_capital,Net Working Capital,derived,27117000000,USD,total_current_assets - total_current_liabilities,important
MU,2026,Q2,quarterly,total_debt,Total Debt,derived,10142000000,USD,short_term_debt + long_term_debt,core
MU,2026,Q2,quarterly,net_debt,Net Debt (Net Cash),derived,-3766000000,USD,total_debt - cash_and_cash_equivalents - short_term_investments,core
MU,2026,Q2,quarterly,tangible_book_value,Tangible Book Value,derived,70841000000,USD,total_stockholders_equity - goodwill - intangible_assets_net,optional
MU,2026,Q2,quarterly,book_value_per_share,Book Value Per Share,derived,,USD/shares,total_stockholders_equity / shares_outstanding,important
MU,2026,Q2,quarterly,inventory_days,Days Inventory Outstanding (DIO),derived,494.25962325962325,days,(inventory_net / cost_of_revenue) * 365,important
MU,2026,Q2,quarterly,days_sales_outstanding,Days Sales Outstanding (DSO),derived,235.41429170159262,days,(accounts_receivable_net / revenue) * 365,optional
MU,2026,Q2,quarterly,roe,Return on Equity,derived,0.1902455181550946,pure,net_income / total_stockholders_equity,important
MU,2026,Q2,quarterly,roa,Return on Assets,derived,0.13580076643450334,pure,net_income / total_assets,optional
MU,2026,Q2,quarterly,roic,Return on Invested Capital,derived,0.20042315821736917,pure,(operating_income * (1 - effective_tax_rate)) / (total_debt + total_stockholders_equity - cash_and_cash_equivalents),core
MU,2026,Q2,quarterly,revenue_yoy_growth,Revenue YoY Growth %,derived,1.962870979759096,pure,(revenue - revenue_prior_year) / revenue_prior_year,core
MU,2026,Q2,quarterly,eps_yoy_growth,Diluted EPS YoY Growth %,derived,7.560283687943263,pure,(eps_diluted - eps_diluted_prior_year) / eps_diluted_prior_year,important
MU,2026,Q2,quarterly,diluted_share_count_change,YoY Diluted Share Count Change,derived,0.016918967052537814,pure,(weighted_avg_shares_diluted / weighted_avg_shares_diluted_prior_year) - 1,optional
MU,2026,Q2,quarterly,deferred_revenue_total,Total Deferred Revenue,derived,0,USD,deferred_revenue_current + deferred_revenue_noncurrent,important
MU,2026,Q2,quarterly,segment_revenue_mix_pct,Segment Revenue Mix %,derived,,pure,segment_revenue / revenue,important
SNDK,2023,FY,annual,gross_profit_derived,Gross Profit (derived fallback),derived,430000000,USD,revenue - cost_of_revenue,important
SNDK,2023,FY,annual,gross_margin,Gross Margin %,derived,0.07065395990798554,pure,gross_profit / revenue,core
SNDK,2023,FY,annual,operating_margin,Operating Margin %,derived,-0.33437397305290834,pure,operating_income / revenue,core
SNDK,2023,FY,annual,net_margin,Net Margin %,derived,-0.3521196187972396,pure,net_income / revenue,core
SNDK,2023,FY,annual,effective_tax_rate,Effective Tax Rate,derived,-0.07042957042957043,pure,income_tax_expense / pretax_income,important
SNDK,2023,FY,annual,rd_intensity,R&D Intensity (R&D / Revenue),derived,0.19175156095957938,pure,research_development_expense / revenue,core
SNDK,2023,FY,annual,sbc_pct_revenue,Stock-Based Comp % of Revenue,derived,0.027111403220506078,pure,stock_based_compensation / revenue,important
SNDK,2023,FY,annual,capex_intensity,Capex Intensity (Capex / Revenue),derived,0.035984226092671705,pure,capital_expenditures / revenue,important
SNDK,2023,FY,annual,free_cash_flow,Free Cash Flow (FCF),derived,-932000000,USD,net_cash_from_operating_activities - capital_expenditures,core
SNDK,2023,FY,annual,fcf_margin,FCF Margin %,derived,-0.15313835031219192,pure,free_cash_flow / revenue,core
SNDK,2023,FY,annual,net_working_capital,Net Working Capital,derived,,USD,total_current_assets - total_current_liabilities,important
SNDK,2023,FY,annual,total_debt,Total Debt,derived,,USD,short_term_debt + long_term_debt,core
SNDK,2023,FY,annual,net_debt,Net Debt (Net Cash),derived,,USD,total_debt - cash_and_cash_equivalents - short_term_investments,core
SNDK,2023,FY,annual,tangible_book_value,Tangible Book Value,derived,11439000000,USD,total_stockholders_equity - goodwill - intangible_assets_net,optional
SNDK,2023,FY,annual,book_value_per_share,Book Value Per Share,derived,,USD/shares,total_stockholders_equity / shares_outstanding,important
SNDK,2023,FY,annual,inventory_days,Days Inventory Outstanding (DIO),derived,,days,(inventory_net / cost_of_revenue) * 365,important
SNDK,2023,FY,annual,days_sales_outstanding,Days Sales Outstanding (DSO),derived,,days,(accounts_receivable_net / revenue) * 365,optional
SNDK,2023,FY,annual,roe,Return on Equity,derived,-0.18734155083486317,pure,net_income / total_stockholders_equity,important
SNDK,2023,FY,annual,roa,Return on Assets,derived,,pure,net_income / total_assets,optional
SNDK,2023,FY,annual,roic,Return on Invested Capital,derived,,pure,(operating_income * (1 - effective_tax_rate)) / (total_debt + total_stockholders_equity - cash_and_cash_equivalents),core
SNDK,2023,FY,annual,revenue_yoy_growth,Revenue YoY Growth %,derived,,pure,(revenue - revenue_prior_year) / revenue_prior_year,core
SNDK,2023,FY,annual,eps_yoy_growth,Diluted EPS YoY Growth %,derived,,pure,(eps_diluted - eps_diluted_prior_year) / eps_diluted_prior_year,important
SNDK,2023,FY,annual,diluted_share_count_change,YoY Diluted Share Count Change,derived,,pure,(weighted_avg_shares_diluted / weighted_avg_shares_diluted_prior_year) - 1,optional
SNDK,2023,FY,annual,deferred_revenue_total,Total Deferred Revenue,derived,0,USD,deferred_revenue_current + deferred_revenue_noncurrent,important
SNDK,2023,FY,annual,segment_revenue_mix_pct,Segment Revenue Mix %,derived,,pure,segment_revenue / revenue,important
SNDK,2024,Q2,quarterly,gross_profit_derived,Gross Profit (derived fallback),derived,161000000,USD,revenue - cost_of_revenue,important
SNDK,2024,Q2,quarterly,gross_margin,Gross Margin %,derived,0.0966966966966967,pure,gross_profit / revenue,core
SNDK,2024,Q2,quarterly,operating_margin,Operating Margin %,derived,-0.14714714714714713,pure,operating_income / revenue,core
SNDK,2024,Q2,quarterly,net_margin,Net Margin %,derived,-0.18078078078078078,pure,net_income / revenue,core
SNDK,2024,Q2,quarterly,effective_tax_rate,Effective Tax Rate,derived,-0.1576923076923077,pure,income_tax_expense / pretax_income,important
SNDK,2024,Q2,quarterly,rd_intensity,R&D Intensity (R&D / Revenue),derived,0.14774774774774774,pure,research_development_expense / revenue,core
SNDK,2024,Q2,quarterly,sbc_pct_revenue,Stock-Based Comp % of Revenue,derived,0.022222222222222223,pure,stock_based_compensation / revenue,important
SNDK,2024,Q2,quarterly,capex_intensity,Capex Intensity (Capex / Revenue),derived,,pure,capital_expenditures / revenue,important
SNDK,2024,Q2,quarterly,free_cash_flow,Free Cash Flow (FCF),derived,,USD,net_cash_from_operating_activities - capital_expenditures,core
SNDK,2024,Q2,quarterly,fcf_margin,FCF Margin %,derived,,pure,free_cash_flow / revenue,core
SNDK,2024,Q2,quarterly,net_working_capital,Net Working Capital,derived,,USD,total_current_assets - total_current_liabilities,important
SNDK,2024,Q2,quarterly,total_debt,Total Debt,derived,,USD,short_term_debt + long_term_debt,core
SNDK,2024,Q2,quarterly,net_debt,Net Debt (Net Cash),derived,,USD,total_debt - cash_and_cash_equivalents - short_term_investments,core
SNDK,2024,Q2,quarterly,tangible_book_value,Tangible Book Value,derived,10896000000,USD,total_stockholders_equity - goodwill - intangible_assets_net,optional
SNDK,2024,Q2,quarterly,book_value_per_share,Book Value Per Share,derived,,USD/shares,total_stockholders_equity / shares_outstanding,important
SNDK,2024,Q2,quarterly,inventory_days,Days Inventory Outstanding (DIO),derived,,days,(inventory_net / cost_of_revenue) * 365,important
SNDK,2024,Q2,quarterly,days_sales_outstanding,Days Sales Outstanding (DSO),derived,,days,(accounts_receivable_net / revenue) * 365,optional
SNDK,2024,Q2,quarterly,roe,Return on Equity,derived,-0.02762481644640235,pure,net_income / total_stockholders_equity,important
SNDK,2024,Q2,quarterly,roa,Return on Assets,derived,,pure,net_income / total_assets,optional
SNDK,2024,Q2,quarterly,roic,Return on Invested Capital,derived,,pure,(operating_income * (1 - effective_tax_rate)) / (total_debt + total_stockholders_equity - cash_and_cash_equivalents),core
SNDK,2024,Q2,quarterly,revenue_yoy_growth,Revenue YoY Growth %,derived,,pure,(revenue - revenue_prior_year) / revenue_prior_year,core
SNDK,2024,Q2,quarterly,eps_yoy_growth,Diluted EPS YoY Growth %,derived,,pure,(eps_diluted - eps_diluted_prior_year) / eps_diluted_prior_year,important
SNDK,2024,Q2,quarterly,diluted_share_count_change,YoY Diluted Share Count Change,derived,,pure,(weighted_avg_shares_diluted / weighted_avg_shares_diluted_prior_year) - 1,optional
SNDK,2024,Q2,quarterly,deferred_revenue_total,Total Deferred Revenue,derived,0,USD,deferred_revenue_current + deferred_revenue_noncurrent,important
SNDK,2024,Q2,quarterly,segment_revenue_mix_pct,Segment Revenue Mix %,derived,,pure,segment_revenue / revenue,important
SNDK,2024,Q3,quarterly,gross_profit_derived,Gross Profit (derived fallback),derived,463000000,USD,revenue - cost_of_revenue,important
SNDK,2024,Q3,quarterly,gross_margin,Gross Margin %,derived,0.2715542521994135,pure,gross_profit / revenue,core
SNDK,2024,Q3,quarterly,operating_margin,Operating Margin %,derived,0.03812316715542522,pure,operating_income / revenue,core
SNDK,2024,Q3,quarterly,net_margin,Net Margin %,derived,0.015835777126099706,pure,net_income / revenue,core
SNDK,2024,Q3,quarterly,effective_tax_rate,Effective Tax Rate,derived,0.5,pure,income_tax_expense / pretax_income,important
SNDK,2024,Q3,quarterly,rd_intensity,R&D Intensity (R&D / Revenue),derived,0.1624633431085044,pure,research_development_expense / revenue,core
SNDK,2024,Q3,quarterly,sbc_pct_revenue,Stock-Based Comp % of Revenue,derived,0.022287390029325515,pure,stock_based_compensation / revenue,important
SNDK,2024,Q3,quarterly,capex_intensity,Capex Intensity (Capex / Revenue),derived,,pure,capital_expenditures / revenue,important
SNDK,2024,Q3,quarterly,free_cash_flow,Free Cash Flow (FCF),derived,,USD,net_cash_from_operating_activities - capital_expenditures,core
SNDK,2024,Q3,quarterly,fcf_margin,FCF Margin %,derived,,pure,free_cash_flow / revenue,core
SNDK,2024,Q3,quarterly,net_working_capital,Net Working Capital,derived,,USD,total_current_assets - total_current_liabilities,important
SNDK,2024,Q3,quarterly,total_debt,Total Debt,derived,,USD,short_term_debt + long_term_debt,core
SNDK,2024,Q3,quarterly,net_debt,Net Debt (Net Cash),derived,,USD,total_debt - cash_and_cash_equivalents - short_term_investments,core
SNDK,2024,Q3,quarterly,tangible_book_value,Tangible Book Value,derived,10939000000,USD,total_stockholders_equity - goodwill - intangible_assets_net,optional
SNDK,2024,Q3,quarterly,book_value_per_share,Book Value Per Share,derived,,USD/shares,total_stockholders_equity / shares_outstanding,important
SNDK,2024,Q3,quarterly,inventory_days,Days Inventory Outstanding (DIO),derived,,days,(inventory_net / cost_of_revenue) * 365,important
SNDK,2024,Q3,quarterly,days_sales_outstanding,Days Sales Outstanding (DSO),derived,,days,(accounts_receivable_net / revenue) * 365,optional
SNDK,2024,Q3,quarterly,roe,Return on Equity,derived,0.002468232928055581,pure,net_income / total_stockholders_equity,important
SNDK,2024,Q3,quarterly,roa,Return on Assets,derived,,pure,net_income / total_assets,optional
SNDK,2024,Q3,quarterly,roic,Return on Invested Capital,derived,,pure,(operating_income * (1 - effective_tax_rate)) / (total_debt + total_stockholders_equity - cash_and_cash_equivalents),core
SNDK,2024,Q3,quarterly,revenue_yoy_growth,Revenue YoY Growth %,derived,,pure,(revenue - revenue_prior_year) / revenue_prior_year,core
SNDK,2024,Q3,quarterly,eps_yoy_growth,Diluted EPS YoY Growth %,derived,,pure,(eps_diluted - eps_diluted_prior_year) / eps_diluted_prior_year,important
SNDK,2024,Q3,quarterly,diluted_share_count_change,YoY Diluted Share Count Change,derived,,pure,(weighted_avg_shares_diluted / weighted_avg_shares_diluted_prior_year) - 1,optional
SNDK,2024,Q3,quarterly,deferred_revenue_total,Total Deferred Revenue,derived,0,USD,deferred_revenue_current + deferred_revenue_noncurrent,important
SNDK,2024,Q3,quarterly,segment_revenue_mix_pct,Segment Revenue Mix %,derived,,pure,segment_revenue / revenue,important
SNDK,2024,FY,annual,gross_profit_derived,Gross Profit (derived fallback),derived,1072000000,USD,revenue - cost_of_revenue,important
SNDK,2024,FY,annual,gross_margin,Gross Margin %,derived,0.16088848866876782,pure,gross_profit / revenue,core
SNDK,2024,FY,annual,operating_margin,Operating Margin %,derived,-0.07023863124718595,pure,operating_income / revenue,core
SNDK,2024,FY,annual,net_margin,Net Margin %,derived,-0.10085547050877983,pure,net_income / revenue,core
SNDK,2024,FY,annual,effective_tax_rate,Effective Tax Rate,derived,-0.3359840954274354,pure,income_tax_expense / pretax_income,important
SNDK,2024,FY,annual,rd_intensity,R&D Intensity (R&D / Revenue),derived,0.15923758066936816,pure,research_development_expense / revenue,core
SNDK,2024,FY,annual,sbc_pct_revenue,Stock-Based Comp % of Revenue,derived,0.022362299264595528,pure,stock_based_compensation / revenue,important
SNDK,2024,FY,annual,capex_intensity,Capex Intensity (Capex / Revenue),derived,0.024913702536395018,pure,capital_expenditures / revenue,important
SNDK,2024,FY,annual,free_cash_flow,Free Cash Flow (FCF),derived,-475000000,USD,net_cash_from_operating_activities - capital_expenditures,core
SNDK,2024,FY,annual,fcf_margin,FCF Margin %,derived,-0.07128920906498575,pure,free_cash_flow / revenue,core
SNDK,2024,FY,annual,net_working_capital,Net Working Capital,derived,1425000000,USD,total_current_assets - total_current_liabilities,important
SNDK,2024,FY,annual,total_debt,Total Debt,derived,0,USD,short_term_debt + long_term_debt,core
SNDK,2024,FY,annual,net_debt,Net Debt (Net Cash),derived,-328000000,USD,total_debt - cash_and_cash_equivalents - short_term_investments,core
SNDK,2024,FY,annual,tangible_book_value,Tangible Book Value,derived,3875000000,USD,total_stockholders_equity - goodwill - intangible_assets_net,optional
SNDK,2024,FY,annual,book_value_per_share,Book Value Per Share,derived,,USD/shares,total_stockholders_equity / shares_outstanding,important
SNDK,2024,FY,annual,inventory_days,Days Inventory Outstanding (DIO),derived,127.6292255410481,days,(inventory_net / cost_of_revenue) * 365,important
SNDK,2024,FY,annual,days_sales_outstanding,Days Sales Outstanding (DSO),derived,51.21942068137475,days,(accounts_receivable_net / revenue) * 365,optional
SNDK,2024,FY,annual,roe,Return on Equity,derived,-0.06063887384948565,pure,net_income / total_stockholders_equity,important
SNDK,2024,FY,annual,roa,Return on Assets,derived,-0.04975566414926699,pure,net_income / total_assets,optional
SNDK,2024,FY,annual,roic,Return on Invested Capital,derived,-0.05814027865538774,pure,(operating_income * (1 - effective_tax_rate)) / (total_debt + total_stockholders_equity - cash_and_cash_equivalents),core
SNDK,2024,FY,annual,revenue_yoy_growth,Revenue YoY Growth %,derived,0.09480775550443642,pure,(revenue - revenue_prior_year) / revenue_prior_year,core
SNDK,2024,FY,annual,eps_yoy_growth,Diluted EPS YoY Growth %,derived,-0.6867388362652233,pure,(eps_diluted - eps_diluted_prior_year) / eps_diluted_prior_year,important
SNDK,2024,FY,annual,diluted_share_count_change,YoY Diluted Share Count Change,derived,0.0,pure,(weighted_avg_shares_diluted / weighted_avg_shares_diluted_prior_year) - 1,optional
SNDK,2024,FY,annual,deferred_revenue_total,Total Deferred Revenue,derived,0,USD,deferred_revenue_current + deferred_revenue_noncurrent,important
SNDK,2024,FY,annual,segment_revenue_mix_pct,Segment Revenue Mix %,derived,,pure,segment_revenue / revenue,important
SNDK,2025,Q1,quarterly,gross_profit_derived,Gross Profit (derived fallback),derived,726000000,USD,revenue - cost_of_revenue,important
SNDK,2025,Q1,quarterly,gross_margin,Gross Margin %,derived,0.385554965480616,pure,gross_profit / revenue,core
SNDK,2025,Q1,quarterly,operating_margin,Operating Margin %,derived,0.15454062665958576,pure,operating_income / revenue,core
SNDK,2025,Q1,quarterly,net_margin,Net Margin %,derived,0.11205523101433883,pure,net_income / revenue,core
SNDK,2025,Q1,quarterly,effective_tax_rate,Effective Tax Rate,derived,0.20973782771535582,pure,income_tax_expense / pretax_income,important
SNDK,2025,Q1,quarterly,rd_intensity,R&D Intensity (R&D / Revenue),derived,0.15029208709506106,pure,research_development_expense / revenue,core
SNDK,2025,Q1,quarterly,sbc_pct_revenue,Stock-Based Comp % of Revenue,derived,0.02177376526818906,pure,stock_based_compensation / revenue,important
SNDK,2025,Q1,quarterly,capex_intensity,Capex Intensity (Capex / Revenue),derived,0.03558151885289432,pure,capital_expenditures / revenue,important
SNDK,2025,Q1,quarterly,free_cash_flow,Free Cash Flow (FCF),derived,-198000000,USD,net_cash_from_operating_activities - capital_expenditures,core
SNDK,2025,Q1,quarterly,fcf_margin,FCF Margin %,derived,-0.1051513542219862,pure,free_cash_flow / revenue,core
SNDK,2025,Q1,quarterly,net_working_capital,Net Working Capital,derived,,USD,total_current_assets - total_current_liabilities,important
SNDK,2025,Q1,quarterly,total_debt,Total Debt,derived,,USD,short_term_debt + long_term_debt,core
SNDK,2025,Q1,quarterly,net_debt,Net Debt (Net Cash),derived,,USD,total_debt - cash_and_cash_equivalents - short_term_investments,core
SNDK,2025,Q1,quarterly,tangible_book_value,Tangible Book Value,derived,12126000000,USD,total_stockholders_equity - goodwill - intangible_assets_net,optional
SNDK,2025,Q1,quarterly,book_value_per_share,Book Value Per Share,derived,,USD/shares,total_stockholders_equity / shares_outstanding,important
SNDK,2025,Q1,quarterly,inventory_days,Days Inventory Outstanding (DIO),derived,,days,(inventory_net / cost_of_revenue) * 365,important
SNDK,2025,Q1,quarterly,days_sales_outstanding,Days Sales Outstanding (DSO),derived,,days,(accounts_receivable_net / revenue) * 365,optional
SNDK,2025,Q1,quarterly,roe,Return on Equity,derived,0.01740062675243279,pure,net_income / total_stockholders_equity,important
SNDK,2025,Q1,quarterly,roa,Return on Assets,derived,,pure,net_income / total_assets,optional
SNDK,2025,Q1,quarterly,roic,Return on Invested Capital,derived,,pure,(operating_income * (1 - effective_tax_rate)) / (total_debt + total_stockholders_equity - cash_and_cash_equivalents),core
SNDK,2025,Q1,quarterly,revenue_yoy_growth,Revenue YoY Growth %,derived,,pure,(revenue - revenue_prior_year) / revenue_prior_year,core
SNDK,2025,Q1,quarterly,eps_yoy_growth,Diluted EPS YoY Growth %,derived,,pure,(eps_diluted - eps_diluted_prior_year) / eps_diluted_prior_year,important
SNDK,2025,Q1,quarterly,diluted_share_count_change,YoY Diluted Share Count Change,derived,,pure,(weighted_avg_shares_diluted / weighted_avg_shares_diluted_prior_year) - 1,optional
SNDK,2025,Q1,quarterly,deferred_revenue_total,Total Deferred Revenue,derived,0,USD,deferred_revenue_current + deferred_revenue_noncurrent,important
SNDK,2025,Q1,quarterly,segment_revenue_mix_pct,Segment Revenue Mix %,derived,,pure,segment_revenue / revenue,important
SNDK,2025,Q2,quarterly,gross_profit_derived,Gross Profit (derived fallback),derived,606000000,USD,revenue - cost_of_revenue,important
SNDK,2025,Q2,quarterly,gross_margin,Gross Margin %,derived,0.3230277185501066,pure,gross_profit / revenue,core
SNDK,2025,Q2,quarterly,operating_margin,Operating Margin %,derived,0.10394456289978678,pure,operating_income / revenue,core
SNDK,2025,Q2,quarterly,net_margin,Net Margin %,derived,0.05543710021321962,pure,net_income / revenue,core
SNDK,2025,Q2,quarterly,effective_tax_rate,Effective Tax Rate,derived,0.3988439306358382,pure,income_tax_expense / pretax_income,important
SNDK,2025,Q2,quarterly,rd_intensity,R&D Intensity (R&D / Revenue),derived,0.14872068230277186,pure,research_development_expense / revenue,core
SNDK,2025,Q2,quarterly,sbc_pct_revenue,Stock-Based Comp % of Revenue,derived,0.0255863539445629,pure,stock_based_compensation / revenue,important
SNDK,2025,Q2,quarterly,capex_intensity,Capex Intensity (Capex / Revenue),derived,,pure,capital_expenditures / revenue,important
SNDK,2025,Q2,quarterly,free_cash_flow,Free Cash Flow (FCF),derived,,USD,net_cash_from_operating_activities - capital_expenditures,core
SNDK,2025,Q2,quarterly,fcf_margin,FCF Margin %,derived,,pure,free_cash_flow / revenue,core
SNDK,2025,Q2,quarterly,net_working_capital,Net Working Capital,derived,2583000000,USD,total_current_assets - total_current_liabilities,important
SNDK,2025,Q2,quarterly,total_debt,Total Debt,derived,,USD,short_term_debt + long_term_debt,core
SNDK,2025,Q2,quarterly,net_debt,Net Debt (Net Cash),derived,,USD,total_debt - cash_and_cash_equivalents - short_term_investments,core
SNDK,2025,Q2,quarterly,tangible_book_value,Tangible Book Value,derived,5176000000,USD,total_stockholders_equity - goodwill - intangible_assets_net,optional
SNDK,2025,Q2,quarterly,book_value_per_share,Book Value Per Share,derived,,USD/shares,total_stockholders_equity / shares_outstanding,important
SNDK,2025,Q2,quarterly,inventory_days,Days Inventory Outstanding (DIO),derived,624.2362204724409,days,(inventory_net / cost_of_revenue) * 365,important
SNDK,2025,Q2,quarterly,days_sales_outstanding,Days Sales Outstanding (DSO),derived,175.88486140724947,days,(accounts_receivable_net / revenue) * 365,optional
SNDK,2025,Q2,quarterly,roe,Return on Equity,derived,0.008665944504624615,pure,net_income / total_stockholders_equity,important
SNDK,2025,Q2,quarterly,roa,Return on Assets,derived,0.007306449346634818,pure,net_income / total_assets,optional
SNDK,2025,Q2,quarterly,roic,Return on Invested Capital,derived,,pure,(operating_income * (1 - effective_tax_rate)) / (total_debt + total_stockholders_equity - cash_and_cash_equivalents),core
SNDK,2025,Q2,quarterly,revenue_yoy_growth,Revenue YoY Growth %,derived,0.12672672672672672,pure,(revenue - revenue_prior_year) / revenue_prior_year,core
SNDK,2025,Q2,quarterly,eps_yoy_growth,Diluted EPS YoY Growth %,derived,,pure,(eps_diluted - eps_diluted_prior_year) / eps_diluted_prior_year,important
SNDK,2025,Q2,quarterly,diluted_share_count_change,YoY Diluted Share Count Change,derived,,pure,(weighted_avg_shares_diluted / weighted_avg_shares_diluted_prior_year) - 1,optional
SNDK,2025,Q2,quarterly,deferred_revenue_total,Total Deferred Revenue,derived,0,USD,deferred_revenue_current + deferred_revenue_noncurrent,important
SNDK,2025,Q2,quarterly,segment_revenue_mix_pct,Segment Revenue Mix %,derived,,pure,segment_revenue / revenue,important
SNDK,2025,Q3,quarterly,gross_profit_derived,Gross Profit (derived fallback),derived,382000000,USD,revenue - cost_of_revenue,important
SNDK,2025,Q3,quarterly,gross_margin,Gross Margin %,derived,0.22536873156342183,pure,gross_profit / revenue,core
SNDK,2025,Q3,quarterly,operating_margin,Operating Margin %,derived,-1.1097345132743364,pure,operating_income / revenue,core
SNDK,2025,Q3,quarterly,net_margin,Net Margin %,derived,-1.1404129793510325,pure,net_income / revenue,core
SNDK,2025,Q3,quarterly,effective_tax_rate,Effective Tax Rate,derived,-0.016833245660178853,pure,income_tax_expense / pretax_income,important
SNDK,2025,Q3,quarterly,rd_intensity,R&D Intensity (R&D / Revenue),derived,0.168141592920354,pure,research_development_expense / revenue,core
SNDK,2025,Q3,quarterly,sbc_pct_revenue,Stock-Based Comp % of Revenue,derived,0.025958702064896755,pure,stock_based_compensation / revenue,important
SNDK,2025,Q3,quarterly,capex_intensity,Capex Intensity (Capex / Revenue),derived,,pure,capital_expenditures / revenue,important
SNDK,2025,Q3,quarterly,free_cash_flow,Free Cash Flow (FCF),derived,,USD,net_cash_from_operating_activities - capital_expenditures,core
SNDK,2025,Q3,quarterly,fcf_margin,FCF Margin %,derived,,pure,free_cash_flow / revenue,core
SNDK,2025,Q3,quarterly,net_working_capital,Net Working Capital,derived,3715000000,USD,total_current_assets - total_current_liabilities,important
SNDK,2025,Q3,quarterly,total_debt,Total Debt,derived,1947000000,USD,short_term_debt + long_term_debt,core
SNDK,2025,Q3,quarterly,net_debt,Net Debt (Net Cash),derived,440000000,USD,total_debt - cash_and_cash_equivalents - short_term_investments,core
SNDK,2025,Q3,quarterly,tangible_book_value,Tangible Book Value,derived,4164000000,USD,total_stockholders_equity - goodwill - intangible_assets_net,optional
SNDK,2025,Q3,quarterly,book_value_per_share,Book Value Per Share,derived,,USD/shares,total_stockholders_equity / shares_outstanding,important
SNDK,2025,Q3,quarterly,inventory_days,Days Inventory Outstanding (DIO),derived,600.4569687738004,days,(inventory_net / cost_of_revenue) * 365,important
SNDK,2025,Q3,quarterly,days_sales_outstanding,Days Sales Outstanding (DSO),derived,210.81710914454274,days,(accounts_receivable_net / revenue) * 365,optional
SNDK,2025,Q3,quarterly,roe,Return on Equity,derived,-0.21100316559327584,pure,net_income / total_stockholders_equity,important
SNDK,2025,Q3,quarterly,roa,Return on Assets,derived,-0.14915123456790125,pure,net_income / total_assets,optional
SNDK,2025,Q3,quarterly,roic,Return on Invested Capital,derived,-0.1992150125077384,pure,(operating_income * (1 - effective_tax_rate)) / (total_debt + total_stockholders_equity - cash_and_cash_equivalents),core
SNDK,2025,Q3,quarterly,revenue_yoy_growth,Revenue YoY Growth %,derived,-0.005865102639296188,pure,(revenue - revenue_prior_year) / revenue_prior_year,core
SNDK,2025,Q3,quarterly,eps_yoy_growth,Diluted EPS YoY Growth %,derived,-71.1578947368421,pure,(eps_diluted - eps_diluted_prior_year) / eps_diluted_prior_year,important
SNDK,2025,Q3,quarterly,diluted_share_count_change,YoY Diluted Share Count Change,derived,0.0,pure,(weighted_avg_shares_diluted / weighted_avg_shares_diluted_prior_year) - 1,optional
SNDK,2025,Q3,quarterly,deferred_revenue_total,Total Deferred Revenue,derived,0,USD,deferred_revenue_current + deferred_revenue_noncurrent,important
SNDK,2025,Q3,quarterly,segment_revenue_mix_pct,Segment Revenue Mix %,derived,,pure,segment_revenue / revenue,important
SNDK,2025,FY,annual,gross_profit_derived,Gross Profit (derived fallback),derived,2212000000,USD,revenue - cost_of_revenue,important
SNDK,2025,FY,annual,gross_margin,Gross Margin %,derived,0.3007477906186268,pure,gross_profit / revenue,core
SNDK,2025,FY,annual,operating_margin,Operating Margin %,derived,-0.18721957851801496,pure,operating_income / revenue,core
SNDK,2025,FY,annual,net_margin,Net Margin %,derived,-0.22311352821210062,pure,net_income / revenue,core
SNDK,2025,FY,annual,effective_tax_rate,Effective Tax Rate,derived,-0.10953346855983773,pure,income_tax_expense / pretax_income,important
SNDK,2025,FY,annual,rd_intensity,R&D Intensity (R&D / Revenue),derived,0.1539089055064582,pure,research_development_expense / revenue,core
SNDK,2025,FY,annual,sbc_pct_revenue,Stock-Based Comp % of Revenue,derived,0.024745071380013597,pure,stock_based_compensation / revenue,important
SNDK,2025,FY,annual,capex_intensity,Capex Intensity (Capex / Revenue),derived,0.027736233854520734,pure,capital_expenditures / revenue,important
SNDK,2025,FY,annual,free_cash_flow,Free Cash Flow (FCF),derived,-120000000,USD,net_cash_from_operating_activities - capital_expenditures,core
SNDK,2025,FY,annual,fcf_margin,FCF Margin %,derived,-0.016315431679129844,pure,free_cash_flow / revenue,core
SNDK,2025,FY,annual,net_working_capital,Net Working Capital,derived,3659000000,USD,total_current_assets - total_current_liabilities,important
SNDK,2025,FY,annual,total_debt,Total Debt,derived,1849000000,USD,short_term_debt + long_term_debt,core
SNDK,2025,FY,annual,net_debt,Net Debt (Net Cash),derived,368000000,USD,total_debt - cash_and_cash_equivalents - short_term_investments,core
SNDK,2025,FY,annual,tangible_book_value,Tangible Book Value,derived,4217000000,USD,total_stockholders_equity - goodwill - intangible_assets_net,optional
SNDK,2025,FY,annual,book_value_per_share,Book Value Per Share,derived,,USD/shares,total_stockholders_equity / shares_outstanding,important
SNDK,2025,FY,annual,inventory_days,Days Inventory Outstanding (DIO),derived,147.5471514680148,days,(inventory_net / cost_of_revenue) * 365,important
SNDK,2025,FY,annual,days_sales_outstanding,Days Sales Outstanding (DSO),derived,53.0006798096533,days,(accounts_receivable_net / revenue) * 365,optional
SNDK,2025,FY,annual,roe,Return on Equity,derived,-0.17805989583333334,pure,net_income / total_stockholders_equity,important
SNDK,2025,FY,annual,roa,Return on Assets,derived,-0.12637658837119753,pure,net_income / total_assets,optional
SNDK,2025,FY,annual,roic,Return on Invested Capital,derived,-0.1594143975591503,pure,(operating_income * (1 - effective_tax_rate)) / (total_debt + total_stockholders_equity - cash_and_cash_equivalents),core
SNDK,2025,FY,annual,revenue_yoy_growth,Revenue YoY Growth %,derived,0.10385712141677923,pure,(revenue - revenue_prior_year) / revenue_prior_year,core
SNDK,2025,FY,annual,eps_yoy_growth,Diluted EPS YoY Growth %,derived,1.4449244060475164,pure,(eps_diluted - eps_diluted_prior_year) / eps_diluted_prior_year,important
SNDK,2025,FY,annual,diluted_share_count_change,YoY Diluted Share Count Change,derived,0.0,pure,(weighted_avg_shares_diluted / weighted_avg_shares_diluted_prior_year) - 1,optional
SNDK,2025,FY,annual,deferred_revenue_total,Total Deferred Revenue,derived,25000000,USD,deferred_revenue_current + deferred_revenue_noncurrent,important
SNDK,2025,FY,annual,segment_revenue_mix_pct,Segment Revenue Mix %,derived,,pure,segment_revenue / revenue,important
SNDK,2026,Q1,quarterly,gross_profit_derived,Gross Profit (derived fallback),derived,687000000,USD,revenue - cost_of_revenue,important
SNDK,2026,Q1,quarterly,gross_margin,Gross Margin %,derived,0.29766031195840553,pure,gross_profit / revenue,core
SNDK,2026,Q1,quarterly,operating_margin,Operating Margin %,derived,0.07625649913344887,pure,operating_income / revenue,core
SNDK,2026,Q1,quarterly,net_margin,Net Margin %,derived,0.04852686308492201,pure,net_income / revenue,core
SNDK,2026,Q1,quarterly,effective_tax_rate,Effective Tax Rate,derived,0.0967741935483871,pure,income_tax_expense / pretax_income,important
SNDK,2026,Q1,quarterly,rd_intensity,R&D Intensity (R&D / Revenue),derived,0.1369150779896014,pure,research_development_expense / revenue,core
SNDK,2026,Q1,quarterly,sbc_pct_revenue,Stock-Based Comp % of Revenue,derived,0.02296360485268631,pure,stock_based_compensation / revenue,important
SNDK,2026,Q1,quarterly,capex_intensity,Capex Intensity (Capex / Revenue),derived,0.021663778162911613,pure,capital_expenditures / revenue,important
SNDK,2026,Q1,quarterly,free_cash_flow,Free Cash Flow (FCF),derived,438000000,USD,net_cash_from_operating_activities - capital_expenditures,core
SNDK,2026,Q1,quarterly,fcf_margin,FCF Margin %,derived,0.18977469670710573,pure,free_cash_flow / revenue,core
SNDK,2026,Q1,quarterly,net_working_capital,Net Working Capital,derived,3468000000,USD,total_current_assets - total_current_liabilities,important
SNDK,2026,Q1,quarterly,total_debt,Total Debt,derived,1351000000,USD,short_term_debt + long_term_debt,core
SNDK,2026,Q1,quarterly,net_debt,Net Debt (Net Cash),derived,-91000000,USD,total_debt - cash_and_cash_equivalents - short_term_investments,core
SNDK,2026,Q1,quarterly,tangible_book_value,Tangible Book Value,derived,4383000000,USD,total_stockholders_equity - goodwill - intangible_assets_net,optional
SNDK,2026,Q1,quarterly,book_value_per_share,Book Value Per Share,derived,,USD/shares,total_stockholders_equity / shares_outstanding,important
SNDK,2026,Q1,quarterly,inventory_days,Days Inventory Outstanding (DIO),derived,429.3985194324491,days,(inventory_net / cost_of_revenue) * 365,important
SNDK,2026,Q1,quarterly,days_sales_outstanding,Days Sales Outstanding (DSO),derived,188.66767764298092,days,(accounts_receivable_net / revenue) * 365,optional
SNDK,2026,Q1,quarterly,roe,Return on Equity,derived,0.011939025690224923,pure,net_income / total_stockholders_equity,important
SNDK,2026,Q1,quarterly,roa,Return on Assets,derived,0.008785002745313358,pure,net_income / total_assets,optional
SNDK,2026,Q1,quarterly,roic,Return on Invested Capital,derived,0.017111705267544013,pure,(operating_income * (1 - effective_tax_rate)) / (total_debt + total_stockholders_equity - cash_and_cash_equivalents),core
SNDK,2026,Q1,quarterly,revenue_yoy_growth,Revenue YoY Growth %,derived,0.2257036643653744,pure,(revenue - revenue_prior_year) / revenue_prior_year,core
SNDK,2026,Q1,quarterly,eps_yoy_growth,Diluted EPS YoY Growth %,derived,-0.4863013698630137,pure,(eps_diluted - eps_diluted_prior_year) / eps_diluted_prior_year,important
SNDK,2026,Q1,quarterly,diluted_share_count_change,YoY Diluted Share Count Change,derived,0.02758620689655178,pure,(weighted_avg_shares_diluted / weighted_avg_shares_diluted_prior_year) - 1,optional
SNDK,2026,Q1,quarterly,deferred_revenue_total,Total Deferred Revenue,derived,0,USD,deferred_revenue_current + deferred_revenue_noncurrent,important
SNDK,2026,Q1,quarterly,segment_revenue_mix_pct,Segment Revenue Mix %,derived,,pure,segment_revenue / revenue,important
SNDK,2026,Q2,quarterly,gross_profit_derived,Gross Profit (derived fallback),derived,1541000000,USD,revenue - cost_of_revenue,important
SNDK,2026,Q2,quarterly,gross_margin,Gross Margin %,derived,0.5094214876033057,pure,gross_profit / revenue,core
SNDK,2026,Q2,quarterly,operating_margin,Operating Margin %,derived,0.35206611570247937,pure,operating_income / revenue,core
SNDK,2026,Q2,quarterly,net_margin,Net Margin %,derived,0.26545454545454544,pure,net_income / revenue,core
SNDK,2026,Q2,quarterly,effective_tax_rate,Effective Tax Rate,derived,0.14300960512273211,pure,income_tax_expense / pretax_income,important
SNDK,2026,Q2,quarterly,rd_intensity,R&D Intensity (R&D / Revenue),derived,0.10809917355371901,pure,research_development_expense / revenue,core
SNDK,2026,Q2,quarterly,sbc_pct_revenue,Stock-Based Comp % of Revenue,derived,0.019173553719008266,pure,stock_based_compensation / revenue,important
SNDK,2026,Q2,quarterly,capex_intensity,Capex Intensity (Capex / Revenue),derived,,pure,capital_expenditures / revenue,important
SNDK,2026,Q2,quarterly,free_cash_flow,Free Cash Flow (FCF),derived,,USD,net_cash_from_operating_activities - capital_expenditures,core
SNDK,2026,Q2,quarterly,fcf_margin,FCF Margin %,derived,,pure,free_cash_flow / revenue,core
SNDK,2026,Q2,quarterly,net_working_capital,Net Working Capital,derived,3496000000,USD,total_current_assets - total_current_liabilities,important
SNDK,2026,Q2,quarterly,total_debt,Total Debt,derived,603000000,USD,short_term_debt + long_term_debt,core
SNDK,2026,Q2,quarterly,net_debt,Net Debt (Net Cash),derived,-936000000,USD,total_debt - cash_and_cash_equivalents - short_term_investments,core
SNDK,2026,Q2,quarterly,tangible_book_value,Tangible Book Value,derived,5218000000,USD,total_stockholders_equity - goodwill - intangible_assets_net,optional
SNDK,2026,Q2,quarterly,book_value_per_share,Book Value Per Share,derived,,USD/shares,total_stockholders_equity / shares_outstanding,important
SNDK,2026,Q2,quarterly,inventory_days,Days Inventory Outstanding (DIO),derived,484.5350404312669,days,(inventory_net / cost_of_revenue) * 365,important
SNDK,2026,Q2,quarterly,days_sales_outstanding,Days Sales Outstanding (DSO),derived,149.499173553719,days,(accounts_receivable_net / revenue) * 365,optional
SNDK,2026,Q2,quarterly,roe,Return on Equity,derived,0.07862528150396553,pure,net_income / total_stockholders_equity,important
SNDK,2026,Q2,quarterly,roa,Return on Assets,derived,0.06177873519002924,pure,net_income / total_assets,optional
SNDK,2026,Q2,quarterly,roic,Return on Invested Capital,derived,0.09838253428309694,pure,(operating_income * (1 - effective_tax_rate)) / (total_debt + total_stockholders_equity - cash_and_cash_equivalents),core
SNDK,2026,Q2,quarterly,revenue_yoy_growth,Revenue YoY Growth %,derived,0.6124733475479744,pure,(revenue - revenue_prior_year) / revenue_prior_year,core
SNDK,2026,Q2,quarterly,eps_yoy_growth,Diluted EPS YoY Growth %,derived,6.152777777777779,pure,(eps_diluted - eps_diluted_prior_year) / eps_diluted_prior_year,important
SNDK,2026,Q2,quarterly,diluted_share_count_change,YoY Diluted Share Count Change,derived,0.07586206896551717,pure,(weighted_avg_shares_diluted / weighted_avg_shares_diluted_prior_year) - 1,optional
SNDK,2026,Q2,quarterly,deferred_revenue_total,Total Deferred Revenue,derived,0,USD,deferred_revenue_current + deferred_revenue_noncurrent,important
SNDK,2026,Q2,quarterly,segment_revenue_mix_pct,Segment Revenue Mix %,derived,,pure,segment_revenue / revenue,important
SNDK,2026,Q3,quarterly,gross_profit_derived,Gross Profit (derived fallback),derived,4662000000,USD,revenue - cost_of_revenue,important
SNDK,2026,Q3,quarterly,gross_margin,Gross Margin %,derived,0.7835294117647059,pure,gross_profit / revenue,core
SNDK,2026,Q3,quarterly,operating_margin,Operating Margin %,derived,0.6909243697478992,pure,operating_income / revenue,core
SNDK,2026,Q3,quarterly,net_margin,Net Margin %,derived,0.607563025210084,pure,net_income / revenue,core
SNDK,2026,Q3,quarterly,effective_tax_rate,Effective Tax Rate,derived,0.1197954711468225,pure,income_tax_expense / pretax_income,important
SNDK,2026,Q3,quarterly,rd_intensity,R&D Intensity (R&D / Revenue),derived,0.05663865546218488,pure,research_development_expense / revenue,core
SNDK,2026,Q3,quarterly,sbc_pct_revenue,Stock-Based Comp % of Revenue,derived,0.00907563025210084,pure,stock_based_compensation / revenue,important
SNDK,2026,Q3,quarterly,capex_intensity,Capex Intensity (Capex / Revenue),derived,,pure,capital_expenditures / revenue,important
SNDK,2026,Q3,quarterly,free_cash_flow,Free Cash Flow (FCF),derived,,USD,net_cash_from_operating_activities - capital_expenditures,core
SNDK,2026,Q3,quarterly,fcf_margin,FCF Margin %,derived,,pure,free_cash_flow / revenue,core
SNDK,2026,Q3,quarterly,net_working_capital,Net Working Capital,derived,7251000000,USD,total_current_assets - total_current_liabilities,important
SNDK,2026,Q3,quarterly,total_debt,Total Debt,derived,0,USD,short_term_debt + long_term_debt,core
SNDK,2026,Q3,quarterly,net_debt,Net Debt (Net Cash),derived,-3735000000,USD,total_debt - cash_and_cash_equivalents - short_term_investments,core
SNDK,2026,Q3,quarterly,tangible_book_value,Tangible Book Value,derived,8783000000,USD,total_stockholders_equity - goodwill - intangible_assets_net,optional
SNDK,2026,Q3,quarterly,book_value_per_share,Book Value Per Share,derived,,USD/shares,total_stockholders_equity / shares_outstanding,important
SNDK,2026,Q3,quarterly,inventory_days,Days Inventory Outstanding (DIO),derived,634.2158385093168,days,(inventory_net / cost_of_revenue) * 365,important
SNDK,2026,Q3,quarterly,days_sales_outstanding,Days Sales Outstanding (DSO),derived,167.22521008403362,days,(accounts_receivable_net / revenue) * 365,optional
SNDK,2026,Q3,quarterly,roe,Return on Equity,derived,0.2623938448138201,pure,net_income / total_stockholders_equity,important
SNDK,2026,Q3,quarterly,roa,Return on Assets,derived,0.21171303074670572,pure,net_income / total_assets,optional
SNDK,2026,Q3,quarterly,roic,Return on Invested Capital,derived,0.36033865944188537,pure,(operating_income * (1 - effective_tax_rate)) / (total_debt + total_stockholders_equity - cash_and_cash_equivalents),core
SNDK,2026,Q3,quarterly,revenue_yoy_growth,Revenue YoY Growth %,derived,2.510324483775811,pure,(revenue - revenue_prior_year) / revenue_prior_year,core
SNDK,2026,Q3,quarterly,eps_yoy_growth,Diluted EPS YoY Growth %,derived,-2.72768192048012,pure,(eps_diluted - eps_diluted_prior_year) / eps_diluted_prior_year,important
SNDK,2026,Q3,quarterly,diluted_share_count_change,YoY Diluted Share Count Change,derived,0.08275862068965512,pure,(weighted_avg_shares_diluted / weighted_avg_shares_diluted_prior_year) - 1,optional
SNDK,2026,Q3,quarterly,deferred_revenue_total,Total Deferred Revenue,derived,511000000,USD,deferred_revenue_current + deferred_revenue_noncurrent,important
SNDK,2026,Q3,quarterly,segment_revenue_mix_pct,Segment Revenue Mix %,derived,,pure,segment_revenue / revenue,important
SNDK,2024,Q1,quarterly,gross_profit_derived,Gross Profit (derived fallback),derived,,USD,revenue - cost_of_revenue,important
SNDK,2024,Q1,quarterly,gross_margin,Gross Margin %,derived,,pure,gross_profit / revenue,core
SNDK,2024,Q1,quarterly,operating_margin,Operating Margin %,derived,,pure,operating_income / revenue,core
SNDK,2024,Q1,quarterly,net_margin,Net Margin %,derived,,pure,net_income / revenue,core
SNDK,2024,Q1,quarterly,effective_tax_rate,Effective Tax Rate,derived,,pure,income_tax_expense / pretax_income,important
SNDK,2024,Q1,quarterly,rd_intensity,R&D Intensity (R&D / Revenue),derived,,pure,research_development_expense / revenue,core
SNDK,2024,Q1,quarterly,sbc_pct_revenue,Stock-Based Comp % of Revenue,derived,,pure,stock_based_compensation / revenue,important
SNDK,2024,Q1,quarterly,capex_intensity,Capex Intensity (Capex / Revenue),derived,,pure,capital_expenditures / revenue,important
SNDK,2024,Q1,quarterly,free_cash_flow,Free Cash Flow (FCF),derived,,USD,net_cash_from_operating_activities - capital_expenditures,core
SNDK,2024,Q1,quarterly,fcf_margin,FCF Margin %,derived,,pure,free_cash_flow / revenue,core
SNDK,2024,Q1,quarterly,net_working_capital,Net Working Capital,derived,,USD,total_current_assets - total_current_liabilities,important
SNDK,2024,Q1,quarterly,total_debt,Total Debt,derived,,USD,short_term_debt + long_term_debt,core
SNDK,2024,Q1,quarterly,net_debt,Net Debt (Net Cash),derived,,USD,total_debt - cash_and_cash_equivalents - short_term_investments,core
SNDK,2024,Q1,quarterly,tangible_book_value,Tangible Book Value,derived,10925000000,USD,total_stockholders_equity - goodwill - intangible_assets_net,optional
SNDK,2024,Q1,quarterly,book_value_per_share,Book Value Per Share,derived,,USD/shares,total_stockholders_equity / shares_outstanding,important
SNDK,2024,Q1,quarterly,inventory_days,Days Inventory Outstanding (DIO),derived,,days,(inventory_net / cost_of_revenue) * 365,important
SNDK,2024,Q1,quarterly,days_sales_outstanding,Days Sales Outstanding (DSO),derived,,days,(accounts_receivable_net / revenue) * 365,optional
SNDK,2024,Q1,quarterly,roe,Return on Equity,derived,-0.04741418764302059,pure,net_income / total_stockholders_equity,important
SNDK,2024,Q1,quarterly,roa,Return on Assets,derived,,pure,net_income / total_assets,optional
SNDK,2024,Q1,quarterly,roic,Return on Invested Capital,derived,,pure,(operating_income * (1 - effective_tax_rate)) / (total_debt + total_stockholders_equity - cash_and_cash_equivalents),core
SNDK,2024,Q1,quarterly,revenue_yoy_growth,Revenue YoY Growth %,derived,,pure,(revenue - revenue_prior_year) / revenue_prior_year,core
SNDK,2024,Q1,quarterly,eps_yoy_growth,Diluted EPS YoY Growth %,derived,,pure,(eps_diluted - eps_diluted_prior_year) / eps_diluted_prior_year,important
SNDK,2024,Q1,quarterly,diluted_share_count_change,YoY Diluted Share Count Change,derived,,pure,(weighted_avg_shares_diluted / weighted_avg_shares_diluted_prior_year) - 1,optional
SNDK,2024,Q1,quarterly,deferred_revenue_total,Total Deferred Revenue,derived,0,USD,deferred_revenue_current + deferred_revenue_noncurrent,important
SNDK,2024,Q1,quarterly,segment_revenue_mix_pct,Segment Revenue Mix %,derived,,pure,segment_revenue / revenue,important
AVGO,2023,Q1,quarterly,gross_profit_derived,Gross Profit (derived fallback),derived,6004000000,USD,revenue - cost_of_revenue,important
AVGO,2023,Q1,quarterly,gross_margin,Gross Margin %,derived,0.6734716769489624,pure,gross_profit / revenue,core
AVGO,2023,Q1,quarterly,operating_margin,Operating Margin %,derived,0.4602355580482333,pure,operating_income / revenue,core
AVGO,2023,Q1,quarterly,net_margin,Net Margin %,derived,0.423331463825014,pure,net_income / revenue,core
AVGO,2023,Q1,quarterly,effective_tax_rate,Effective Tax Rate,derived,0.0171875,pure,income_tax_expense / pretax_income,important
AVGO,2023,Q1,quarterly,rd_intensity,R&D Intensity (R&D / Revenue),derived,0.1340437464946719,pure,research_development_expense / revenue,core
AVGO,2023,Q1,quarterly,sbc_pct_revenue,Stock-Based Comp % of Revenue,derived,0.04385866517106001,pure,stock_based_compensation / revenue,important
AVGO,2023,Q1,quarterly,capex_intensity,Capex Intensity (Capex / Revenue),derived,0.01155356141334829,pure,capital_expenditures / revenue,important
AVGO,2023,Q1,quarterly,free_cash_flow,Free Cash Flow (FCF),derived,3933000000,USD,net_cash_from_operating_activities - capital_expenditures,core
AVGO,2023,Q1,quarterly,fcf_margin,FCF Margin %,derived,0.4411665731912507,pure,free_cash_flow / revenue,core
AVGO,2023,Q1,quarterly,net_working_capital,Net Working Capital,derived,11353000000,USD,total_current_assets - total_current_liabilities,important
AVGO,2023,Q1,quarterly,total_debt,Total Debt,derived,39244000000,USD,short_term_debt + long_term_debt,core
AVGO,2023,Q1,quarterly,net_debt,Net Debt (Net Cash),derived,26597000000,USD,total_debt - cash_and_cash_equivalents - short_term_investments,core
AVGO,2023,Q1,quarterly,tangible_book_value,Tangible Book Value,derived,-26529000000,USD,total_stockholders_equity - goodwill - intangible_assets_net,optional
AVGO,2023,Q1,quarterly,book_value_per_share,Book Value Per Share,derived,,USD/shares,total_stockholders_equity / shares_outstanding,important
AVGO,2023,Q1,quarterly,inventory_days,Days Inventory Outstanding (DIO),derived,238.10889728615595,days,(inventory_net / cost_of_revenue) * 365,important
AVGO,2023,Q1,quarterly,days_sales_outstanding,Days Sales Outstanding (DSO),derived,132.40717891194615,days,(accounts_receivable_net / revenue) * 365,optional
AVGO,2023,Q1,quarterly,roe,Return on Equity,derived,0.1619047619047619,pure,net_income / total_stockholders_equity,important
AVGO,2023,Q1,quarterly,roa,Return on Assets,derived,0.051715632536724405,pure,net_income / total_assets,optional
AVGO,2023,Q1,quarterly,roic,Return on Invested Capital,derived,0.08079988152964514,pure,(operating_income * (1 - effective_tax_rate)) / (total_debt + total_stockholders_equity - cash_and_cash_equivalents),core
AVGO,2023,Q1,quarterly,revenue_yoy_growth,Revenue YoY Growth %,derived,,pure,(revenue - revenue_prior_year) / revenue_prior_year,core
AVGO,2023,Q1,quarterly,eps_yoy_growth,Diluted EPS YoY Growth %,derived,,pure,(eps_diluted - eps_diluted_prior_year) / eps_diluted_prior_year,important
AVGO,2023,Q1,quarterly,diluted_share_count_change,YoY Diluted Share Count Change,derived,,pure,(weighted_avg_shares_diluted / weighted_avg_shares_diluted_prior_year) - 1,optional
AVGO,2023,Q1,quarterly,deferred_revenue_total,Total Deferred Revenue,derived,3109000000,USD,deferred_revenue_current + deferred_revenue_noncurrent,important
AVGO,2023,Q1,quarterly,segment_revenue_mix_pct,Segment Revenue Mix %,derived,,pure,segment_revenue / revenue,important
AVGO,2023,Q2,quarterly,gross_profit_derived,Gross Profit (derived fallback),derived,6115000000,USD,revenue - cost_of_revenue,important
AVGO,2023,Q2,quarterly,gross_margin,Gross Margin %,derived,0.7002175655559373,pure,gross_profit / revenue,core
AVGO,2023,Q2,quarterly,operating_margin,Operating Margin %,derived,0.45894881484026107,pure,operating_income / revenue,core
AVGO,2023,Q2,quarterly,net_margin,Net Margin %,derived,0.39860300011450817,pure,net_income / revenue,core
AVGO,2023,Q2,quarterly,effective_tax_rate,Effective Tax Rate,derived,0.0632400430570506,pure,income_tax_expense / pretax_income,important
AVGO,2023,Q2,quarterly,rd_intensity,R&D Intensity (R&D / Revenue),derived,0.15023474178403756,pure,research_development_expense / revenue,core
AVGO,2023,Q2,quarterly,sbc_pct_revenue,Stock-Based Comp % of Revenue,derived,0.05874270010305737,pure,stock_based_compensation / revenue,important
AVGO,2023,Q2,quarterly,capex_intensity,Capex Intensity (Capex / Revenue),derived,,pure,capital_expenditures / revenue,important
AVGO,2023,Q2,quarterly,free_cash_flow,Free Cash Flow (FCF),derived,,USD,net_cash_from_operating_activities - capital_expenditures,core
AVGO,2023,Q2,quarterly,fcf_margin,FCF Margin %,derived,,pure,free_cash_flow / revenue,core
AVGO,2023,Q2,quarterly,net_working_capital,Net Working Capital,derived,10360000000,USD,total_current_assets - total_current_liabilities,important
AVGO,2023,Q2,quarterly,total_debt,Total Debt,derived,39271000000,USD,short_term_debt + long_term_debt,core
AVGO,2023,Q2,quarterly,net_debt,Net Debt (Net Cash),derived,27718000000,USD,total_debt - cash_and_cash_equivalents - short_term_investments,core
AVGO,2023,Q2,quarterly,tangible_book_value,Tangible Book Value,derived,-27041000000,USD,total_stockholders_equity - goodwill - intangible_assets_net,optional
AVGO,2023,Q2,quarterly,book_value_per_share,Book Value Per Share,derived,,USD/shares,total_stockholders_equity / shares_outstanding,important
AVGO,2023,Q2,quarterly,inventory_days,Days Inventory Outstanding (DIO),derived,262.94499618029033,days,(inventory_net / cost_of_revenue) * 365,important
AVGO,2023,Q2,quarterly,days_sales_outstanding,Days Sales Outstanding (DSO),derived,126.68212527195695,days,(accounts_receivable_net / revenue) * 365,optional
AVGO,2023,Q2,quarterly,roe,Return on Equity,derived,0.1581769436997319,pure,net_income / total_stockholders_equity,important
AVGO,2023,Q2,quarterly,roa,Return on Assets,derived,0.04857186710759485,pure,net_income / total_assets,optional
AVGO,2023,Q2,quarterly,roic,Return on Invested Capital,derived,0.07550596093368209,pure,(operating_income * (1 - effective_tax_rate)) / (total_debt + total_stockholders_equity - cash_and_cash_equivalents),core
AVGO,2023,Q2,quarterly,revenue_yoy_growth,Revenue YoY Growth %,derived,,pure,(revenue - revenue_prior_year) / revenue_prior_year,core
AVGO,2023,Q2,quarterly,eps_yoy_growth,Diluted EPS YoY Growth %,derived,,pure,(eps_diluted - eps_diluted_prior_year) / eps_diluted_prior_year,important
AVGO,2023,Q2,quarterly,diluted_share_count_change,YoY Diluted Share Count Change,derived,,pure,(weighted_avg_shares_diluted / weighted_avg_shares_diluted_prior_year) - 1,optional
AVGO,2023,Q2,quarterly,deferred_revenue_total,Total Deferred Revenue,derived,3427000000,USD,deferred_revenue_current + deferred_revenue_noncurrent,important
AVGO,2023,Q2,quarterly,segment_revenue_mix_pct,Segment Revenue Mix %,derived,,pure,segment_revenue / revenue,important
AVGO,2023,Q3,quarterly,gross_profit_derived,Gross Profit (derived fallback),derived,6164000000,USD,revenue - cost_of_revenue,important
AVGO,2023,Q3,quarterly,gross_margin,Gross Margin %,derived,0.6944569625957638,pure,gross_profit / revenue,core
AVGO,2023,Q3,quarterly,operating_margin,Operating Margin %,derived,0.43442992338891395,pure,operating_income / revenue,core
AVGO,2023,Q3,quarterly,net_margin,Net Margin %,derived,0.3721270842721947,pure,net_income / revenue,core
AVGO,2023,Q3,quarterly,effective_tax_rate,Effective Tax Rate,derived,0.07582540570789031,pure,income_tax_expense / pretax_income,important
AVGO,2023,Q3,quarterly,rd_intensity,R&D Intensity (R&D / Revenue),derived,0.1529968454258675,pure,research_development_expense / revenue,core
AVGO,2023,Q3,quarterly,sbc_pct_revenue,Stock-Based Comp % of Revenue,derived,0.07086525461919783,pure,stock_based_compensation / revenue,important
AVGO,2023,Q3,quarterly,capex_intensity,Capex Intensity (Capex / Revenue),derived,,pure,capital_expenditures / revenue,important
AVGO,2023,Q3,quarterly,free_cash_flow,Free Cash Flow (FCF),derived,,USD,net_cash_from_operating_activities - capital_expenditures,core
AVGO,2023,Q3,quarterly,fcf_margin,FCF Margin %,derived,,pure,free_cash_flow / revenue,core
AVGO,2023,Q3,quarterly,net_working_capital,Net Working Capital,derived,10988000000,USD,total_current_assets - total_current_liabilities,important
AVGO,2023,Q3,quarterly,total_debt,Total Debt,derived,39299000000,USD,short_term_debt + long_term_debt,core
AVGO,2023,Q3,quarterly,net_debt,Net Debt (Net Cash),derived,27244000000,USD,total_debt - cash_and_cash_equivalents - short_term_investments,core
AVGO,2023,Q3,quarterly,tangible_book_value,Tangible Book Value,derived,-26194000000,USD,total_stockholders_equity - goodwill - intangible_assets_net,optional
AVGO,2023,Q3,quarterly,book_value_per_share,Book Value Per Share,derived,,USD/shares,total_stockholders_equity / shares_outstanding,important
AVGO,2023,Q3,quarterly,inventory_days,Days Inventory Outstanding (DIO),derived,247.90929203539824,days,(inventory_net / cost_of_revenue) * 365,important
AVGO,2023,Q3,quarterly,days_sales_outstanding,Days Sales Outstanding (DSO),derived,119.82987832356918,days,(accounts_receivable_net / revenue) * 365,optional
AVGO,2023,Q3,quarterly,roe,Return on Equity,derived,0.14959916662892342,pure,net_income / total_stockholders_equity,important
AVGO,2023,Q3,quarterly,roa,Return on Assets,derived,0.04613450659962288,pure,net_income / total_assets,optional
AVGO,2023,Q3,quarterly,roic,Return on Invested Capital,derived,0.07225061808061908,pure,(operating_income * (1 - effective_tax_rate)) / (total_debt + total_stockholders_equity - cash_and_cash_equivalents),core
AVGO,2023,Q3,quarterly,revenue_yoy_growth,Revenue YoY Growth %,derived,,pure,(revenue - revenue_prior_year) / revenue_prior_year,core
AVGO,2023,Q3,quarterly,eps_yoy_growth,Diluted EPS YoY Growth %,derived,,pure,(eps_diluted - eps_diluted_prior_year) / eps_diluted_prior_year,important
AVGO,2023,Q3,quarterly,diluted_share_count_change,YoY Diluted Share Count Change,derived,,pure,(weighted_avg_shares_diluted / weighted_avg_shares_diluted_prior_year) - 1,optional
AVGO,2023,Q3,quarterly,deferred_revenue_total,Total Deferred Revenue,derived,2941000000,USD,deferred_revenue_current + deferred_revenue_noncurrent,important
AVGO,2023,Q3,quarterly,segment_revenue_mix_pct,Segment Revenue Mix %,derived,,pure,segment_revenue / revenue,important
AVGO,2023,FY,annual,gross_profit_derived,Gross Profit (derived fallback),derived,24690000000,USD,revenue - cost_of_revenue,important
AVGO,2023,FY,annual,gross_margin,Gross Margin %,derived,0.6892989754041151,pure,gross_profit / revenue,core
AVGO,2023,FY,annual,operating_margin,Operating Margin %,derived,0.452469359836958,pure,operating_income / revenue,core
AVGO,2023,FY,annual,net_margin,Net Margin %,derived,0.39314330383316115,pure,net_income / revenue,core
AVGO,2023,FY,annual,effective_tax_rate,Effective Tax Rate,derived,0.06723190037755845,pure,income_tax_expense / pretax_income,important
AVGO,2023,FY,annual,rd_intensity,R&D Intensity (R&D / Revenue),derived,0.14665401044138585,pure,research_development_expense / revenue,core
AVGO,2023,FY,annual,sbc_pct_revenue,Stock-Based Comp % of Revenue,derived,0.06061029062787906,pure,stock_based_compensation / revenue,important
AVGO,2023,FY,annual,capex_intensity,Capex Intensity (Capex / Revenue),derived,0.012619001088807615,pure,capital_expenditures / revenue,important
AVGO,2023,FY,annual,free_cash_flow,Free Cash Flow (FCF),derived,17633000000,USD,net_cash_from_operating_activities - capital_expenditures,core
AVGO,2023,FY,annual,fcf_margin,FCF Margin %,derived,0.49228063318350596,pure,free_cash_flow / revenue,core
AVGO,2023,FY,annual,net_working_capital,Net Working Capital,derived,13442000000,USD,total_current_assets - total_current_liabilities,important
AVGO,2023,FY,annual,total_debt,Total Debt,derived,39184000000,USD,short_term_debt + long_term_debt,core
AVGO,2023,FY,annual,net_debt,Net Debt (Net Cash),derived,24995000000,USD,total_debt - cash_and_cash_equivalents - short_term_investments,core
AVGO,2023,FY,annual,tangible_book_value,Tangible Book Value,derived,-23532000000,USD,total_stockholders_equity - goodwill - intangible_assets_net,optional
AVGO,2023,FY,annual,book_value_per_share,Book Value Per Share,derived,,USD/shares,total_stockholders_equity / shares_outstanding,important
AVGO,2023,FY,annual,inventory_days,Days Inventory Outstanding (DIO),derived,62.24907898283763,days,(inventory_net / cost_of_revenue) * 365,important
AVGO,2023,FY,annual,days_sales_outstanding,Days Sales Outstanding (DSO),derived,32.13964655629694,days,(accounts_receivable_net / revenue) * 365,optional
AVGO,2023,FY,annual,roe,Return on Equity,derived,0.5870435217608805,pure,net_income / total_stockholders_equity,important
AVGO,2023,FY,annual,roa,Return on Assets,derived,0.1932721208877177,pure,net_income / total_assets,optional
AVGO,2023,FY,annual,roic,Return on Invested Capital,derived,0.3086248819096607,pure,(operating_income * (1 - effective_tax_rate)) / (total_debt + total_stockholders_equity - cash_and_cash_equivalents),core
AVGO,2023,FY,annual,revenue_yoy_growth,Revenue YoY Growth %,derived,,pure,(revenue - revenue_prior_year) / revenue_prior_year,core
AVGO,2023,FY,annual,eps_yoy_growth,Diluted EPS YoY Growth %,derived,,pure,(eps_diluted - eps_diluted_prior_year) / eps_diluted_prior_year,important
AVGO,2023,FY,annual,diluted_share_count_change,YoY Diluted Share Count Change,derived,,pure,(weighted_avg_shares_diluted / weighted_avg_shares_diluted_prior_year) - 1,optional
AVGO,2023,FY,annual,deferred_revenue_total,Total Deferred Revenue,derived,2786000000,USD,deferred_revenue_current + deferred_revenue_noncurrent,important
AVGO,2023,FY,annual,segment_revenue_mix_pct,Segment Revenue Mix %,derived,,pure,segment_revenue / revenue,important
AVGO,2024,Q1,quarterly,gross_profit_derived,Gross Profit (derived fallback),derived,7375000000,USD,revenue - cost_of_revenue,important
AVGO,2024,Q1,quarterly,gross_margin,Gross Margin %,derived,0.6165872418694089,pure,gross_profit / revenue,core
AVGO,2024,Q1,quarterly,operating_margin,Operating Margin %,derived,0.17414931861884458,pure,operating_income / revenue,core
AVGO,2024,Q1,quarterly,net_margin,Net Margin %,derived,0.11077669091213109,pure,net_income / revenue,core
AVGO,2024,Q1,quarterly,effective_tax_rate,Effective Tax Rate,derived,0.05067064083457526,pure,income_tax_expense / pretax_income,important
AVGO,2024,Q1,quarterly,rd_intensity,R&D Intensity (R&D / Revenue),derived,0.19296045481147062,pure,research_development_expense / revenue,core
AVGO,2024,Q1,quarterly,sbc_pct_revenue,Stock-Based Comp % of Revenue,derived,0.13226318869659728,pure,stock_based_compensation / revenue,important
AVGO,2024,Q1,quarterly,capex_intensity,Capex Intensity (Capex / Revenue),derived,0.01019981606889056,pure,capital_expenditures / revenue,important
AVGO,2024,Q1,quarterly,free_cash_flow,Free Cash Flow (FCF),derived,4693000000,USD,net_cash_from_operating_activities - capital_expenditures,core
AVGO,2024,Q1,quarterly,fcf_margin,FCF Margin %,derived,0.39235849845330656,pure,free_cash_flow / revenue,core
AVGO,2024,Q1,quarterly,net_working_capital,Net Working Capital,derived,6823000000,USD,total_current_assets - total_current_liabilities,important
AVGO,2024,Q1,quarterly,total_debt,Total Debt,derived,75842000000,USD,short_term_debt + long_term_debt,core
AVGO,2024,Q1,quarterly,net_debt,Net Debt (Net Cash),derived,63978000000,USD,total_debt - cash_and_cash_equivalents - short_term_investments,core
AVGO,2024,Q1,quarterly,tangible_book_value,Tangible Book Value,derived,-74487000000,USD,total_stockholders_equity - goodwill - intangible_assets_net,optional
AVGO,2024,Q1,quarterly,book_value_per_share,Book Value Per Share,derived,,USD/shares,total_stockholders_equity / shares_outstanding,important
AVGO,2024,Q1,quarterly,inventory_days,Days Inventory Outstanding (DIO),derived,152.81290885303096,days,(inventory_net / cost_of_revenue) * 365,important
AVGO,2024,Q1,quarterly,days_sales_outstanding,Days Sales Outstanding (DSO),derived,151.63322464676867,days,(accounts_receivable_net / revenue) * 365,optional
AVGO,2024,Q1,quarterly,roe,Return on Equity,derived,0.01885208582323146,pure,net_income / total_stockholders_equity,important
AVGO,2024,Q1,quarterly,roa,Return on Assets,derived,0.007449260696013943,pure,net_income / total_assets,optional
AVGO,2024,Q1,quarterly,roic,Return on Invested Capital,derived,0.01472831519820634,pure,(operating_income * (1 - effective_tax_rate)) / (total_debt + total_stockholders_equity - cash_and_cash_equivalents),core
AVGO,2024,Q1,quarterly,revenue_yoy_growth,Revenue YoY Growth %,derived,0.34167134043746494,pure,(revenue - revenue_prior_year) / revenue_prior_year,core
AVGO,2024,Q1,quarterly,eps_yoy_growth,Diluted EPS YoY Growth %,derived,-0.6772727272727274,pure,(eps_diluted - eps_diluted_prior_year) / eps_diluted_prior_year,important
AVGO,2024,Q1,quarterly,diluted_share_count_change,YoY Diluted Share Count Change,derived,0.08857808857808869,pure,(weighted_avg_shares_diluted / weighted_avg_shares_diluted_prior_year) - 1,optional
AVGO,2024,Q1,quarterly,deferred_revenue_total,Total Deferred Revenue,derived,15451000000,USD,deferred_revenue_current + deferred_revenue_noncurrent,important
AVGO,2024,Q1,quarterly,segment_revenue_mix_pct,Segment Revenue Mix %,derived,,pure,segment_revenue / revenue,important
AVGO,2024,Q2,quarterly,gross_profit_derived,Gross Profit (derived fallback),derived,7776000000,USD,revenue - cost_of_revenue,important
AVGO,2024,Q2,quarterly,gross_margin,Gross Margin %,derived,0.6227276367422119,pure,gross_profit / revenue,core
AVGO,2024,Q2,quarterly,operating_margin,Operating Margin %,derived,0.23744694482261552,pure,operating_income / revenue,core
AVGO,2024,Q2,quarterly,net_margin,Net Margin %,derived,0.16985665091695362,pure,net_income / revenue,core
AVGO,2024,Q2,quarterly,effective_tax_rate,Effective Tax Rate,derived,-0.05785536159600998,pure,income_tax_expense / pretax_income,important
AVGO,2024,Q2,quarterly,rd_intensity,R&D Intensity (R&D / Revenue),derived,0.19340113718266996,pure,research_development_expense / revenue,core
AVGO,2024,Q2,quarterly,sbc_pct_revenue,Stock-Based Comp % of Revenue,derived,0.11235685112517017,pure,stock_based_compensation / revenue,important
AVGO,2024,Q2,quarterly,capex_intensity,Capex Intensity (Capex / Revenue),derived,,pure,capital_expenditures / revenue,important
AVGO,2024,Q2,quarterly,free_cash_flow,Free Cash Flow (FCF),derived,,USD,net_cash_from_operating_activities - capital_expenditures,core
AVGO,2024,Q2,quarterly,fcf_margin,FCF Margin %,derived,,pure,free_cash_flow / revenue,core
AVGO,2024,Q2,quarterly,net_working_capital,Net Working Capital,derived,5131000000,USD,total_current_assets - total_current_liabilities,important
AVGO,2024,Q2,quarterly,total_debt,Total Debt,derived,73964000000,USD,short_term_debt + long_term_debt,core
AVGO,2024,Q2,quarterly,net_debt,Net Debt (Net Cash),derived,64155000000,USD,total_debt - cash_and_cash_equivalents - short_term_investments,core
AVGO,2024,Q2,quarterly,tangible_book_value,Tangible Book Value,derived,-73319000000,USD,total_stockholders_equity - goodwill - intangible_assets_net,optional
AVGO,2024,Q2,quarterly,book_value_per_share,Book Value Per Share,derived,,USD/shares,total_stockholders_equity / shares_outstanding,important
AVGO,2024,Q2,quarterly,inventory_days,Days Inventory Outstanding (DIO),derived,142.7149225217576,days,(inventory_net / cost_of_revenue) * 365,important
AVGO,2024,Q2,quarterly,days_sales_outstanding,Days Sales Outstanding (DSO),derived,160.76719788580124,days,(accounts_receivable_net / revenue) * 365,optional
AVGO,2024,Q2,quarterly,roe,Return on Equity,derived,0.03031689083918183,pure,net_income / total_stockholders_equity,important
AVGO,2024,Q2,quarterly,roa,Return on Assets,derived,0.012105404341051647,pure,net_income / total_assets,optional
AVGO,2024,Q2,quarterly,roic,Return on Invested Capital,derived,0.02338677821536707,pure,(operating_income * (1 - effective_tax_rate)) / (total_debt + total_stockholders_equity - cash_and_cash_equivalents),core
AVGO,2024,Q2,quarterly,revenue_yoy_growth,Revenue YoY Growth %,derived,0.4298637352570709,pure,(revenue - revenue_prior_year) / revenue_prior_year,core
AVGO,2024,Q2,quarterly,eps_yoy_growth,Diluted EPS YoY Growth %,derived,-0.45766871165644174,pure,(eps_diluted - eps_diluted_prior_year) / eps_diluted_prior_year,important
AVGO,2024,Q2,quarterly,diluted_share_count_change,YoY Diluted Share Count Change,derived,0.1241217798594847,pure,(weighted_avg_shares_diluted / weighted_avg_shares_diluted_prior_year) - 1,optional
AVGO,2024,Q2,quarterly,deferred_revenue_total,Total Deferred Revenue,derived,16702000000,USD,deferred_revenue_current + deferred_revenue_noncurrent,important
AVGO,2024,Q2,quarterly,segment_revenue_mix_pct,Segment Revenue Mix %,derived,,pure,segment_revenue / revenue,important
AVGO,2024,Q3,quarterly,gross_profit_derived,Gross Profit (derived fallback),derived,8356000000,USD,revenue - cost_of_revenue,important
AVGO,2024,Q3,quarterly,gross_margin,Gross Margin %,derived,0.6392288861689106,pure,gross_profit / revenue,core
AVGO,2024,Q3,quarterly,operating_margin,Operating Margin %,derived,0.2897796817625459,pure,operating_income / revenue,core
AVGO,2024,Q3,quarterly,net_margin,Net Margin %,derived,-0.14343635250917994,pure,net_income / revenue,core
AVGO,2024,Q3,quarterly,effective_tax_rate,Effective Tax Rate,derived,1.510334996436208,pure,income_tax_expense / pretax_income,important
AVGO,2024,Q3,quarterly,rd_intensity,R&D Intensity (R&D / Revenue),derived,0.18000305997552019,pure,research_development_expense / revenue,core
AVGO,2024,Q3,quarterly,sbc_pct_revenue,Stock-Based Comp % of Revenue,derived,0.10564565483476132,pure,stock_based_compensation / revenue,important
AVGO,2024,Q3,quarterly,capex_intensity,Capex Intensity (Capex / Revenue),derived,,pure,capital_expenditures / revenue,important
AVGO,2024,Q3,quarterly,free_cash_flow,Free Cash Flow (FCF),derived,,USD,net_cash_from_operating_activities - capital_expenditures,core
AVGO,2024,Q3,quarterly,fcf_margin,FCF Margin %,derived,,pure,free_cash_flow / revenue,core
AVGO,2024,Q3,quarterly,net_working_capital,Net Working Capital,derived,726000000,USD,total_current_assets - total_current_liabilities,important
AVGO,2024,Q3,quarterly,total_debt,Total Debt,derived,69915000000,USD,short_term_debt + long_term_debt,core
AVGO,2024,Q3,quarterly,net_debt,Net Debt (Net Cash),derived,59963000000,USD,total_debt - cash_and_cash_equivalents - short_term_investments,core
AVGO,2024,Q3,quarterly,tangible_book_value,Tangible Book Value,derived,-75256000000,USD,total_stockholders_equity - goodwill - intangible_assets_net,optional
AVGO,2024,Q3,quarterly,book_value_per_share,Book Value Per Share,derived,,USD/shares,total_stockholders_equity / shares_outstanding,important
AVGO,2024,Q3,quarterly,inventory_days,Days Inventory Outstanding (DIO),derived,146.58821034775232,days,(inventory_net / cost_of_revenue) * 365,important
AVGO,2024,Q3,quarterly,days_sales_outstanding,Days Sales Outstanding (DSO),derived,130.25742044063648,days,(accounts_receivable_net / revenue) * 365,optional
AVGO,2024,Q3,quarterly,roe,Return on Equity,derived,-0.02856011332652968,pure,net_income / total_stockholders_equity,important
AVGO,2024,Q3,quarterly,roa,Return on Assets,derived,-0.011162973458914304,pure,net_income / total_assets,optional
AVGO,2024,Q3,quarterly,roic,Return on Invested Capital,derived,-0.015389598026496698,pure,(operating_income * (1 - effective_tax_rate)) / (total_debt + total_stockholders_equity - cash_and_cash_equivalents),core
AVGO,2024,Q3,quarterly,revenue_yoy_growth,Revenue YoY Growth %,derived,0.47273546642631814,pure,(revenue - revenue_prior_year) / revenue_prior_year,core
AVGO,2024,Q3,quarterly,eps_yoy_growth,Diluted EPS YoY Growth %,derived,-1.0516795865633075,pure,(eps_diluted - eps_diluted_prior_year) / eps_diluted_prior_year,important
AVGO,2024,Q3,quarterly,diluted_share_count_change,YoY Diluted Share Count Change,derived,9.920374707259953,pure,(weighted_avg_shares_diluted / weighted_avg_shares_diluted_prior_year) - 1,optional
AVGO,2024,Q3,quarterly,deferred_revenue_total,Total Deferred Revenue,derived,15548000000,USD,deferred_revenue_current + deferred_revenue_noncurrent,important
AVGO,2024,Q3,quarterly,segment_revenue_mix_pct,Segment Revenue Mix %,derived,,pure,segment_revenue / revenue,important
AVGO,2024,FY,annual,gross_profit_derived,Gross Profit (derived fallback),derived,32509000000,USD,revenue - cost_of_revenue,important
AVGO,2024,FY,annual,gross_margin,Gross Margin %,derived,0.6303369915073487,pure,gross_profit / revenue,core
AVGO,2024,FY,annual,operating_margin,Operating Margin %,derived,0.26104238569822,pure,operating_income / revenue,core
AVGO,2024,FY,annual,net_margin,Net Margin %,derived,0.11430177996664986,pure,net_income / revenue,core
AVGO,2024,FY,annual,effective_tax_rate,Effective Tax Rate,derived,0.37797498991528844,pure,income_tax_expense / pretax_income,important
AVGO,2024,FY,annual,rd_intensity,R&D Intensity (R&D / Revenue),derived,0.18051731492612558,pure,research_development_expense / revenue,core
AVGO,2024,FY,annual,sbc_pct_revenue,Stock-Based Comp % of Revenue,derived,0.11131577926862372,pure,stock_based_compensation / revenue,important
AVGO,2024,FY,annual,capex_intensity,Capex Intensity (Capex / Revenue),derived,0.01062550897739171,pure,capital_expenditures / revenue,important
AVGO,2024,FY,annual,free_cash_flow,Free Cash Flow (FCF),derived,19414000000,USD,net_cash_from_operating_activities - capital_expenditures,core
AVGO,2024,FY,annual,fcf_margin,FCF Margin %,derived,0.37642998410051576,pure,free_cash_flow / revenue,core
AVGO,2024,FY,annual,net_working_capital,Net Working Capital,derived,2898000000,USD,total_current_assets - total_current_liabilities,important
AVGO,2024,FY,annual,total_debt,Total Debt,derived,67540000000,USD,short_term_debt + long_term_debt,core
AVGO,2024,FY,annual,net_debt,Net Debt (Net Cash),derived,58192000000,USD,total_debt - cash_and_cash_equivalents - short_term_investments,core
AVGO,2024,FY,annual,tangible_book_value,Tangible Book Value,derived,-70778000000,USD,total_stockholders_equity - goodwill - intangible_assets_net,optional
AVGO,2024,FY,annual,book_value_per_share,Book Value Per Share,derived,,USD/shares,total_stockholders_equity / shares_outstanding,important
AVGO,2024,FY,annual,inventory_days,Days Inventory Outstanding (DIO),derived,33.695253081563074,days,(inventory_net / cost_of_revenue) * 365,important
AVGO,2024,FY,annual,days_sales_outstanding,Days Sales Outstanding (DSO),derived,31.252956916275643,days,(accounts_receivable_net / revenue) * 365,optional
AVGO,2024,FY,annual,roe,Return on Equity,derived,0.08710363781435622,pure,net_income / total_stockholders_equity,important
AVGO,2024,FY,annual,roa,Return on Assets,derived,0.03558815539255637,pure,net_income / total_assets,optional
AVGO,2024,FY,annual,roic,Return on Invested Capital,derived,0.06653152229101829,pure,(operating_income * (1 - effective_tax_rate)) / (total_debt + total_stockholders_equity - cash_and_cash_equivalents),core
AVGO,2024,FY,annual,revenue_yoy_growth,Revenue YoY Growth %,derived,0.4398503587481504,pure,(revenue - revenue_prior_year) / revenue_prior_year,core
AVGO,2024,FY,annual,eps_yoy_growth,Diluted EPS YoY Growth %,derived,-0.9627046694966647,pure,(eps_diluted - eps_diluted_prior_year) / eps_diluted_prior_year,important
AVGO,2024,FY,annual,diluted_share_count_change,YoY Diluted Share Count Change,derived,10.189695550351288,pure,(weighted_avg_shares_diluted / weighted_avg_shares_diluted_prior_year) - 1,optional
AVGO,2024,FY,annual,deferred_revenue_total,Total Deferred Revenue,derived,14495000000,USD,deferred_revenue_current + deferred_revenue_noncurrent,important
AVGO,2024,FY,annual,segment_revenue_mix_pct,Segment Revenue Mix %,derived,,pure,segment_revenue / revenue,important
AVGO,2025,Q1,quarterly,gross_profit_derived,Gross Profit (derived fallback),derived,10145000000,USD,revenue - cost_of_revenue,important
AVGO,2025,Q1,quarterly,gross_margin,Gross Margin %,derived,0.6801421292571735,pure,gross_profit / revenue,core
AVGO,2025,Q1,quarterly,operating_margin,Operating Margin %,derived,0.41968356127648165,pure,operating_income / revenue,core
AVGO,2025,Q1,quarterly,net_margin,Net Margin %,derived,0.3689326897291499,pure,net_income / revenue,core
AVGO,2025,Q1,quarterly,effective_tax_rate,Effective Tax Rate,derived,-0.0023679417122040073,pure,income_tax_expense / pretax_income,important
AVGO,2025,Q1,quarterly,rd_intensity,R&D Intensity (R&D / Revenue),derived,0.1510458567980692,pure,research_development_expense / revenue,core
AVGO,2025,Q1,quarterly,sbc_pct_revenue,Stock-Based Comp % of Revenue,derived,0.08581389112362564,pure,stock_based_compensation / revenue,important
AVGO,2025,Q1,quarterly,capex_intensity,Capex Intensity (Capex / Revenue),derived,0.006704210244033253,pure,capital_expenditures / revenue,important
AVGO,2025,Q1,quarterly,free_cash_flow,Free Cash Flow (FCF),derived,6013000000,USD,net_cash_from_operating_activities - capital_expenditures,core
AVGO,2025,Q1,quarterly,fcf_margin,FCF Margin %,derived,0.4031241619737195,pure,free_cash_flow / revenue,core
AVGO,2025,Q1,quarterly,net_working_capital,Net Working Capital,derived,80000000,USD,total_current_assets - total_current_liabilities,important
AVGO,2025,Q1,quarterly,total_debt,Total Debt,derived,62576000000,USD,short_term_debt + long_term_debt,core
AVGO,2025,Q1,quarterly,net_debt,Net Debt (Net Cash),derived,53269000000,USD,total_debt - cash_and_cash_equivalents - short_term_investments,core
AVGO,2025,Q1,quarterly,tangible_book_value,Tangible Book Value,derived,-66665000000,USD,total_stockholders_equity - goodwill - intangible_assets_net,optional
AVGO,2025,Q1,quarterly,book_value_per_share,Book Value Per Share,derived,,USD/shares,total_stockholders_equity / shares_outstanding,important
AVGO,2025,Q1,quarterly,inventory_days,Days Inventory Outstanding (DIO),derived,145.96939844896247,days,(inventory_net / cost_of_revenue) * 365,important
AVGO,2025,Q1,quarterly,days_sales_outstanding,Days Sales Outstanding (DSO),derived,121.25067042102441,days,(accounts_receivable_net / revenue) * 365,optional
AVGO,2025,Q1,quarterly,roe,Return on Equity,derived,0.07885196807519809,pure,net_income / total_stockholders_equity,important
AVGO,2025,Q1,quarterly,roa,Return on Assets,derived,0.033279309135330615,pure,net_income / total_assets,optional
AVGO,2025,Q1,quarterly,roic,Return on Invested Capital,derived,0.050990779267649375,pure,(operating_income * (1 - effective_tax_rate)) / (total_debt + total_stockholders_equity - cash_and_cash_equivalents),core
AVGO,2025,Q1,quarterly,revenue_yoy_growth,Revenue YoY Growth %,derived,0.2470529219964886,pure,(revenue - revenue_prior_year) / revenue_prior_year,core
AVGO,2025,Q1,quarterly,eps_yoy_growth,Diluted EPS YoY Growth %,derived,-0.5985915492957746,pure,(eps_diluted - eps_diluted_prior_year) / eps_diluted_prior_year,important
AVGO,2025,Q1,quarterly,diluted_share_count_change,YoY Diluted Share Count Change,derived,9.355460385438972,pure,(weighted_avg_shares_diluted / weighted_avg_shares_diluted_prior_year) - 1,optional
AVGO,2025,Q1,quarterly,deferred_revenue_total,Total Deferred Revenue,derived,14536000000,USD,deferred_revenue_current + deferred_revenue_noncurrent,important
AVGO,2025,Q1,quarterly,segment_revenue_mix_pct,Segment Revenue Mix %,derived,,pure,segment_revenue / revenue,important
AVGO,2025,Q2,quarterly,gross_profit_derived,Gross Profit (derived fallback),derived,10197000000,USD,revenue - cost_of_revenue,important
AVGO,2025,Q2,quarterly,gross_margin,Gross Margin %,derived,0.6796187683284457,pure,gross_profit / revenue,core
AVGO,2025,Q2,quarterly,operating_margin,Operating Margin %,derived,0.3884964009597441,pure,operating_income / revenue,core
AVGO,2025,Q2,quarterly,net_margin,Net Margin %,derived,0.33091175686483604,pure,net_income / revenue,core
AVGO,2025,Q2,quarterly,effective_tax_rate,Effective Tax Rate,derived,0.02359882005899705,pure,income_tax_expense / pretax_income,important
AVGO,2025,Q2,quarterly,rd_intensity,R&D Intensity (R&D / Revenue),derived,0.17948547054118902,pure,research_development_expense / revenue,core
AVGO,2025,Q2,quarterly,sbc_pct_revenue,Stock-Based Comp % of Revenue,derived,0.11803519061583578,pure,stock_based_compensation / revenue,important
AVGO,2025,Q2,quarterly,capex_intensity,Capex Intensity (Capex / Revenue),derived,,pure,capital_expenditures / revenue,important
AVGO,2025,Q2,quarterly,free_cash_flow,Free Cash Flow (FCF),derived,,USD,net_cash_from_operating_activities - capital_expenditures,core
AVGO,2025,Q2,quarterly,fcf_margin,FCF Margin %,derived,,pure,free_cash_flow / revenue,core
AVGO,2025,Q2,quarterly,net_working_capital,Net Working Capital,derived,1584000000,USD,total_current_assets - total_current_liabilities,important
AVGO,2025,Q2,quarterly,total_debt,Total Debt,derived,63401000000,USD,short_term_debt + long_term_debt,core
AVGO,2025,Q2,quarterly,net_debt,Net Debt (Net Cash),derived,53929000000,USD,total_debt - cash_and_cash_equivalents - short_term_investments,core
AVGO,2025,Q2,quarterly,tangible_book_value,Tangible Book Value,derived,-64608000000,USD,total_stockholders_equity - goodwill - intangible_assets_net,optional
AVGO,2025,Q2,quarterly,book_value_per_share,Book Value Per Share,derived,,USD/shares,total_stockholders_equity / shares_outstanding,important
AVGO,2025,Q2,quarterly,inventory_days,Days Inventory Outstanding (DIO),derived,153.15269398793424,days,(inventory_net / cost_of_revenue) * 365,important
AVGO,2025,Q2,quarterly,days_sales_outstanding,Days Sales Outstanding (DSO),derived,135.33024526792858,days,(accounts_receivable_net / revenue) * 365,optional
AVGO,2025,Q2,quarterly,roe,Return on Equity,derived,0.07135055902049263,pure,net_income / total_stockholders_equity,important
AVGO,2025,Q2,quarterly,roa,Return on Assets,derived,0.03015853732612525,pure,net_income / total_assets,optional
AVGO,2025,Q2,quarterly,roic,Return on Invested Capital,derived,0.046078957842173876,pure,(operating_income * (1 - effective_tax_rate)) / (total_debt + total_stockholders_equity - cash_and_cash_equivalents),core
AVGO,2025,Q2,quarterly,revenue_yoy_growth,Revenue YoY Growth %,derived,0.20156963241771442,pure,(revenue - revenue_prior_year) / revenue_prior_year,core
AVGO,2025,Q2,quarterly,eps_yoy_growth,Diluted EPS YoY Growth %,derived,-0.7669683257918551,pure,(eps_diluted - eps_diluted_prior_year) / eps_diluted_prior_year,important
AVGO,2025,Q2,quarterly,diluted_share_count_change,YoY Diluted Share Count Change,derived,9.054166666666667,pure,(weighted_avg_shares_diluted / weighted_avg_shares_diluted_prior_year) - 1,optional
AVGO,2025,Q2,quarterly,deferred_revenue_total,Total Deferred Revenue,derived,14457000000,USD,deferred_revenue_current + deferred_revenue_noncurrent,important
AVGO,2025,Q2,quarterly,segment_revenue_mix_pct,Segment Revenue Mix %,derived,,pure,segment_revenue / revenue,important
AVGO,2025,Q3,quarterly,gross_profit_derived,Gross Profit (derived fallback),derived,10703000000,USD,revenue - cost_of_revenue,important
AVGO,2025,Q3,quarterly,gross_margin,Gross Margin %,derived,0.6709503510531595,pure,gross_profit / revenue,core
AVGO,2025,Q3,quarterly,operating_margin,Operating Margin %,derived,0.3690446339017051,pure,operating_income / revenue,core
AVGO,2025,Q3,quarterly,net_margin,Net Margin %,derived,0.25952858575727183,pure,net_income / revenue,core
AVGO,2025,Q3,quarterly,effective_tax_rate,Effective Tax Rate,derived,0.21665089877010407,pure,income_tax_expense / pretax_income,important
AVGO,2025,Q3,quarterly,rd_intensity,R&D Intensity (R&D / Revenue),derived,0.1911985957873621,pure,research_development_expense / revenue,core
AVGO,2025,Q3,quarterly,sbc_pct_revenue,Stock-Based Comp % of Revenue,derived,0.1455616850551655,pure,stock_based_compensation / revenue,important
AVGO,2025,Q3,quarterly,capex_intensity,Capex Intensity (Capex / Revenue),derived,,pure,capital_expenditures / revenue,important
AVGO,2025,Q3,quarterly,free_cash_flow,Free Cash Flow (FCF),derived,,USD,net_cash_from_operating_activities - capital_expenditures,core
AVGO,2025,Q3,quarterly,fcf_margin,FCF Margin %,derived,,pure,free_cash_flow / revenue,core
AVGO,2025,Q3,quarterly,net_working_capital,Net Working Capital,derived,8294000000,USD,total_current_assets - total_current_liabilities,important
AVGO,2025,Q3,quarterly,total_debt,Total Debt,derived,63730000000,USD,short_term_debt + long_term_debt,core
AVGO,2025,Q3,quarterly,net_debt,Net Debt (Net Cash),derived,53012000000,USD,total_debt - cash_and_cash_equivalents - short_term_investments,core
AVGO,2025,Q3,quarterly,tangible_book_value,Tangible Book Value,derived,-58868000000,USD,total_stockholders_equity - goodwill - intangible_assets_net,optional
AVGO,2025,Q3,quarterly,book_value_per_share,Book Value Per Share,derived,,USD/shares,total_stockholders_equity / shares_outstanding,important
AVGO,2025,Q3,quarterly,inventory_days,Days Inventory Outstanding (DIO),derived,151.59077919603735,days,(inventory_net / cost_of_revenue) * 365,important
AVGO,2025,Q3,quarterly,days_sales_outstanding,Days Sales Outstanding (DSO),derived,148.59014543630894,days,(accounts_receivable_net / revenue) * 365,optional
AVGO,2025,Q3,quarterly,roe,Return on Equity,derived,0.05649794614954215,pure,net_income / total_stockholders_equity,important
AVGO,2025,Q3,quarterly,roa,Return on Assets,derived,0.02499683011212346,pure,net_income / total_assets,optional
AVGO,2025,Q3,quarterly,roic,Return on Invested Capital,derived,0.03651605570509227,pure,(operating_income * (1 - effective_tax_rate)) / (total_debt + total_stockholders_equity - cash_and_cash_equivalents),core
AVGO,2025,Q3,quarterly,revenue_yoy_growth,Revenue YoY Growth %,derived,0.22031823745410037,pure,(revenue - revenue_prior_year) / revenue_prior_year,core
AVGO,2025,Q3,quarterly,eps_yoy_growth,Diluted EPS YoY Growth %,derived,-3.125,pure,(eps_diluted - eps_diluted_prior_year) / eps_diluted_prior_year,important
AVGO,2025,Q3,quarterly,diluted_share_count_change,YoY Diluted Share Count Change,derived,0.042247480162985296,pure,(weighted_avg_shares_diluted / weighted_avg_shares_diluted_prior_year) - 1,optional
AVGO,2025,Q3,quarterly,deferred_revenue_total,Total Deferred Revenue,derived,14336000000,USD,deferred_revenue_current + deferred_revenue_noncurrent,important
AVGO,2025,Q3,quarterly,segment_revenue_mix_pct,Segment Revenue Mix %,derived,,pure,segment_revenue / revenue,important
AVGO,2025,FY,annual,gross_profit_derived,Gross Profit (derived fallback),derived,43294000000,USD,revenue - cost_of_revenue,important
AVGO,2025,FY,annual,gross_margin,Gross Margin %,derived,0.6776652527118193,pure,gross_profit / revenue,core
AVGO,2025,FY,annual,operating_margin,Operating Margin %,derived,0.3988917933225852,pure,operating_income / revenue,core
AVGO,2025,FY,annual,net_margin,Net Margin %,derived,0.3619828760154648,pure,net_income / revenue,core
AVGO,2025,FY,annual,effective_tax_rate,Effective Tax Rate,derived,-0.0174666725328875,pure,income_tax_expense / pretax_income,important
AVGO,2025,FY,annual,rd_intensity,R&D Intensity (R&D / Revenue),derived,0.1718189929093556,pure,research_development_expense / revenue,core
AVGO,2025,FY,annual,sbc_pct_revenue,Stock-Based Comp % of Revenue,derived,0.11845915444456619,pure,stock_based_compensation / revenue,important
AVGO,2025,FY,annual,capex_intensity,Capex Intensity (Capex / Revenue),derived,0.009751592655782867,pure,capital_expenditures / revenue,important
AVGO,2025,FY,annual,free_cash_flow,Free Cash Flow (FCF),derived,26914000000,USD,net_cash_from_operating_activities - capital_expenditures,core
AVGO,2025,FY,annual,fcf_margin,FCF Margin %,derived,0.4212750637844945,pure,free_cash_flow / revenue,core
AVGO,2025,FY,annual,net_working_capital,Net Working Capital,derived,13059000000,USD,total_current_assets - total_current_liabilities,important
AVGO,2025,FY,annual,total_debt,Total Debt,derived,65136000000,USD,short_term_debt + long_term_debt,core
AVGO,2025,FY,annual,net_debt,Net Debt (Net Cash),derived,48958000000,USD,total_debt - cash_and_cash_equivalents - short_term_investments,core
AVGO,2025,FY,annual,tangible_book_value,Tangible Book Value,derived,-48782000000,USD,total_stockholders_equity - goodwill - intangible_assets_net,optional
AVGO,2025,FY,annual,book_value_per_share,Book Value Per Share,derived,,USD/shares,total_stockholders_equity / shares_outstanding,important
AVGO,2025,FY,annual,inventory_days,Days Inventory Outstanding (DIO),derived,40.234545719419216,days,(inventory_net / cost_of_revenue) * 365,important
AVGO,2025,FY,annual,days_sales_outstanding,Days Sales Outstanding (DSO),derived,40.82090253103135,days,(accounts_receivable_net / revenue) * 365,optional
AVGO,2025,FY,annual,roe,Return on Equity,derived,0.2844806377011268,pure,net_income / total_stockholders_equity,important
AVGO,2025,FY,annual,roa,Return on Assets,derived,0.13516704463095877,pure,net_income / total_assets,optional
AVGO,2025,FY,annual,roic,Return on Invested Capital,derived,0.19907194382209678,pure,(operating_income * (1 - effective_tax_rate)) / (total_debt + total_stockholders_equity - cash_and_cash_equivalents),core
AVGO,2025,FY,annual,revenue_yoy_growth,Revenue YoY Growth %,derived,0.23874432853763525,pure,(revenue - revenue_prior_year) / revenue_prior_year,core
AVGO,2025,FY,annual,eps_yoy_growth,Diluted EPS YoY Growth %,derived,2.8780487804878048,pure,(eps_diluted - eps_diluted_prior_year) / eps_diluted_prior_year,important
AVGO,2025,FY,annual,diluted_share_count_change,YoY Diluted Share Count Change,derived,0.015696944328170703,pure,(weighted_avg_shares_diluted / weighted_avg_shares_diluted_prior_year) - 1,optional
AVGO,2025,FY,annual,deferred_revenue_total,Total Deferred Revenue,derived,13016000000,USD,deferred_revenue_current + deferred_revenue_noncurrent,important
AVGO,2025,FY,annual,segment_revenue_mix_pct,Segment Revenue Mix %,derived,,pure,segment_revenue / revenue,important
AVGO,2026,Q1,quarterly,gross_profit_derived,Gross Profit (derived fallback),derived,13157000000,USD,revenue - cost_of_revenue,important
AVGO,2026,Q1,quarterly,gross_margin,Gross Margin %,derived,0.681321526591062,pure,gross_profit / revenue,core
AVGO,2026,Q1,quarterly,operating_margin,Operating Margin %,derived,0.44342602661695407,pure,operating_income / revenue,core
AVGO,2026,Q1,quarterly,net_margin,Net Margin %,derived,0.3805603024183108,pure,net_income / revenue,core
AVGO,2026,Q1,quarterly,effective_tax_rate,Effective Tax Rate,derived,0.10323367907260525,pure,income_tax_expense / pretax_income,important
AVGO,2026,Q1,quarterly,rd_intensity,R&D Intensity (R&D / Revenue),derived,0.15353943348350682,pure,research_development_expense / revenue,core
AVGO,2026,Q1,quarterly,sbc_pct_revenue,Stock-Based Comp % of Revenue,derived,0.1126818911501217,pure,stock_based_compensation / revenue,important
AVGO,2026,Q1,quarterly,capex_intensity,Capex Intensity (Capex / Revenue),derived,0.01294598933250479,pure,capital_expenditures / revenue,important
AVGO,2026,Q1,quarterly,free_cash_flow,Free Cash Flow (FCF),derived,8010000000,USD,net_cash_from_operating_activities - capital_expenditures,core
AVGO,2026,Q1,quarterly,fcf_margin,FCF Margin %,derived,0.41478949821345346,pure,free_cash_flow / revenue,core
AVGO,2026,Q1,quarterly,net_working_capital,Net Working Capital,derived,15203000000,USD,total_current_assets - total_current_liabilities,important
AVGO,2026,Q1,quarterly,total_debt,Total Debt,derived,66057000000,USD,short_term_debt + long_term_debt,core
AVGO,2026,Q1,quarterly,net_debt,Net Debt (Net Cash),derived,51883000000,USD,total_debt - cash_and_cash_equivalents - short_term_investments,core
AVGO,2026,Q1,quarterly,tangible_book_value,Tangible Book Value,derived,-48231000000,USD,total_stockholders_equity - goodwill - intangible_assets_net,optional
AVGO,2026,Q1,quarterly,book_value_per_share,Book Value Per Share,derived,,USD/shares,total_stockholders_equity / shares_outstanding,important
AVGO,2026,Q1,quarterly,inventory_days,Days Inventory Outstanding (DIO),derived,175.67923301917452,days,(inventory_net / cost_of_revenue) * 365,important
AVGO,2026,Q1,quarterly,days_sales_outstanding,Days Sales Outstanding (DSO),derived,159.90368183936616,days,(accounts_receivable_net / revenue) * 365,optional
AVGO,2026,Q1,quarterly,roe,Return on Equity,derived,0.09200971554487179,pure,net_income / total_stockholders_equity,important
AVGO,2026,Q1,quarterly,roa,Return on Assets,derived,0.043254092040752666,pure,net_income / total_assets,optional
AVGO,2026,Q1,quarterly,roic,Return on Invested Capital,derived,0.058282494069305,pure,(operating_income * (1 - effective_tax_rate)) / (total_debt + total_stockholders_equity - cash_and_cash_equivalents),core
AVGO,2026,Q1,quarterly,revenue_yoy_growth,Revenue YoY Growth %,derived,0.2946500402252615,pure,(revenue - revenue_prior_year) / revenue_prior_year,core
AVGO,2026,Q1,quarterly,eps_yoy_growth,Diluted EPS YoY Growth %,derived,0.3157894736842106,pure,(eps_diluted - eps_diluted_prior_year) / eps_diluted_prior_year,important
AVGO,2026,Q1,quarterly,diluted_share_count_change,YoY Diluted Share Count Change,derived,0.010752688172043001,pure,(weighted_avg_shares_diluted / weighted_avg_shares_diluted_prior_year) - 1,optional
AVGO,2026,Q1,quarterly,deferred_revenue_total,Total Deferred Revenue,derived,12855000000,USD,deferred_revenue_current + deferred_revenue_noncurrent,important
AVGO,2026,Q1,quarterly,segment_revenue_mix_pct,Segment Revenue Mix %,derived,,pure,segment_revenue / revenue,important
MRVL,2024,Q1,quarterly,gross_profit_derived,Gross Profit (derived fallback),derived,557200000,USD,revenue - cost_of_revenue,important
MRVL,2024,Q1,quarterly,gross_margin,Gross Margin %,derived,0.42157827040932133,pure,gross_profit / revenue,core
MRVL,2024,Q1,quarterly,operating_margin,Operating Margin %,derived,-0.13800408564727246,pure,operating_income / revenue,core
MRVL,2024,Q1,quarterly,net_margin,Net Margin %,derived,-0.1277899674661421,pure,net_income / revenue,core
MRVL,2024,Q1,quarterly,effective_tax_rate,Effective Tax Rate,derived,,pure,income_tax_expense / pretax_income,important
MRVL,2024,Q1,quarterly,rd_intensity,R&D Intensity (R&D / Revenue),derived,0.36369826738291594,pure,research_development_expense / revenue,core
MRVL,2024,Q1,quarterly,sbc_pct_revenue,Stock-Based Comp % of Revenue,derived,0.10834531285465689,pure,stock_based_compensation / revenue,important
MRVL,2024,Q1,quarterly,capex_intensity,Capex Intensity (Capex / Revenue),derived,0.07550881440568964,pure,capital_expenditures / revenue,important
MRVL,2024,Q1,quarterly,free_cash_flow,Free Cash Flow (FCF),derived,108600000,USD,net_cash_from_operating_activities - capital_expenditures,core
MRVL,2024,Q1,quarterly,fcf_margin,FCF Margin %,derived,0.08216690625709314,pure,free_cash_flow / revenue,core
MRVL,2024,Q1,quarterly,net_working_capital,Net Working Capital,derived,141500000,USD,total_current_assets - total_current_liabilities,important
MRVL,2024,Q1,quarterly,total_debt,Total Debt,derived,4672500000,USD,short_term_debt + long_term_debt,core
MRVL,2024,Q1,quarterly,net_debt,Net Debt (Net Cash),derived,3644200000,USD,total_debt - cash_and_cash_equivalents - short_term_investments,core
MRVL,2024,Q1,quarterly,tangible_book_value,Tangible Book Value,derived,-925000000,USD,total_stockholders_equity - goodwill - intangible_assets_net,optional
MRVL,2024,Q1,quarterly,book_value_per_share,Book Value Per Share,derived,,USD/shares,total_stockholders_equity / shares_outstanding,important
MRVL,2024,Q1,quarterly,inventory_days,Days Inventory Outstanding (DIO),derived,489.84957488554613,days,(inventory_net / cost_of_revenue) * 365,important
MRVL,2024,Q1,quarterly,days_sales_outstanding,Days Sales Outstanding (DSO),derived,276.40803510630246,days,(accounts_receivable_net / revenue) * 365,optional
MRVL,2024,Q1,quarterly,roe,Return on Equity,derived,-0.010901064289817283,pure,net_income / total_stockholders_equity,important
MRVL,2024,Q1,quarterly,roa,Return on Assets,derived,-0.0075831043586013685,pure,net_income / total_assets,optional
MRVL,2024,Q1,quarterly,roic,Return on Invested Capital,derived,,pure,(operating_income * (1 - effective_tax_rate)) / (total_debt + total_stockholders_equity - cash_and_cash_equivalents),core
MRVL,2024,Q1,quarterly,revenue_yoy_growth,Revenue YoY Growth %,derived,,pure,(revenue - revenue_prior_year) / revenue_prior_year,core
MRVL,2024,Q1,quarterly,eps_yoy_growth,Diluted EPS YoY Growth %,derived,,pure,(eps_diluted - eps_diluted_prior_year) / eps_diluted_prior_year,important
MRVL,2024,Q1,quarterly,diluted_share_count_change,YoY Diluted Share Count Change,derived,,pure,(weighted_avg_shares_diluted / weighted_avg_shares_diluted_prior_year) - 1,optional
MRVL,2024,Q1,quarterly,deferred_revenue_total,Total Deferred Revenue,derived,44400000,USD,deferred_revenue_current + deferred_revenue_noncurrent,important
MRVL,2024,Q1,quarterly,segment_revenue_mix_pct,Segment Revenue Mix %,derived,,pure,segment_revenue / revenue,important
MRVL,2024,Q2,quarterly,gross_profit_derived,Gross Profit (derived fallback),derived,521100000,USD,revenue - cost_of_revenue,important
MRVL,2024,Q2,quarterly,gross_margin,Gross Margin %,derived,0.3886195838615855,pure,gross_profit / revenue,core
MRVL,2024,Q2,quarterly,operating_margin,Operating Margin %,derived,-0.15340442986054142,pure,operating_income / revenue,core
MRVL,2024,Q2,quarterly,net_margin,Net Margin %,derived,-0.15474681184279215,pure,net_income / revenue,core
MRVL,2024,Q2,quarterly,effective_tax_rate,Effective Tax Rate,derived,,pure,income_tax_expense / pretax_income,important
MRVL,2024,Q2,quarterly,rd_intensity,R&D Intensity (R&D / Revenue),derived,0.35409053620702513,pure,research_development_expense / revenue,core
MRVL,2024,Q2,quarterly,sbc_pct_revenue,Stock-Based Comp % of Revenue,derived,,pure,stock_based_compensation / revenue,important
MRVL,2024,Q2,quarterly,capex_intensity,Capex Intensity (Capex / Revenue),derived,,pure,capital_expenditures / revenue,important
MRVL,2024,Q2,quarterly,free_cash_flow,Free Cash Flow (FCF),derived,,USD,net_cash_from_operating_activities - capital_expenditures,core
MRVL,2024,Q2,quarterly,fcf_margin,FCF Margin %,derived,,pure,free_cash_flow / revenue,core
MRVL,2024,Q2,quarterly,net_working_capital,Net Working Capital,derived,82000000,USD,total_current_assets - total_current_liabilities,important
MRVL,2024,Q2,quarterly,total_debt,Total Debt,derived,4153100000,USD,short_term_debt + long_term_debt,core
MRVL,2024,Q2,quarterly,net_debt,Net Debt (Net Cash),derived,3729700000,USD,total_debt - cash_and_cash_equivalents - short_term_investments,core
MRVL,2024,Q2,quarterly,tangible_book_value,Tangible Book Value,derived,-757600000,USD,total_stockholders_equity - goodwill - intangible_assets_net,optional
MRVL,2024,Q2,quarterly,book_value_per_share,Book Value Per Share,derived,,USD/shares,total_stockholders_equity / shares_outstanding,important
MRVL,2024,Q2,quarterly,inventory_days,Days Inventory Outstanding (DIO),derived,452.2651866308856,days,(inventory_net / cost_of_revenue) * 365,important
MRVL,2024,Q2,quarterly,days_sales_outstanding,Days Sales Outstanding (DSO),derived,329.1505705123425,days,(accounts_receivable_net / revenue) * 365,optional
MRVL,2024,Q2,quarterly,roe,Return on Equity,derived,-0.013483219077942752,pure,net_income / total_stockholders_equity,important
MRVL,2024,Q2,quarterly,roa,Return on Assets,derived,-0.009540186022133232,pure,net_income / total_assets,optional
MRVL,2024,Q2,quarterly,roic,Return on Invested Capital,derived,,pure,(operating_income * (1 - effective_tax_rate)) / (total_debt + total_stockholders_equity - cash_and_cash_equivalents),core
MRVL,2024,Q2,quarterly,revenue_yoy_growth,Revenue YoY Growth %,derived,,pure,(revenue - revenue_prior_year) / revenue_prior_year,core
MRVL,2024,Q2,quarterly,eps_yoy_growth,Diluted EPS YoY Growth %,derived,,pure,(eps_diluted - eps_diluted_prior_year) / eps_diluted_prior_year,important
MRVL,2024,Q2,quarterly,diluted_share_count_change,YoY Diluted Share Count Change,derived,,pure,(weighted_avg_shares_diluted / weighted_avg_shares_diluted_prior_year) - 1,optional
MRVL,2024,Q2,quarterly,deferred_revenue_total,Total Deferred Revenue,derived,44600000,USD,deferred_revenue_current + deferred_revenue_noncurrent,important
MRVL,2024,Q2,quarterly,segment_revenue_mix_pct,Segment Revenue Mix %,derived,,pure,segment_revenue / revenue,important
MRVL,2024,Q3,quarterly,gross_profit_derived,Gross Profit (derived fallback),derived,551200000,USD,revenue - cost_of_revenue,important
MRVL,2024,Q3,quarterly,gross_margin,Gross Margin %,derived,0.3885520936134217,pure,gross_profit / revenue,core
MRVL,2024,Q3,quarterly,operating_margin,Operating Margin %,derived,-0.10312984632736501,pure,operating_income / revenue,core
MRVL,2024,Q3,quarterly,net_margin,Net Margin %,derived,-0.11581841251938531,pure,net_income / revenue,core
MRVL,2024,Q3,quarterly,effective_tax_rate,Effective Tax Rate,derived,,pure,income_tax_expense / pretax_income,important
MRVL,2024,Q3,quarterly,rd_intensity,R&D Intensity (R&D / Revenue),derived,0.3391371774989426,pure,research_development_expense / revenue,core
MRVL,2024,Q3,quarterly,sbc_pct_revenue,Stock-Based Comp % of Revenue,derived,,pure,stock_based_compensation / revenue,important
MRVL,2024,Q3,quarterly,capex_intensity,Capex Intensity (Capex / Revenue),derived,,pure,capital_expenditures / revenue,important
MRVL,2024,Q3,quarterly,free_cash_flow,Free Cash Flow (FCF),derived,,USD,net_cash_from_operating_activities - capital_expenditures,core
MRVL,2024,Q3,quarterly,fcf_margin,FCF Margin %,derived,,pure,free_cash_flow / revenue,core
MRVL,2024,Q3,quarterly,net_working_capital,Net Working Capital,derived,1093600000,USD,total_current_assets - total_current_liabilities,important
MRVL,2024,Q3,quarterly,total_debt,Total Debt,derived,4185900000,USD,short_term_debt + long_term_debt,core
MRVL,2024,Q3,quarterly,net_debt,Net Debt (Net Cash),derived,3460300000,USD,total_debt - cash_and_cash_equivalents - short_term_investments,core
MRVL,2024,Q3,quarterly,tangible_book_value,Tangible Book Value,derived,-643900000,USD,total_stockholders_equity - goodwill - intangible_assets_net,optional
MRVL,2024,Q3,quarterly,book_value_per_share,Book Value Per Share,derived,,USD/shares,total_stockholders_equity / shares_outstanding,important
MRVL,2024,Q3,quarterly,inventory_days,Days Inventory Outstanding (DIO),derived,396.1811159787872,days,(inventory_net / cost_of_revenue) * 365,important
MRVL,2024,Q3,quarterly,days_sales_outstanding,Days Sales Outstanding (DSO),derived,312.51163118567604,days,(accounts_receivable_net / revenue) * 365,optional
MRVL,2024,Q3,quarterly,roe,Return on Equity,derived,-0.010785510785510785,pure,net_income / total_stockholders_equity,important
MRVL,2024,Q3,quarterly,roa,Return on Assets,derived,-0.007566407545223446,pure,net_income / total_assets,optional
MRVL,2024,Q3,quarterly,roic,Return on Invested Capital,derived,,pure,(operating_income * (1 - effective_tax_rate)) / (total_debt + total_stockholders_equity - cash_and_cash_equivalents),core
MRVL,2024,Q3,quarterly,revenue_yoy_growth,Revenue YoY Growth %,derived,,pure,(revenue - revenue_prior_year) / revenue_prior_year,core
MRVL,2024,Q3,quarterly,eps_yoy_growth,Diluted EPS YoY Growth %,derived,,pure,(eps_diluted - eps_diluted_prior_year) / eps_diluted_prior_year,important
MRVL,2024,Q3,quarterly,diluted_share_count_change,YoY Diluted Share Count Change,derived,,pure,(weighted_avg_shares_diluted / weighted_avg_shares_diluted_prior_year) - 1,optional
MRVL,2024,Q3,quarterly,deferred_revenue_total,Total Deferred Revenue,derived,56900000,USD,deferred_revenue_current + deferred_revenue_noncurrent,important
MRVL,2024,Q3,quarterly,segment_revenue_mix_pct,Segment Revenue Mix %,derived,,pure,segment_revenue / revenue,important
MRVL,2024,FY,annual,gross_profit_derived,Gross Profit (derived fallback),derived,2293600000,USD,revenue - cost_of_revenue,important
MRVL,2024,FY,annual,gross_margin,Gross Margin %,derived,0.4164351725765746,pure,gross_profit / revenue,core
MRVL,2024,FY,annual,operating_margin,Operating Margin %,derived,-0.10307387838843801,pure,operating_income / revenue,core
MRVL,2024,FY,annual,net_margin,Net Margin %,derived,-0.16947183034660565,pure,net_income / revenue,core
MRVL,2024,FY,annual,effective_tax_rate,Effective Tax Rate,derived,-0.2302622907605114,pure,income_tax_expense / pretax_income,important
MRVL,2024,FY,annual,rd_intensity,R&D Intensity (R&D / Revenue),derived,0.3442816420647457,pure,research_development_expense / revenue,core
MRVL,2024,FY,annual,sbc_pct_revenue,Stock-Based Comp % of Revenue,derived,0.11071772246128148,pure,stock_based_compensation / revenue,important
MRVL,2024,FY,annual,capex_intensity,Capex Intensity (Capex / Revenue),derived,0.06105997058663326,pure,capital_expenditures / revenue,important
MRVL,2024,FY,annual,free_cash_flow,Free Cash Flow (FCF),derived,1034200000,USD,net_cash_from_operating_activities - capital_expenditures,core
MRVL,2024,FY,annual,fcf_margin,FCF Margin %,derived,0.18777348076329503,pure,free_cash_flow / revenue,core
MRVL,2024,FY,annual,net_working_capital,Net Working Capital,derived,1248500000,USD,total_current_assets - total_current_liabilities,important
MRVL,2024,FY,annual,total_debt,Total Debt,derived,4165900000,USD,short_term_debt + long_term_debt,core
MRVL,2024,FY,annual,net_debt,Net Debt (Net Cash),derived,3215100000,USD,total_debt - cash_and_cash_equivalents - short_term_investments,core
MRVL,2024,FY,annual,tangible_book_value,Tangible Book Value,derived,-759600000,USD,total_stockholders_equity - goodwill - intangible_assets_net,optional
MRVL,2024,FY,annual,book_value_per_share,Book Value Per Share,derived,,USD/shares,total_stockholders_equity / shares_outstanding,important
MRVL,2024,FY,annual,inventory_days,Days Inventory Outstanding (DIO),derived,98.16309386764569,days,(inventory_net / cost_of_revenue) * 365,important
MRVL,2024,FY,annual,days_sales_outstanding,Days Sales Outstanding (DSO),derived,74.32939339470197,days,(accounts_receivable_net / revenue) * 365,optional
MRVL,2024,FY,annual,roe,Return on Equity,derived,-0.06293404533624607,pure,net_income / total_stockholders_equity,important
MRVL,2024,FY,annual,roa,Return on Assets,derived,-0.04396919235932826,pure,net_income / total_assets,optional
MRVL,2024,FY,annual,roic,Return on Invested Capital,derived,-0.03870112777905645,pure,(operating_income * (1 - effective_tax_rate)) / (total_debt + total_stockholders_equity - cash_and_cash_equivalents),core
MRVL,2024,FY,annual,revenue_yoy_growth,Revenue YoY Growth %,derived,,pure,(revenue - revenue_prior_year) / revenue_prior_year,core
MRVL,2024,FY,annual,eps_yoy_growth,Diluted EPS YoY Growth %,derived,,pure,(eps_diluted - eps_diluted_prior_year) / eps_diluted_prior_year,important
MRVL,2024,FY,annual,diluted_share_count_change,YoY Diluted Share Count Change,derived,,pure,(weighted_avg_shares_diluted / weighted_avg_shares_diluted_prior_year) - 1,optional
MRVL,2024,FY,annual,deferred_revenue_total,Total Deferred Revenue,derived,43200000,USD,deferred_revenue_current + deferred_revenue_noncurrent,important
MRVL,2024,FY,annual,segment_revenue_mix_pct,Segment Revenue Mix %,derived,,pure,segment_revenue / revenue,important
MRVL,2025,Q1,quarterly,gross_profit_derived,Gross Profit (derived fallback),derived,527800000,USD,revenue - cost_of_revenue,important
MRVL,2025,Q1,quarterly,gross_margin,Gross Margin %,derived,0.45464725643896975,pure,gross_profit / revenue,core
MRVL,2025,Q1,quarterly,operating_margin,Operating Margin %,derived,-0.13119131708157464,pure,operating_income / revenue,core
MRVL,2025,Q1,quarterly,net_margin,Net Margin %,derived,-0.1857179774313033,pure,net_income / revenue,core
MRVL,2025,Q1,quarterly,effective_tax_rate,Effective Tax Rate,derived,,pure,income_tax_expense / pretax_income,important
MRVL,2025,Q1,quarterly,rd_intensity,R&D Intensity (R&D / Revenue),derived,0.4101128434835042,pure,research_development_expense / revenue,core
MRVL,2025,Q1,quarterly,sbc_pct_revenue,Stock-Based Comp % of Revenue,derived,0.11758118701007839,pure,stock_based_compensation / revenue,important
MRVL,2025,Q1,quarterly,capex_intensity,Capex Intensity (Capex / Revenue),derived,0.07881815832543716,pure,capital_expenditures / revenue,important
MRVL,2025,Q1,quarterly,free_cash_flow,Free Cash Flow (FCF),derived,233000000,USD,net_cash_from_operating_activities - capital_expenditures,core
MRVL,2025,Q1,quarterly,fcf_margin,FCF Margin %,derived,0.20070634852269792,pure,free_cash_flow / revenue,core
MRVL,2025,Q1,quarterly,net_working_capital,Net Working Capital,derived,1180000000,USD,total_current_assets - total_current_liabilities,important
MRVL,2025,Q1,quarterly,total_debt,Total Debt,derived,4145900000,USD,short_term_debt + long_term_debt,core
MRVL,2025,Q1,quarterly,net_debt,Net Debt (Net Cash),derived,3298200000,USD,total_debt - cash_and_cash_equivalents - short_term_investments,core
MRVL,2025,Q1,quarterly,tangible_book_value,Tangible Book Value,derived,-847400000,USD,total_stockholders_equity - goodwill - intangible_assets_net,optional
MRVL,2025,Q1,quarterly,book_value_per_share,Book Value Per Share,derived,,USD/shares,total_stockholders_equity / shares_outstanding,important
MRVL,2025,Q1,quarterly,inventory_days,Days Inventory Outstanding (DIO),derived,476.4429000157953,days,(inventory_net / cost_of_revenue) * 365,important
MRVL,2025,Q1,quarterly,days_sales_outstanding,Days Sales Outstanding (DSO),derived,277.2792660866569,days,(accounts_receivable_net / revenue) * 365,optional
MRVL,2025,Q1,quarterly,roe,Return on Equity,derived,-0.014890839647205896,pure,net_income / total_stockholders_equity,important
MRVL,2025,Q1,quarterly,roa,Return on Assets,derived,-0.010521692450344053,pure,net_income / total_assets,optional
MRVL,2025,Q1,quarterly,roic,Return on Invested Capital,derived,,pure,(operating_income * (1 - effective_tax_rate)) / (total_debt + total_stockholders_equity - cash_and_cash_equivalents),core
MRVL,2025,Q1,quarterly,revenue_yoy_growth,Revenue YoY Growth %,derived,-0.12166149655746387,pure,(revenue - revenue_prior_year) / revenue_prior_year,core
MRVL,2025,Q1,quarterly,eps_yoy_growth,Diluted EPS YoY Growth %,derived,0.24999999999999994,pure,(eps_diluted - eps_diluted_prior_year) / eps_diluted_prior_year,important
MRVL,2025,Q1,quarterly,diluted_share_count_change,YoY Diluted Share Count Change,derived,0.009688338975137212,pure,(weighted_avg_shares_diluted / weighted_avg_shares_diluted_prior_year) - 1,optional
MRVL,2025,Q1,quarterly,deferred_revenue_total,Total Deferred Revenue,derived,33900000,USD,deferred_revenue_current + deferred_revenue_noncurrent,important
MRVL,2025,Q1,quarterly,segment_revenue_mix_pct,Segment Revenue Mix %,derived,,pure,segment_revenue / revenue,important
MRVL,2025,Q2,quarterly,gross_profit_derived,Gross Profit (derived fallback),derived,587600000,USD,revenue - cost_of_revenue,important
MRVL,2025,Q2,quarterly,gross_margin,Gross Margin %,derived,0.4616230654411187,pure,gross_profit / revenue,core
MRVL,2025,Q2,quarterly,operating_margin,Operating Margin %,derived,-0.07887500982009585,pure,operating_income / revenue,core
MRVL,2025,Q2,quarterly,net_margin,Net Margin %,derived,-0.15185796213371042,pure,net_income / revenue,core
MRVL,2025,Q2,quarterly,effective_tax_rate,Effective Tax Rate,derived,,pure,income_tax_expense / pretax_income,important
MRVL,2025,Q2,quarterly,rd_intensity,R&D Intensity (R&D / Revenue),derived,0.38235525178725743,pure,research_development_expense / revenue,core
MRVL,2025,Q2,quarterly,sbc_pct_revenue,Stock-Based Comp % of Revenue,derived,,pure,stock_based_compensation / revenue,important
MRVL,2025,Q2,quarterly,capex_intensity,Capex Intensity (Capex / Revenue),derived,,pure,capital_expenditures / revenue,important
MRVL,2025,Q2,quarterly,free_cash_flow,Free Cash Flow (FCF),derived,,USD,net_cash_from_operating_activities - capital_expenditures,core
MRVL,2025,Q2,quarterly,fcf_margin,FCF Margin %,derived,,pure,free_cash_flow / revenue,core
MRVL,2025,Q2,quarterly,net_working_capital,Net Working Capital,derived,1217400000,USD,total_current_assets - total_current_liabilities,important
MRVL,2025,Q2,quarterly,total_debt,Total Debt,derived,4125800000,USD,short_term_debt + long_term_debt,core
MRVL,2025,Q2,quarterly,net_debt,Net Debt (Net Cash),derived,3317100000,USD,total_debt - cash_and_cash_equivalents - short_term_investments,core
MRVL,2025,Q2,quarterly,tangible_book_value,Tangible Book Value,derived,-845400000,USD,total_stockholders_equity - goodwill - intangible_assets_net,optional
MRVL,2025,Q2,quarterly,book_value_per_share,Book Value Per Share,derived,,USD/shares,total_stockholders_equity / shares_outstanding,important
MRVL,2025,Q2,quarterly,inventory_days,Days Inventory Outstanding (DIO),derived,435.57128264993435,days,(inventory_net / cost_of_revenue) * 365,important
MRVL,2025,Q2,quarterly,days_sales_outstanding,Days Sales Outstanding (DSO),derived,303.98028124754495,days,(accounts_receivable_net / revenue) * 365,optional
MRVL,2025,Q2,quarterly,roe,Return on Equity,derived,-0.013607980344810594,pure,net_income / total_stockholders_equity,important
MRVL,2025,Q2,quarterly,roa,Return on Assets,derived,-0.009525264371667636,pure,net_income / total_assets,optional
MRVL,2025,Q2,quarterly,roic,Return on Invested Capital,derived,,pure,(operating_income * (1 - effective_tax_rate)) / (total_debt + total_stockholders_equity - cash_and_cash_equivalents),core
MRVL,2025,Q2,quarterly,revenue_yoy_growth,Revenue YoY Growth %,derived,-0.0507122082183608,pure,(revenue - revenue_prior_year) / revenue_prior_year,core
MRVL,2025,Q2,quarterly,eps_yoy_growth,Diluted EPS YoY Growth %,derived,-0.0833333333333333,pure,(eps_diluted - eps_diluted_prior_year) / eps_diluted_prior_year,important
MRVL,2025,Q2,quarterly,diluted_share_count_change,YoY Diluted Share Count Change,derived,0.005575560459983642,pure,(weighted_avg_shares_diluted / weighted_avg_shares_diluted_prior_year) - 1,optional
MRVL,2025,Q2,quarterly,deferred_revenue_total,Total Deferred Revenue,derived,39200000,USD,deferred_revenue_current + deferred_revenue_noncurrent,important
MRVL,2025,Q2,quarterly,segment_revenue_mix_pct,Segment Revenue Mix %,derived,,pure,segment_revenue / revenue,important
MRVL,2025,Q3,quarterly,gross_profit_derived,Gross Profit (derived fallback),derived,349400000,USD,revenue - cost_of_revenue,important
MRVL,2025,Q3,quarterly,gross_margin,Gross Margin %,derived,0.23045973220763802,pure,gross_profit / revenue,core
MRVL,2025,Q3,quarterly,operating_margin,Operating Margin %,derived,-0.46355781280918146,pure,operating_income / revenue,core
MRVL,2025,Q3,quarterly,net_margin,Net Margin %,derived,-0.4460787546995581,pure,net_income / revenue,core
MRVL,2025,Q3,quarterly,effective_tax_rate,Effective Tax Rate,derived,,pure,income_tax_expense / pretax_income,important
MRVL,2025,Q3,quarterly,rd_intensity,R&D Intensity (R&D / Revenue),derived,0.32227425631554646,pure,research_development_expense / revenue,core
MRVL,2025,Q3,quarterly,sbc_pct_revenue,Stock-Based Comp % of Revenue,derived,,pure,stock_based_compensation / revenue,important
MRVL,2025,Q3,quarterly,capex_intensity,Capex Intensity (Capex / Revenue),derived,,pure,capital_expenditures / revenue,important
MRVL,2025,Q3,quarterly,free_cash_flow,Free Cash Flow (FCF),derived,,USD,net_cash_from_operating_activities - capital_expenditures,core
MRVL,2025,Q3,quarterly,fcf_margin,FCF Margin %,derived,,pure,free_cash_flow / revenue,core
MRVL,2025,Q3,quarterly,net_working_capital,Net Working Capital,derived,1053200000,USD,total_current_assets - total_current_liabilities,important
MRVL,2025,Q3,quarterly,total_debt,Total Debt,derived,4094900000,USD,short_term_debt + long_term_debt,core
MRVL,2025,Q3,quarterly,net_debt,Net Debt (Net Cash),derived,3226800000,USD,total_debt - cash_and_cash_equivalents - short_term_investments,core
MRVL,2025,Q3,quarterly,tangible_book_value,Tangible Book Value,derived,-1171700000,USD,total_stockholders_equity - goodwill - intangible_assets_net,optional
MRVL,2025,Q3,quarterly,book_value_per_share,Book Value Per Share,derived,,USD/shares,total_stockholders_equity / shares_outstanding,important
MRVL,2025,Q3,quarterly,inventory_days,Days Inventory Outstanding (DIO),derived,268.86174680723406,days,(inventory_net / cost_of_revenue) * 365,important
MRVL,2025,Q3,quarterly,days_sales_outstanding,Days Sales Outstanding (DSO),derived,240.24371743288702,days,(accounts_receivable_net / revenue) * 365,optional
MRVL,2025,Q3,quarterly,roe,Return on Equity,derived,-0.05057242632488092,pure,net_income / total_stockholders_equity,important
MRVL,2025,Q3,quarterly,roa,Return on Assets,derived,-0.03430278561139402,pure,net_income / total_assets,optional
MRVL,2025,Q3,quarterly,roic,Return on Invested Capital,derived,,pure,(operating_income * (1 - effective_tax_rate)) / (total_debt + total_stockholders_equity - cash_and_cash_equivalents),core
MRVL,2025,Q3,quarterly,revenue_yoy_growth,Revenue YoY Growth %,derived,0.06872973354010997,pure,(revenue - revenue_prior_year) / revenue_prior_year,core
MRVL,2025,Q3,quarterly,eps_yoy_growth,Diluted EPS YoY Growth %,derived,3.105263157894737,pure,(eps_diluted - eps_diluted_prior_year) / eps_diluted_prior_year,important
MRVL,2025,Q3,quarterly,diluted_share_count_change,YoY Diluted Share Count Change,derived,0.003593786227683804,pure,(weighted_avg_shares_diluted / weighted_avg_shares_diluted_prior_year) - 1,optional
MRVL,2025,Q3,quarterly,deferred_revenue_total,Total Deferred Revenue,derived,34500000,USD,deferred_revenue_current + deferred_revenue_noncurrent,important
MRVL,2025,Q3,quarterly,segment_revenue_mix_pct,Segment Revenue Mix %,derived,,pure,segment_revenue / revenue,important
MRVL,2025,FY,annual,gross_profit_derived,Gross Profit (derived fallback),derived,2382200000,USD,revenue - cost_of_revenue,important
MRVL,2025,FY,annual,gross_margin,Gross Margin %,derived,0.4130529017044371,pure,gross_profit / revenue,core
MRVL,2025,FY,annual,operating_margin,Operating Margin %,derived,-0.12489379779099405,pure,operating_income / revenue,core
MRVL,2025,FY,annual,net_margin,Net Margin %,derived,-0.15345135505349122,pure,net_income / revenue,core
MRVL,2025,FY,annual,effective_tax_rate,Effective Tax Rate,derived,0.010841622890354308,pure,income_tax_expense / pretax_income,important
MRVL,2025,FY,annual,rd_intensity,R&D Intensity (R&D / Revenue),derived,0.33818251174726477,pure,research_development_expense / revenue,core
MRVL,2025,FY,annual,sbc_pct_revenue,Stock-Based Comp % of Revenue,derived,0.10358399944514764,pure,stock_based_compensation / revenue,important
MRVL,2025,FY,annual,capex_intensity,Capex Intensity (Capex / Revenue),derived,0.0493471815234165,pure,capital_expenditures / revenue,important
MRVL,2025,FY,annual,free_cash_flow,Free Cash Flow (FCF),derived,1396600000,USD,net_cash_from_operating_activities - capital_expenditures,core
MRVL,2025,FY,annual,fcf_margin,FCF Margin %,derived,0.24215837566972415,pure,free_cash_flow / revenue,core
MRVL,2025,FY,annual,net_working_capital,Net Working Capital,derived,1093500000,USD,total_current_assets - total_current_liabilities,important
MRVL,2025,FY,annual,total_debt,Total Debt,derived,4063800000,USD,short_term_debt + long_term_debt,core
MRVL,2025,FY,annual,net_debt,Net Debt (Net Cash),derived,3115500000,USD,total_debt - cash_and_cash_equivalents - short_term_investments,core
MRVL,2025,FY,annual,tangible_book_value,Tangible Book Value,derived,-870500000,USD,total_stockholders_equity - goodwill - intangible_assets_net,optional
MRVL,2025,FY,annual,book_value_per_share,Book Value Per Share,derived,,USD/shares,total_stockholders_equity / shares_outstanding,important
MRVL,2025,FY,annual,inventory_days,Days Inventory Outstanding (DIO),derived,111.02788691619155,days,(inventory_net / cost_of_revenue) * 365,important
MRVL,2025,FY,annual,days_sales_outstanding,Days Sales Outstanding (DSO),derived,65.08522185424722,days,(accounts_receivable_net / revenue) * 365,optional
MRVL,2025,FY,annual,roe,Return on Equity,derived,-0.0659119684218366,pure,net_income / total_stockholders_equity,important
MRVL,2025,FY,annual,roa,Return on Assets,derived,-0.04380212328936623,pure,net_income / total_assets,optional
MRVL,2025,FY,annual,roic,Return on Invested Capital,derived,-0.043070320630622806,pure,(operating_income * (1 - effective_tax_rate)) / (total_debt + total_stockholders_equity - cash_and_cash_equivalents),core
MRVL,2025,FY,annual,revenue_yoy_growth,Revenue YoY Growth %,derived,0.04713401238266427,pure,(revenue - revenue_prior_year) / revenue_prior_year,core
MRVL,2025,FY,annual,eps_yoy_growth,Diluted EPS YoY Growth %,derived,-0.0555555555555556,pure,(eps_diluted - eps_diluted_prior_year) / eps_diluted_prior_year,important
MRVL,2025,FY,annual,diluted_share_count_change,YoY Diluted Share Count Change,derived,0.004876349703935912,pure,(weighted_avg_shares_diluted / weighted_avg_shares_diluted_prior_year) - 1,optional
MRVL,2025,FY,annual,deferred_revenue_total,Total Deferred Revenue,derived,22100000,USD,deferred_revenue_current + deferred_revenue_noncurrent,important
MRVL,2025,FY,annual,segment_revenue_mix_pct,Segment Revenue Mix %,derived,,pure,segment_revenue / revenue,important
MRVL,2026,Q1,quarterly,gross_profit_derived,Gross Profit (derived fallback),derived,952400000,USD,revenue - cost_of_revenue,important
MRVL,2026,Q1,quarterly,gross_margin,Gross Margin %,derived,0.502506199546246,pure,gross_profit / revenue,core
MRVL,2026,Q1,quarterly,operating_margin,Operating Margin %,derived,0.142774230992455,pure,operating_income / revenue,core
MRVL,2026,Q1,quarterly,net_margin,Net Margin %,derived,0.09386376826887564,pure,net_income / revenue,core
MRVL,2026,Q1,quarterly,effective_tax_rate,Effective Tax Rate,derived,,pure,income_tax_expense / pretax_income,important
MRVL,2026,Q1,quarterly,rd_intensity,R&D Intensity (R&D / Revenue),derived,0.2678731599219121,pure,research_development_expense / revenue,core
MRVL,2026,Q1,quarterly,sbc_pct_revenue,Stock-Based Comp % of Revenue,derived,0.07497493800453754,pure,stock_based_compensation / revenue,important
MRVL,2026,Q1,quarterly,capex_intensity,Capex Intensity (Capex / Revenue),derived,0.06268136970400465,pure,capital_expenditures / revenue,important
MRVL,2026,Q1,quarterly,free_cash_flow,Free Cash Flow (FCF),derived,214100000,USD,net_cash_from_operating_activities - capital_expenditures,core
MRVL,2026,Q1,quarterly,fcf_margin,FCF Margin %,derived,0.11296364691605551,pure,free_cash_flow / revenue,core
MRVL,2026,Q1,quarterly,net_working_capital,Net Working Capital,derived,896200000,USD,total_current_assets - total_current_liabilities,important
MRVL,2026,Q1,quarterly,total_debt,Total Debt,derived,4232600000,USD,short_term_debt + long_term_debt,core
MRVL,2026,Q1,quarterly,net_debt,Net Debt (Net Cash),derived,3346700000,USD,total_debt - cash_and_cash_equivalents - short_term_investments,core
MRVL,2026,Q1,quarterly,tangible_book_value,Tangible Book Value,derived,-200400000,USD,total_stockholders_equity - goodwill - intangible_assets_net,optional
MRVL,2026,Q1,quarterly,book_value_per_share,Book Value Per Share,derived,,USD/shares,total_stockholders_equity / shares_outstanding,important
MRVL,2026,Q1,quarterly,inventory_days,Days Inventory Outstanding (DIO),derived,414.742814720543,days,(inventory_net / cost_of_revenue) * 365,important
MRVL,2026,Q1,quarterly,days_sales_outstanding,Days Sales Outstanding (DSO),derived,220.31340684852003,days,(accounts_receivable_net / revenue) * 365,optional
MRVL,2026,Q1,quarterly,roe,Return on Equity,derived,0.013363179520307676,pure,net_income / total_stockholders_equity,important
MRVL,2026,Q1,quarterly,roa,Return on Assets,derived,0.008884471900797554,pure,net_income / total_assets,optional
MRVL,2026,Q1,quarterly,roic,Return on Invested Capital,derived,,pure,(operating_income * (1 - effective_tax_rate)) / (total_debt + total_stockholders_equity - cash_and_cash_equivalents),core
MRVL,2026,Q1,quarterly,revenue_yoy_growth,Revenue YoY Growth %,derived,0.6326126281333448,pure,(revenue - revenue_prior_year) / revenue_prior_year,core
MRVL,2026,Q1,quarterly,eps_yoy_growth,Diluted EPS YoY Growth %,derived,-1.8,pure,(eps_diluted - eps_diluted_prior_year) / eps_diluted_prior_year,important
MRVL,2026,Q1,quarterly,diluted_share_count_change,YoY Diluted Share Count Change,derived,0.012254335260115656,pure,(weighted_avg_shares_diluted / weighted_avg_shares_diluted_prior_year) - 1,optional
MRVL,2026,Q1,quarterly,deferred_revenue_total,Total Deferred Revenue,derived,31800000,USD,deferred_revenue_current + deferred_revenue_noncurrent,important
MRVL,2026,Q1,quarterly,segment_revenue_mix_pct,Segment Revenue Mix %,derived,,pure,segment_revenue / revenue,important
MRVL,2026,Q2,quarterly,gross_profit_derived,Gross Profit (derived fallback),derived,1010600000,USD,revenue - cost_of_revenue,important
MRVL,2026,Q2,quarterly,gross_margin,Gross Margin %,derived,0.5037635212601566,pure,gross_profit / revenue,core
MRVL,2026,Q2,quarterly,operating_margin,Operating Margin %,derived,0.1446089427246897,pure,operating_income / revenue,core
MRVL,2026,Q2,quarterly,net_margin,Net Margin %,derived,0.09710383330840935,pure,net_income / revenue,core
MRVL,2026,Q2,quarterly,effective_tax_rate,Effective Tax Rate,derived,,pure,income_tax_expense / pretax_income,important
MRVL,2026,Q2,quarterly,rd_intensity,R&D Intensity (R&D / Revenue),derived,0.2587109316584418,pure,research_development_expense / revenue,core
MRVL,2026,Q2,quarterly,sbc_pct_revenue,Stock-Based Comp % of Revenue,derived,,pure,stock_based_compensation / revenue,important
MRVL,2026,Q2,quarterly,capex_intensity,Capex Intensity (Capex / Revenue),derived,,pure,capital_expenditures / revenue,important
MRVL,2026,Q2,quarterly,free_cash_flow,Free Cash Flow (FCF),derived,,USD,net_cash_from_operating_activities - capital_expenditures,core
MRVL,2026,Q2,quarterly,fcf_margin,FCF Margin %,derived,,pure,free_cash_flow / revenue,core
MRVL,2026,Q2,quarterly,net_working_capital,Net Working Capital,derived,2113600000,USD,total_current_assets - total_current_liabilities,important
MRVL,2026,Q2,quarterly,total_debt,Total Debt,derived,4467200000,USD,short_term_debt + long_term_debt,core
MRVL,2026,Q2,quarterly,net_debt,Net Debt (Net Cash),derived,3242800000,USD,total_debt - cash_and_cash_equivalents - short_term_investments,core
MRVL,2026,Q2,quarterly,tangible_book_value,Tangible Book Value,derived,152300000,USD,total_stockholders_equity - goodwill - intangible_assets_net,optional
MRVL,2026,Q2,quarterly,book_value_per_share,Book Value Per Share,derived,,USD/shares,total_stockholders_equity / shares_outstanding,important
MRVL,2026,Q2,quarterly,inventory_days,Days Inventory Outstanding (DIO),derived,385.5690607734807,days,(inventory_net / cost_of_revenue) * 365,important
MRVL,2026,Q2,quarterly,days_sales_outstanding,Days Sales Outstanding (DSO),derived,264.1296545536115,days,(accounts_receivable_net / revenue) * 365,optional
MRVL,2026,Q2,quarterly,roe,Return on Equity,derived,0.014513809726040666,pure,net_income / total_stockholders_equity,important
MRVL,2026,Q2,quarterly,roa,Return on Assets,derived,0.00946260377046871,pure,net_income / total_assets,optional
MRVL,2026,Q2,quarterly,roic,Return on Invested Capital,derived,,pure,(operating_income * (1 - effective_tax_rate)) / (total_debt + total_stockholders_equity - cash_and_cash_equivalents),core
MRVL,2026,Q2,quarterly,revenue_yoy_growth,Revenue YoY Growth %,derived,0.5760075418336082,pure,(revenue - revenue_prior_year) / revenue_prior_year,core
MRVL,2026,Q2,quarterly,eps_yoy_growth,Diluted EPS YoY Growth %,derived,-2.0,pure,(eps_diluted - eps_diluted_prior_year) / eps_diluted_prior_year,important
MRVL,2026,Q2,quarterly,diluted_share_count_change,YoY Diluted Share Count Change,derived,0.005429132493935507,pure,(weighted_avg_shares_diluted / weighted_avg_shares_diluted_prior_year) - 1,optional
MRVL,2026,Q2,quarterly,deferred_revenue_total,Total Deferred Revenue,derived,41300000,USD,deferred_revenue_current + deferred_revenue_noncurrent,important
MRVL,2026,Q2,quarterly,segment_revenue_mix_pct,Segment Revenue Mix %,derived,,pure,segment_revenue / revenue,important
MRVL,2026,Q3,quarterly,gross_profit_derived,Gross Profit (derived fallback),derived,1069800000,USD,revenue - cost_of_revenue,important
MRVL,2026,Q3,quarterly,gross_margin,Gross Margin %,derived,0.5156905278380333,pure,gross_profit / revenue,core
MRVL,2026,Q3,quarterly,operating_margin,Operating Margin %,derived,0.17247529525186792,pure,operating_income / revenue,core
MRVL,2026,Q3,quarterly,net_margin,Net Margin %,derived,0.9165100024102193,pure,net_income / revenue,core
MRVL,2026,Q3,quarterly,effective_tax_rate,Effective Tax Rate,derived,,pure,income_tax_expense / pretax_income,important
MRVL,2026,Q3,quarterly,rd_intensity,R&D Intensity (R&D / Revenue),derived,0.2470474813208002,pure,research_development_expense / revenue,core
MRVL,2026,Q3,quarterly,sbc_pct_revenue,Stock-Based Comp % of Revenue,derived,,pure,stock_based_compensation / revenue,important
MRVL,2026,Q3,quarterly,capex_intensity,Capex Intensity (Capex / Revenue),derived,,pure,capital_expenditures / revenue,important
MRVL,2026,Q3,quarterly,free_cash_flow,Free Cash Flow (FCF),derived,,USD,net_cash_from_operating_activities - capital_expenditures,core
MRVL,2026,Q3,quarterly,fcf_margin,FCF Margin %,derived,,pure,free_cash_flow / revenue,core
MRVL,2026,Q3,quarterly,net_working_capital,Net Working Capital,derived,2775800000,USD,total_current_assets - total_current_liabilities,important
MRVL,2026,Q3,quarterly,total_debt,Total Debt,derived,4468900000,USD,short_term_debt + long_term_debt,core
MRVL,2026,Q3,quarterly,net_debt,Net Debt (Net Cash),derived,1754400000,USD,total_debt - cash_and_cash_equivalents - short_term_investments,core
MRVL,2026,Q3,quarterly,tangible_book_value,Tangible Book Value,derived,1016100000,USD,total_stockholders_equity - goodwill - intangible_assets_net,optional
MRVL,2026,Q3,quarterly,book_value_per_share,Book Value Per Share,derived,,USD/shares,total_stockholders_equity / shares_outstanding,important
MRVL,2026,Q3,quarterly,inventory_days,Days Inventory Outstanding (DIO),derived,368.5602667462924,days,(inventory_net / cost_of_revenue) * 365,important
MRVL,2026,Q3,quarterly,days_sales_outstanding,Days Sales Outstanding (DSO),derived,272.0653169438419,days,(accounts_receivable_net / revenue) * 365,optional
MRVL,2026,Q3,quarterly,roe,Return on Equity,derived,0.13526030476786705,pure,net_income / total_stockholders_equity,important
MRVL,2026,Q3,quarterly,roa,Return on Assets,derived,0.08810880949070855,pure,net_income / total_assets,optional
MRVL,2026,Q3,quarterly,roic,Return on Invested Capital,derived,,pure,(operating_income * (1 - effective_tax_rate)) / (total_debt + total_stockholders_equity - cash_and_cash_equivalents),core
MRVL,2026,Q3,quarterly,revenue_yoy_growth,Revenue YoY Growth %,derived,0.36831343578919595,pure,(revenue - revenue_prior_year) / revenue_prior_year,core
MRVL,2026,Q3,quarterly,eps_yoy_growth,Diluted EPS YoY Growth %,derived,-3.820512820512821,pure,(eps_diluted - eps_diluted_prior_year) / eps_diluted_prior_year,important
MRVL,2026,Q3,quarterly,diluted_share_count_change,YoY Diluted Share Count Change,derived,-0.0023102691463555702,pure,(weighted_avg_shares_diluted / weighted_avg_shares_diluted_prior_year) - 1,optional
MRVL,2026,Q3,quarterly,deferred_revenue_total,Total Deferred Revenue,derived,32200000,USD,deferred_revenue_current + deferred_revenue_noncurrent,important
MRVL,2026,Q3,quarterly,segment_revenue_mix_pct,Segment Revenue Mix %,derived,,pure,segment_revenue / revenue,important
MRVL,2026,FY,annual,gross_profit_derived,Gross Profit (derived fallback),derived,4180700000,USD,revenue - cost_of_revenue,important
MRVL,2026,FY,annual,gross_margin,Gross Margin %,derived,0.5101774339198984,pure,gross_profit / revenue,core
MRVL,2026,FY,annual,operating_margin,Operating Margin %,derived,0.16143557952798185,pure,operating_income / revenue,core
MRVL,2026,FY,annual,net_margin,Net Margin %,derived,0.3258365264930564,pure,net_income / revenue,core
MRVL,2026,FY,annual,effective_tax_rate,Effective Tax Rate,derived,0.1235803846911311,pure,income_tax_expense / pretax_income,important
MRVL,2026,FY,annual,rd_intensity,R&D Intensity (R&D / Revenue),derived,0.2532399384960828,pure,research_development_expense / revenue,core
MRVL,2026,FY,annual,sbc_pct_revenue,Stock-Based Comp % of Revenue,derived,0.07209625851170283,pure,stock_based_compensation / revenue,important
MRVL,2026,FY,annual,capex_intensity,Capex Intensity (Capex / Revenue),derived,0.04321138310594782,pure,capital_expenditures / revenue,important
MRVL,2026,FY,annual,free_cash_flow,Free Cash Flow (FCF),derived,1396400000,USD,net_cash_from_operating_activities - capital_expenditures,core
MRVL,2026,FY,annual,fcf_margin,FCF Margin %,derived,0.17040490078832402,pure,free_cash_flow / revenue,core
MRVL,2026,FY,annual,net_working_capital,Net Working Capital,derived,3240100000,USD,total_current_assets - total_current_liabilities,important
MRVL,2026,FY,annual,total_debt,Total Debt,derived,4470600000,USD,short_term_debt + long_term_debt,core
MRVL,2026,FY,annual,net_debt,Net Debt (Net Cash),derived,1831800000,USD,total_debt - cash_and_cash_equivalents - short_term_investments,core
MRVL,2026,FY,annual,tangible_book_value,Tangible Book Value,derived,1491500000,USD,total_stockholders_equity - goodwill - intangible_assets_net,optional
MRVL,2026,FY,annual,book_value_per_share,Book Value Per Share,derived,,USD/shares,total_stockholders_equity / shares_outstanding,important
MRVL,2026,FY,annual,inventory_days,Days Inventory Outstanding (DIO),derived,126.2163980168913,days,(inventory_net / cost_of_revenue) * 365,important
MRVL,2026,FY,annual,days_sales_outstanding,Days Sales Outstanding (DSO),derived,97.39450369755693,days,(accounts_receivable_net / revenue) * 365,optional
MRVL,2026,FY,annual,roe,Return on Equity,derived,0.1866106622683179,pure,net_income / total_stockholders_equity,important
MRVL,2026,FY,annual,roa,Return on Assets,derived,0.11981440680628037,pure,net_income / total_assets,optional
MRVL,2026,FY,annual,roic,Return on Invested Capital,derived,0.07183402368571039,pure,(operating_income * (1 - effective_tax_rate)) / (total_debt + total_stockholders_equity - cash_and_cash_equivalents),core
MRVL,2026,FY,annual,revenue_yoy_growth,Revenue YoY Growth %,derived,0.42087285211450765,pure,(revenue - revenue_prior_year) / revenue_prior_year,core
MRVL,2026,FY,annual,eps_yoy_growth,Diluted EPS YoY Growth %,derived,-4.009803921568627,pure,(eps_diluted - eps_diluted_prior_year) / eps_diluted_prior_year,important
MRVL,2026,FY,annual,diluted_share_count_change,YoY Diluted Share Count Change,derived,0.004852686308492116,pure,(weighted_avg_shares_diluted / weighted_avg_shares_diluted_prior_year) - 1,optional
MRVL,2026,FY,annual,deferred_revenue_total,Total Deferred Revenue,derived,40100000,USD,deferred_revenue_current + deferred_revenue_noncurrent,important
MRVL,2026,FY,annual,segment_revenue_mix_pct,Segment Revenue Mix %,derived,,pure,segment_revenue / revenue,important
MRVL,2027,Q1,quarterly,gross_profit_derived,Gross Profit (derived fallback),derived,1260800000,USD,revenue - cost_of_revenue,important
MRVL,2027,Q1,quarterly,gross_margin,Gross Margin %,derived,0.5214657953511457,pure,gross_profit / revenue,core
MRVL,2027,Q1,quarterly,operating_margin,Operating Margin %,derived,0.14037554801886012,pure,operating_income / revenue,core
MRVL,2027,Q1,quarterly,net_margin,Net Margin %,derived,0.014269170320125734,pure,net_income / revenue,core
MRVL,2027,Q1,quarterly,effective_tax_rate,Effective Tax Rate,derived,,pure,income_tax_expense / pretax_income,important
MRVL,2027,Q1,quarterly,rd_intensity,R&D Intensity (R&D / Revenue),derived,0.2697907188353048,pure,research_development_expense / revenue,core
MRVL,2027,Q1,quarterly,sbc_pct_revenue,Stock-Based Comp % of Revenue,derived,0.08586318140458268,pure,stock_based_compensation / revenue,important
MRVL,2027,Q1,quarterly,capex_intensity,Capex Intensity (Capex / Revenue),derived,0.064397386053437,pure,capital_expenditures / revenue,important
MRVL,2027,Q1,quarterly,free_cash_flow,Free Cash Flow (FCF),derived,483100000,USD,net_cash_from_operating_activities - capital_expenditures,core
MRVL,2027,Q1,quarterly,fcf_margin,FCF Margin %,derived,0.19980974439573165,pure,free_cash_flow / revenue,core
MRVL,2027,Q1,quarterly,net_working_capital,Net Working Capital,derived,5187200000,USD,total_current_assets - total_current_liabilities,important
MRVL,2027,Q1,quarterly,total_debt,Total Debt,derived,4961300000,USD,short_term_debt + long_term_debt,core
MRVL,2027,Q1,quarterly,net_debt,Net Debt (Net Cash),derived,1117700000,USD,total_debt - cash_and_cash_equivalents - short_term_investments,core
MRVL,2027,Q1,quarterly,tangible_book_value,Tangible Book Value,derived,1770800000,USD,total_stockholders_equity - goodwill - intangible_assets_net,optional
MRVL,2027,Q1,quarterly,book_value_per_share,Book Value Per Share,derived,,USD/shares,total_stockholders_equity / shares_outstanding,important
MRVL,2027,Q1,quarterly,inventory_days,Days Inventory Outstanding (DIO),derived,441.9433880726015,days,(inventory_net / cost_of_revenue) * 365,important
MRVL,2027,Q1,quarterly,days_sales_outstanding,Days Sales Outstanding (DSO),derived,282.55873107783935,days,(accounts_receivable_net / revenue) * 365,optional
MRVL,2027,Q1,quarterly,roe,Return on Equity,derived,0.0018939601884078658,pure,net_income / total_stockholders_equity,important
MRVL,2027,Q1,quarterly,roa,Return on Assets,derived,0.0012804097311139564,pure,net_income / total_assets,optional
MRVL,2027,Q1,quarterly,roic,Return on Invested Capital,derived,,pure,(operating_income * (1 - effective_tax_rate)) / (total_debt + total_stockholders_equity - cash_and_cash_equivalents),core
MRVL,2027,Q1,quarterly,revenue_yoy_growth,Revenue YoY Growth %,derived,0.2756819500870575,pure,(revenue - revenue_prior_year) / revenue_prior_year,core
MRVL,2027,Q1,quarterly,eps_yoy_growth,Diluted EPS YoY Growth %,derived,-0.7999999999999999,pure,(eps_diluted - eps_diluted_prior_year) / eps_diluted_prior_year,important
MRVL,2027,Q1,quarterly,diluted_share_count_change,YoY Diluted Share Count Change,derived,0.0202147099132024,pure,(weighted_avg_shares_diluted / weighted_avg_shares_diluted_prior_year) - 1,optional
MRVL,2027,Q1,quarterly,deferred_revenue_total,Total Deferred Revenue,derived,63700000,USD,deferred_revenue_current + deferred_revenue_noncurrent,important
MRVL,2027,Q1,quarterly,segment_revenue_mix_pct,Segment Revenue Mix %,derived,,pure,segment_revenue / revenue,important
GOOGL,2023,Q1,quarterly,gross_profit_derived,Gross Profit (derived fallback),derived,39175000000,USD,revenue - cost_of_revenue,important
GOOGL,2023,Q1,quarterly,gross_margin,Gross Margin %,derived,0.5613509679453194,pure,gross_profit / revenue,core
GOOGL,2023,Q1,quarterly,operating_margin,Operating Margin %,derived,0.24954504420594092,pure,operating_income / revenue,core
GOOGL,2023,Q1,quarterly,net_margin,Net Margin %,derived,0.21567054035851949,pure,net_income / revenue,core
GOOGL,2023,Q1,quarterly,effective_tax_rate,Effective Tax Rate,derived,0.1732491073880802,pure,income_tax_expense / pretax_income,important
GOOGL,2023,Q1,quarterly,rd_intensity,R&D Intensity (R&D / Revenue),derived,0.1643285998824996,pure,research_development_expense / revenue,core
GOOGL,2023,Q1,quarterly,sbc_pct_revenue,Stock-Based Comp % of Revenue,derived,0.07571610758450714,pure,stock_based_compensation / revenue,important
GOOGL,2023,Q1,quarterly,capex_intensity,Capex Intensity (Capex / Revenue),derived,0.09011707051456574,pure,capital_expenditures / revenue,important
GOOGL,2023,Q1,quarterly,free_cash_flow,Free Cash Flow (FCF),derived,17220000000,USD,net_cash_from_operating_activities - capital_expenditures,core
GOOGL,2023,Q1,quarterly,fcf_margin,FCF Margin %,derived,0.2467508275180191,pure,free_cash_flow / revenue,core
GOOGL,2023,Q1,quarterly,net_working_capital,Net Working Capital,derived,93131000000,USD,total_current_assets - total_current_liabilities,important
GOOGL,2023,Q1,quarterly,total_debt,Total Debt,derived,14696000000,USD,short_term_debt + long_term_debt,core
GOOGL,2023,Q1,quarterly,net_debt,Net Debt (Net Cash),derived,-100406000000,USD,total_debt - cash_and_cash_equivalents - short_term_investments,core
GOOGL,2023,Q1,quarterly,tangible_book_value,Tangible Book Value,derived,229932000000,USD,total_stockholders_equity - goodwill - intangible_assets_net,optional
GOOGL,2023,Q1,quarterly,book_value_per_share,Book Value Per Share,derived,,USD/shares,total_stockholders_equity / shares_outstanding,important
GOOGL,2023,Q1,quarterly,inventory_days,Days Inventory Outstanding (DIO),derived,27.602737488566575,days,(inventory_net / cost_of_revenue) * 365,important
GOOGL,2023,Q1,quarterly,days_sales_outstanding,Days Sales Outstanding (DSO),derived,188.47550403370255,days,(accounts_receivable_net / revenue) * 365,optional
GOOGL,2023,Q1,quarterly,roe,Return on Equity,derived,0.05769009636097419,pure,net_income / total_stockholders_equity,important
GOOGL,2023,Q1,quarterly,roa,Return on Assets,derived,0.04073441572325172,pure,net_income / total_assets,optional
GOOGL,2023,Q1,quarterly,roic,Return on Invested Capital,derived,0.057668512311794894,pure,(operating_income * (1 - effective_tax_rate)) / (total_debt + total_stockholders_equity - cash_and_cash_equivalents),core
GOOGL,2023,Q1,quarterly,revenue_yoy_growth,Revenue YoY Growth %,derived,,pure,(revenue - revenue_prior_year) / revenue_prior_year,core
GOOGL,2023,Q1,quarterly,eps_yoy_growth,Diluted EPS YoY Growth %,derived,,pure,(eps_diluted - eps_diluted_prior_year) / eps_diluted_prior_year,important
GOOGL,2023,Q1,quarterly,diluted_share_count_change,YoY Diluted Share Count Change,derived,,pure,(weighted_avg_shares_diluted / weighted_avg_shares_diluted_prior_year) - 1,optional
GOOGL,2023,Q1,quarterly,deferred_revenue_total,Total Deferred Revenue,derived,4325000000,USD,deferred_revenue_current + deferred_revenue_noncurrent,important
GOOGL,2023,Q1,quarterly,segment_revenue_mix_pct,Segment Revenue Mix %,derived,,pure,segment_revenue / revenue,important
GOOGL,2023,Q2,quarterly,gross_profit_derived,Gross Profit (derived fallback),derived,42688000000,USD,revenue - cost_of_revenue,important
GOOGL,2023,Q2,quarterly,gross_margin,Gross Margin %,derived,0.5721945204010509,pure,gross_profit / revenue,core
GOOGL,2023,Q2,quarterly,operating_margin,Operating Margin %,derived,0.2927188890676103,pure,operating_income / revenue,core
GOOGL,2023,Q2,quarterly,net_margin,Net Margin %,derived,0.2462066377137955,pure,net_income / revenue,core
GOOGL,2023,Q2,quarterly,effective_tax_rate,Effective Tax Rate,derived,0.16139341642697347,pure,income_tax_expense / pretax_income,important
GOOGL,2023,Q2,quarterly,rd_intensity,R&D Intensity (R&D / Revenue),derived,0.14192268511071793,pure,research_development_expense / revenue,core
GOOGL,2023,Q2,quarterly,sbc_pct_revenue,Stock-Based Comp % of Revenue,derived,0.07238217789930834,pure,stock_based_compensation / revenue,important
GOOGL,2023,Q2,quarterly,capex_intensity,Capex Intensity (Capex / Revenue),derived,,pure,capital_expenditures / revenue,important
GOOGL,2023,Q2,quarterly,free_cash_flow,Free Cash Flow (FCF),derived,,USD,net_cash_from_operating_activities - capital_expenditures,core
GOOGL,2023,Q2,quarterly,fcf_margin,FCF Margin %,derived,,pure,free_cash_flow / revenue,core
GOOGL,2023,Q2,quarterly,net_working_capital,Net Working Capital,derived,91079000000,USD,total_current_assets - total_current_liabilities,important
GOOGL,2023,Q2,quarterly,total_debt,Total Debt,derived,14704000000,USD,short_term_debt + long_term_debt,core
GOOGL,2023,Q2,quarterly,net_debt,Net Debt (Net Cash),derived,-103628000000,USD,total_debt - cash_and_cash_equivalents - short_term_investments,core
GOOGL,2023,Q2,quarterly,tangible_book_value,Tangible Book Value,derived,235965000000,USD,total_stockholders_equity - goodwill - intangible_assets_net,optional
GOOGL,2023,Q2,quarterly,book_value_per_share,Book Value Per Share,derived,,USD/shares,total_stockholders_equity / shares_outstanding,important
GOOGL,2023,Q2,quarterly,inventory_days,Days Inventory Outstanding (DIO),derived,25.514318836946984,days,(inventory_net / cost_of_revenue) * 365,important
GOOGL,2023,Q2,quarterly,days_sales_outstanding,Days Sales Outstanding (DSO),derived,189.84853359069217,days,(accounts_receivable_net / revenue) * 365,optional
GOOGL,2023,Q2,quarterly,roe,Return on Equity,derived,0.06875769724602364,pure,net_income / total_stockholders_equity,important
GOOGL,2023,Q2,quarterly,roa,Return on Assets,derived,0.047952715614916305,pure,net_income / total_assets,optional
GOOGL,2023,Q2,quarterly,roic,Return on Invested Capital,derived,0.07156055335370884,pure,(operating_income * (1 - effective_tax_rate)) / (total_debt + total_stockholders_equity - cash_and_cash_equivalents),core
GOOGL,2023,Q2,quarterly,revenue_yoy_growth,Revenue YoY Growth %,derived,,pure,(revenue - revenue_prior_year) / revenue_prior_year,core
GOOGL,2023,Q2,quarterly,eps_yoy_growth,Diluted EPS YoY Growth %,derived,,pure,(eps_diluted - eps_diluted_prior_year) / eps_diluted_prior_year,important
GOOGL,2023,Q2,quarterly,diluted_share_count_change,YoY Diluted Share Count Change,derived,,pure,(weighted_avg_shares_diluted / weighted_avg_shares_diluted_prior_year) - 1,optional
GOOGL,2023,Q2,quarterly,deferred_revenue_total,Total Deferred Revenue,derived,4513000000,USD,deferred_revenue_current + deferred_revenue_noncurrent,important
GOOGL,2023,Q2,quarterly,segment_revenue_mix_pct,Segment Revenue Mix %,derived,,pure,segment_revenue / revenue,important
GOOGL,2023,Q3,quarterly,gross_profit_derived,Gross Profit (derived fallback),derived,43464000000,USD,revenue - cost_of_revenue,important
GOOGL,2023,Q3,quarterly,gross_margin,Gross Margin %,derived,0.5667270806983689,pure,gross_profit / revenue,core
GOOGL,2023,Q3,quarterly,operating_margin,Operating Margin %,derived,0.27829136948613303,pure,operating_income / revenue,core
GOOGL,2023,Q3,quarterly,net_margin,Net Margin %,derived,0.25672486406842865,pure,net_income / revenue,core
GOOGL,2023,Q3,quarterly,effective_tax_rate,Effective Tax Rate,derived,0.07114214275605038,pure,income_tax_expense / pretax_income,important
GOOGL,2023,Q3,quarterly,rd_intensity,R&D Intensity (R&D / Revenue),derived,0.14679305803658743,pure,research_development_expense / revenue,core
GOOGL,2023,Q3,quarterly,sbc_pct_revenue,Stock-Based Comp % of Revenue,derived,0.07562619795809265,pure,stock_based_compensation / revenue,important
GOOGL,2023,Q3,quarterly,capex_intensity,Capex Intensity (Capex / Revenue),derived,,pure,capital_expenditures / revenue,important
GOOGL,2023,Q3,quarterly,free_cash_flow,Free Cash Flow (FCF),derived,,USD,net_cash_from_operating_activities - capital_expenditures,core
GOOGL,2023,Q3,quarterly,fcf_margin,FCF Margin %,derived,,pure,free_cash_flow / revenue,core
GOOGL,2023,Q3,quarterly,net_working_capital,Net Working Capital,derived,90015000000,USD,total_current_assets - total_current_liabilities,important
GOOGL,2023,Q3,quarterly,total_debt,Total Debt,derived,14781000000,USD,short_term_debt + long_term_debt,core
GOOGL,2023,Q3,quarterly,net_debt,Net Debt (Net Cash),derived,-105154000000,USD,total_debt - cash_and_cash_equivalents - short_term_investments,core
GOOGL,2023,Q3,quarterly,tangible_book_value,Tangible Book Value,derived,242223000000,USD,total_stockholders_equity - goodwill - intangible_assets_net,optional
GOOGL,2023,Q3,quarterly,book_value_per_share,Book Value Per Share,derived,,USD/shares,total_stockholders_equity / shares_outstanding,important
GOOGL,2023,Q3,quarterly,inventory_days,Days Inventory Outstanding (DIO),derived,32.48081495079599,days,(inventory_net / cost_of_revenue) * 365,important
GOOGL,2023,Q3,quarterly,days_sales_outstanding,Days Sales Outstanding (DSO),derived,195.223814428957,days,(accounts_receivable_net / revenue) * 365,optional
GOOGL,2023,Q3,quarterly,roe,Return on Equity,derived,0.07206755441028982,pure,net_income / total_stockholders_equity,important
GOOGL,2023,Q3,quarterly,roa,Return on Assets,derived,0.04963058750576616,pure,net_income / total_assets,optional
GOOGL,2023,Q3,quarterly,roic,Return on Invested Capital,derived,0.07705432288881657,pure,(operating_income * (1 - effective_tax_rate)) / (total_debt + total_stockholders_equity - cash_and_cash_equivalents),core
GOOGL,2023,Q3,quarterly,revenue_yoy_growth,Revenue YoY Growth %,derived,,pure,(revenue - revenue_prior_year) / revenue_prior_year,core
GOOGL,2023,Q3,quarterly,eps_yoy_growth,Diluted EPS YoY Growth %,derived,,pure,(eps_diluted - eps_diluted_prior_year) / eps_diluted_prior_year,important
GOOGL,2023,Q3,quarterly,diluted_share_count_change,YoY Diluted Share Count Change,derived,,pure,(weighted_avg_shares_diluted / weighted_avg_shares_diluted_prior_year) - 1,optional
GOOGL,2023,Q3,quarterly,deferred_revenue_total,Total Deferred Revenue,derived,5187000000,USD,deferred_revenue_current + deferred_revenue_noncurrent,important
GOOGL,2023,Q3,quarterly,segment_revenue_mix_pct,Segment Revenue Mix %,derived,,pure,segment_revenue / revenue,important
GOOGL,2023,FY,annual,gross_profit_derived,Gross Profit (derived fallback),derived,174062000000,USD,revenue - cost_of_revenue,important
GOOGL,2023,FY,annual,gross_margin,Gross Margin %,derived,0.566250479840205,pure,gross_profit / revenue,core
GOOGL,2023,FY,annual,operating_margin,Operating Margin %,derived,0.27421810445226646,pure,operating_income / revenue,core
GOOGL,2023,FY,annual,net_margin,Net Margin %,derived,0.24006649446638517,pure,net_income / revenue,core
GOOGL,2023,FY,annual,effective_tax_rate,Effective Tax Rate,derived,0.13908559562280529,pure,income_tax_expense / pretax_income,important
GOOGL,2023,FY,annual,rd_intensity,R&D Intensity (R&D / Revenue),derived,0.14778102370247956,pure,research_development_expense / revenue,core
GOOGL,2023,FY,annual,sbc_pct_revenue,Stock-Based Comp % of Revenue,derived,0.07306583732929074,pure,stock_based_compensation / revenue,important
GOOGL,2023,FY,annual,capex_intensity,Capex Intensity (Capex / Revenue),derived,0.10491746748472644,pure,capital_expenditures / revenue,important
GOOGL,2023,FY,annual,free_cash_flow,Free Cash Flow (FCF),derived,69495000000,USD,net_cash_from_operating_activities - capital_expenditures,core
GOOGL,2023,FY,annual,fcf_margin,FCF Margin %,derived,0.22607793255561268,pure,free_cash_flow / revenue,core
GOOGL,2023,FY,annual,net_working_capital,Net Working Capital,derived,89716000000,USD,total_current_assets - total_current_liabilities,important
GOOGL,2023,FY,annual,total_debt,Total Debt,derived,12870000000,USD,short_term_debt + long_term_debt,core
GOOGL,2023,FY,annual,net_debt,Net Debt (Net Cash),derived,-98046000000,USD,total_debt - cash_and_cash_equivalents - short_term_investments,core
GOOGL,2023,FY,annual,tangible_book_value,Tangible Book Value,derived,254181000000,USD,total_stockholders_equity - goodwill - intangible_assets_net,optional
GOOGL,2023,FY,annual,book_value_per_share,Book Value Per Share,derived,,USD/shares,total_stockholders_equity / shares_outstanding,important
GOOGL,2023,FY,annual,inventory_days,Days Inventory Outstanding (DIO),derived,,days,(inventory_net / cost_of_revenue) * 365,important
GOOGL,2023,FY,annual,days_sales_outstanding,Days Sales Outstanding (DSO),derived,56.95251045888989,days,(accounts_receivable_net / revenue) * 365,optional
GOOGL,2023,FY,annual,roe,Return on Equity,derived,0.26041096905557576,pure,net_income / total_stockholders_equity,important
GOOGL,2023,FY,annual,roa,Return on Assets,derived,0.18339082287918249,pure,net_income / total_assets,optional
GOOGL,2023,FY,annual,roic,Return on Invested Capital,derived,0.266600996646474,pure,(operating_income * (1 - effective_tax_rate)) / (total_debt + total_stockholders_equity - cash_and_cash_equivalents),core
GOOGL,2023,FY,annual,revenue_yoy_growth,Revenue YoY Growth %,derived,,pure,(revenue - revenue_prior_year) / revenue_prior_year,core
GOOGL,2023,FY,annual,eps_yoy_growth,Diluted EPS YoY Growth %,derived,,pure,(eps_diluted - eps_diluted_prior_year) / eps_diluted_prior_year,important
GOOGL,2023,FY,annual,diluted_share_count_change,YoY Diluted Share Count Change,derived,,pure,(weighted_avg_shares_diluted / weighted_avg_shares_diluted_prior_year) - 1,optional
GOOGL,2023,FY,annual,deferred_revenue_total,Total Deferred Revenue,derived,5048000000,USD,deferred_revenue_current + deferred_revenue_noncurrent,important
GOOGL,2023,FY,annual,segment_revenue_mix_pct,Segment Revenue Mix %,derived,,pure,segment_revenue / revenue,important
GOOGL,2024,Q1,quarterly,gross_profit_derived,Gross Profit (derived fallback),derived,46827000000,USD,revenue - cost_of_revenue,important
GOOGL,2024,Q1,quarterly,gross_margin,Gross Margin %,derived,0.5814201815269621,pure,gross_profit / revenue,core
GOOGL,2024,Q1,quarterly,operating_margin,Operating Margin %,derived,0.3162691366915407,pure,operating_income / revenue,core
GOOGL,2024,Q1,quarterly,net_margin,Net Margin %,derived,0.2937955524652653,pure,net_income / revenue,core
GOOGL,2024,Q1,quarterly,effective_tax_rate,Effective Tax Rate,derived,0.16432986049796927,pure,income_tax_expense / pretax_income,important
GOOGL,2024,Q1,quarterly,rd_intensity,R&D Intensity (R&D / Revenue),derived,0.1477917530637331,pure,research_development_expense / revenue,core
GOOGL,2024,Q1,quarterly,sbc_pct_revenue,Stock-Based Comp % of Revenue,derived,0.06535963942934479,pure,stock_based_compensation / revenue,important
GOOGL,2024,Q1,quarterly,capex_intensity,Capex Intensity (Capex / Revenue),derived,0.1491451346552602,pure,capital_expenditures / revenue,important
GOOGL,2024,Q1,quarterly,free_cash_flow,Free Cash Flow (FCF),derived,16836000000,USD,net_cash_from_operating_activities - capital_expenditures,core
GOOGL,2024,Q1,quarterly,fcf_margin,FCF Margin %,derived,0.20904158233899106,pure,free_cash_flow / revenue,core
GOOGL,2024,Q1,quarterly,net_working_capital,Net Working Capital,derived,88474000000,USD,total_current_assets - total_current_liabilities,important
GOOGL,2024,Q1,quarterly,total_debt,Total Debt,derived,13228000000,USD,short_term_debt + long_term_debt,core
GOOGL,2024,Q1,quarterly,net_debt,Net Debt (Net Cash),derived,-94862000000,USD,total_debt - cash_and_cash_equivalents - short_term_investments,core
GOOGL,2024,Q1,quarterly,tangible_book_value,Tangible Book Value,derived,263661000000,USD,total_stockholders_equity - goodwill - intangible_assets_net,optional
GOOGL,2024,Q1,quarterly,book_value_per_share,Book Value Per Share,derived,,USD/shares,total_stockholders_equity / shares_outstanding,important
GOOGL,2024,Q1,quarterly,inventory_days,Days Inventory Outstanding (DIO),derived,,days,(inventory_net / cost_of_revenue) * 365,important
GOOGL,2024,Q1,quarterly,days_sales_outstanding,Days Sales Outstanding (DSO),derived,201.90814388060443,days,(accounts_receivable_net / revenue) * 365,optional
GOOGL,2024,Q1,quarterly,roe,Return on Equity,derived,0.08080069934845857,pure,net_income / total_stockholders_equity,important
GOOGL,2024,Q1,quarterly,roa,Return on Assets,derived,0.05808763962194673,pure,net_income / total_assets,optional
GOOGL,2024,Q1,quarterly,roic,Return on Invested Capital,derived,0.07559580008948012,pure,(operating_income * (1 - effective_tax_rate)) / (total_debt + total_stockholders_equity - cash_and_cash_equivalents),core
GOOGL,2024,Q1,quarterly,revenue_yoy_growth,Revenue YoY Growth %,derived,0.15406880937710463,pure,(revenue - revenue_prior_year) / revenue_prior_year,core
GOOGL,2024,Q1,quarterly,eps_yoy_growth,Diluted EPS YoY Growth %,derived,0.6153846153846154,pure,(eps_diluted - eps_diluted_prior_year) / eps_diluted_prior_year,important
GOOGL,2024,Q1,quarterly,diluted_share_count_change,YoY Diluted Share Count Change,derived,,pure,(weighted_avg_shares_diluted / weighted_avg_shares_diluted_prior_year) - 1,optional
GOOGL,2024,Q1,quarterly,deferred_revenue_total,Total Deferred Revenue,derived,4894000000,USD,deferred_revenue_current + deferred_revenue_noncurrent,important
GOOGL,2024,Q1,quarterly,segment_revenue_mix_pct,Segment Revenue Mix %,derived,,pure,segment_revenue / revenue,important
GOOGL,2024,Q2,quarterly,gross_profit_derived,Gross Profit (derived fallback),derived,49235000000,USD,revenue - cost_of_revenue,important
GOOGL,2024,Q2,quarterly,gross_margin,Gross Margin %,derived,0.5809987963465578,pure,gross_profit / revenue,core
GOOGL,2024,Q2,quarterly,operating_margin,Operating Margin %,derived,0.32362936914399,pure,operating_income / revenue,core
GOOGL,2024,Q2,quarterly,net_margin,Net Margin %,derived,0.2787165750159307,pure,net_income / revenue,core
GOOGL,2024,Q2,quarterly,effective_tax_rate,Effective Tax Rate,derived,0.14271714275343908,pure,income_tax_expense / pretax_income,important
GOOGL,2024,Q2,quarterly,rd_intensity,R&D Intensity (R&D / Revenue),derived,0.13995421396710014,pure,research_development_expense / revenue,core
GOOGL,2024,Q2,quarterly,sbc_pct_revenue,Stock-Based Comp % of Revenue,derived,0.06962309126525218,pure,stock_based_compensation / revenue,important
GOOGL,2024,Q2,quarterly,capex_intensity,Capex Intensity (Capex / Revenue),derived,,pure,capital_expenditures / revenue,important
GOOGL,2024,Q2,quarterly,free_cash_flow,Free Cash Flow (FCF),derived,,USD,net_cash_from_operating_activities - capital_expenditures,core
GOOGL,2024,Q2,quarterly,fcf_margin,FCF Margin %,derived,,pure,free_cash_flow / revenue,core
GOOGL,2024,Q2,quarterly,net_working_capital,Net Working Capital,derived,84082000000,USD,total_current_assets - total_current_liabilities,important
GOOGL,2024,Q2,quarterly,total_debt,Total Debt,derived,13238000000,USD,short_term_debt + long_term_debt,core
GOOGL,2024,Q2,quarterly,net_debt,Net Debt (Net Cash),derived,-87487000000,USD,total_debt - cash_and_cash_equivalents - short_term_investments,core
GOOGL,2024,Q2,quarterly,tangible_book_value,Tangible Book Value,derived,271568000000,USD,total_stockholders_equity - goodwill - intangible_assets_net,optional
GOOGL,2024,Q2,quarterly,book_value_per_share,Book Value Per Share,derived,,USD/shares,total_stockholders_equity / shares_outstanding,important
GOOGL,2024,Q2,quarterly,inventory_days,Days Inventory Outstanding (DIO),derived,,days,(inventory_net / cost_of_revenue) * 365,important
GOOGL,2024,Q2,quarterly,days_sales_outstanding,Days Sales Outstanding (DSO),derived,202.8127138844965,days,(accounts_receivable_net / revenue) * 365,optional
GOOGL,2024,Q2,quarterly,roe,Return on Equity,derived,0.07853288246501282,pure,net_income / total_stockholders_equity,important
GOOGL,2024,Q2,quarterly,roa,Return on Assets,derived,0.05694481278781011,pure,net_income / total_assets,optional
GOOGL,2024,Q2,quarterly,roic,Return on Invested Capital,derived,0.08198664541816998,pure,(operating_income * (1 - effective_tax_rate)) / (total_debt + total_stockholders_equity - cash_and_cash_equivalents),core
GOOGL,2024,Q2,quarterly,revenue_yoy_growth,Revenue YoY Growth %,derived,0.13589083695244222,pure,(revenue - revenue_prior_year) / revenue_prior_year,core
GOOGL,2024,Q2,quarterly,eps_yoy_growth,Diluted EPS YoY Growth %,derived,0.3125,pure,(eps_diluted - eps_diluted_prior_year) / eps_diluted_prior_year,important
GOOGL,2024,Q2,quarterly,diluted_share_count_change,YoY Diluted Share Count Change,derived,-0.021074898151049792,pure,(weighted_avg_shares_diluted / weighted_avg_shares_diluted_prior_year) - 1,optional
GOOGL,2024,Q2,quarterly,deferred_revenue_total,Total Deferred Revenue,derived,5236000000,USD,deferred_revenue_current + deferred_revenue_noncurrent,important
GOOGL,2024,Q2,quarterly,segment_revenue_mix_pct,Segment Revenue Mix %,derived,,pure,segment_revenue / revenue,important
GOOGL,2024,Q3,quarterly,gross_profit_derived,Gross Profit (derived fallback),derived,51794000000,USD,revenue - cost_of_revenue,important
GOOGL,2024,Q3,quarterly,gross_margin,Gross Margin %,derived,0.5867811664476368,pure,gross_profit / revenue,core
GOOGL,2024,Q3,quarterly,operating_margin,Operating Margin %,derived,0.3231182308424344,pure,operating_income / revenue,core
GOOGL,2024,Q3,quarterly,net_margin,Net Margin %,derived,0.2979675533602211,pure,net_income / revenue,core
GOOGL,2024,Q3,quarterly,effective_tax_rate,Effective Tax Rate,derived,0.17047246577934777,pure,income_tax_expense / pretax_income,important
GOOGL,2024,Q3,quarterly,rd_intensity,R&D Intensity (R&D / Revenue),derived,0.1410137309104092,pure,research_development_expense / revenue,core
GOOGL,2024,Q3,quarterly,sbc_pct_revenue,Stock-Based Comp % of Revenue,derived,0.06684189060588208,pure,stock_based_compensation / revenue,important
GOOGL,2024,Q3,quarterly,capex_intensity,Capex Intensity (Capex / Revenue),derived,,pure,capital_expenditures / revenue,important
GOOGL,2024,Q3,quarterly,free_cash_flow,Free Cash Flow (FCF),derived,,USD,net_cash_from_operating_activities - capital_expenditures,core
GOOGL,2024,Q3,quarterly,fcf_margin,FCF Margin %,derived,,pure,free_cash_flow / revenue,core
GOOGL,2024,Q3,quarterly,net_working_capital,Net Working Capital,derived,76738000000,USD,total_current_assets - total_current_liabilities,important
GOOGL,2024,Q3,quarterly,total_debt,Total Debt,derived,13296000000,USD,short_term_debt + long_term_debt,core
GOOGL,2024,Q3,quarterly,net_debt,Net Debt (Net Cash),derived,-79934000000,USD,total_debt - cash_and_cash_equivalents - short_term_investments,core
GOOGL,2024,Q3,quarterly,tangible_book_value,Tangible Book Value,derived,282184000000,USD,total_stockholders_equity - goodwill - intangible_assets_net,optional
GOOGL,2024,Q3,quarterly,book_value_per_share,Book Value Per Share,derived,,USD/shares,total_stockholders_equity / shares_outstanding,important
GOOGL,2024,Q3,quarterly,inventory_days,Days Inventory Outstanding (DIO),derived,,days,(inventory_net / cost_of_revenue) * 365,important
GOOGL,2024,Q3,quarterly,days_sales_outstanding,Days Sales Outstanding (DSO),derived,203.05161553450853,days,(accounts_receivable_net / revenue) * 365,optional
GOOGL,2024,Q3,quarterly,roe,Return on Equity,derived,0.08372941464858859,pure,net_income / total_stockholders_equity,important
GOOGL,2024,Q3,quarterly,roa,Return on Assets,derived,0.061127302645340324,pure,net_income / total_assets,optional
GOOGL,2024,Q3,quarterly,roic,Return on Invested Capital,derived,0.07695070124995845,pure,(operating_income * (1 - effective_tax_rate)) / (total_debt + total_stockholders_equity - cash_and_cash_equivalents),core
GOOGL,2024,Q3,quarterly,revenue_yoy_growth,Revenue YoY Growth %,derived,0.15092642092498665,pure,(revenue - revenue_prior_year) / revenue_prior_year,core
GOOGL,2024,Q3,quarterly,eps_yoy_growth,Diluted EPS YoY Growth %,derived,0.367741935483871,pure,(eps_diluted - eps_diluted_prior_year) / eps_diluted_prior_year,important
GOOGL,2024,Q3,quarterly,diluted_share_count_change,YoY Diluted Share Count Change,derived,-0.02181789540012602,pure,(weighted_avg_shares_diluted / weighted_avg_shares_diluted_prior_year) - 1,optional
GOOGL,2024,Q3,quarterly,deferred_revenue_total,Total Deferred Revenue,derived,5911000000,USD,deferred_revenue_current + deferred_revenue_noncurrent,important
GOOGL,2024,Q3,quarterly,segment_revenue_mix_pct,Segment Revenue Mix %,derived,,pure,segment_revenue / revenue,important
GOOGL,2024,FY,annual,gross_profit_derived,Gross Profit (derived fallback),derived,203712000000,USD,revenue - cost_of_revenue,important
GOOGL,2024,FY,annual,gross_margin,Gross Margin %,derived,0.5820043540617911,pure,gross_profit / revenue,core
GOOGL,2024,FY,annual,operating_margin,Operating Margin %,derived,0.32109777211457696,pure,operating_income / revenue,core
GOOGL,2024,FY,annual,net_margin,Net Margin %,derived,0.28603671811164,pure,net_income / revenue,core
GOOGL,2024,FY,annual,effective_tax_rate,Effective Tax Rate,derived,0.16439510912657013,pure,income_tax_expense / pretax_income,important
GOOGL,2024,FY,annual,rd_intensity,R&D Intensity (R&D / Revenue),derived,0.14092418104211785,pure,research_development_expense / revenue,core
GOOGL,2024,FY,annual,sbc_pct_revenue,Stock-Based Comp % of Revenue,derived,0.065096652172174,pure,stock_based_compensation / revenue,important
GOOGL,2024,FY,annual,capex_intensity,Capex Intensity (Capex / Revenue),derived,0.15009228096840735,pure,capital_expenditures / revenue,important
GOOGL,2024,FY,annual,free_cash_flow,Free Cash Flow (FCF),derived,72764000000,USD,net_cash_from_operating_activities - capital_expenditures,core
GOOGL,2024,FY,annual,fcf_margin,FCF Margin %,derived,0.20788645155392008,pure,free_cash_flow / revenue,core
GOOGL,2024,FY,annual,net_working_capital,Net Working Capital,derived,74589000000,USD,total_current_assets - total_current_liabilities,important
GOOGL,2024,FY,annual,total_debt,Total Debt,derived,11882000000,USD,short_term_debt + long_term_debt,core
GOOGL,2024,FY,annual,net_debt,Net Debt (Net Cash),derived,-83775000000,USD,total_debt - cash_and_cash_equivalents - short_term_investments,core
GOOGL,2024,FY,annual,tangible_book_value,Tangible Book Value,derived,293199000000,USD,total_stockholders_equity - goodwill - intangible_assets_net,optional
GOOGL,2024,FY,annual,book_value_per_share,Book Value Per Share,derived,,USD/shares,total_stockholders_equity / shares_outstanding,important
GOOGL,2024,FY,annual,inventory_days,Days Inventory Outstanding (DIO),derived,,days,(inventory_net / cost_of_revenue) * 365,important
GOOGL,2024,FY,annual,days_sales_outstanding,Days Sales Outstanding (DSO),derived,54.580335868441054,days,(accounts_receivable_net / revenue) * 365,optional
GOOGL,2024,FY,annual,roe,Return on Equity,derived,0.30797578472025694,pure,net_income / total_stockholders_equity,important
GOOGL,2024,FY,annual,roa,Return on Assets,derived,0.22235794747876764,pure,net_income / total_assets,optional
GOOGL,2024,FY,annual,roic,Return on Invested Capital,derived,0.2995650197297122,pure,(operating_income * (1 - effective_tax_rate)) / (total_debt + total_stockholders_equity - cash_and_cash_equivalents),core
GOOGL,2024,FY,annual,revenue_yoy_growth,Revenue YoY Growth %,derived,0.13866243322901553,pure,(revenue - revenue_prior_year) / revenue_prior_year,core
GOOGL,2024,FY,annual,eps_yoy_growth,Diluted EPS YoY Growth %,derived,0.386206896551724,pure,(eps_diluted - eps_diluted_prior_year) / eps_diluted_prior_year,important
GOOGL,2024,FY,annual,diluted_share_count_change,YoY Diluted Share Count Change,derived,-0.02161609809778342,pure,(weighted_avg_shares_diluted / weighted_avg_shares_diluted_prior_year) - 1,optional
GOOGL,2024,FY,annual,deferred_revenue_total,Total Deferred Revenue,derived,5036000000,USD,deferred_revenue_current + deferred_revenue_noncurrent,important
GOOGL,2024,FY,annual,segment_revenue_mix_pct,Segment Revenue Mix %,derived,,pure,segment_revenue / revenue,important
GOOGL,2025,Q1,quarterly,gross_profit_derived,Gross Profit (derived fallback),derived,53873000000,USD,revenue - cost_of_revenue,important
GOOGL,2025,Q1,quarterly,gross_margin,Gross Margin %,derived,0.5970365937451515,pure,gross_profit / revenue,core
GOOGL,2025,Q1,quarterly,operating_margin,Operating Margin %,derived,0.3391847862224882,pure,operating_income / revenue,core
GOOGL,2025,Q1,quarterly,net_margin,Net Margin %,derived,0.38278254316554733,pure,net_income / revenue,core
GOOGL,2025,Q1,quarterly,effective_tax_rate,Effective Tax Rate,derived,0.173466701763622,pure,income_tax_expense / pretax_income,important
GOOGL,2025,Q1,quarterly,rd_intensity,R&D Intensity (R&D / Revenue),derived,0.15023162001019572,pure,research_development_expense / revenue,core
GOOGL,2025,Q1,quarterly,sbc_pct_revenue,Stock-Based Comp % of Revenue,derived,0.061129951016246645,pure,stock_based_compensation / revenue,important
GOOGL,2025,Q1,quarterly,capex_intensity,Capex Intensity (Capex / Revenue),derived,0.19058226389165947,pure,capital_expenditures / revenue,important
GOOGL,2025,Q1,quarterly,free_cash_flow,Free Cash Flow (FCF),derived,18953000000,USD,net_cash_from_operating_activities - capital_expenditures,core
GOOGL,2025,Q1,quarterly,fcf_margin,FCF Margin %,derived,0.2100427776669548,pure,free_cash_flow / revenue,core
GOOGL,2025,Q1,quarterly,net_working_capital,Net Working Capital,derived,70398000000,USD,total_current_assets - total_current_liabilities,important
GOOGL,2025,Q1,quarterly,total_debt,Total Debt,derived,11886000000,USD,short_term_debt + long_term_debt,core
GOOGL,2025,Q1,quarterly,net_debt,Net Debt (Net Cash),derived,-83442000000,USD,total_debt - cash_and_cash_equivalents - short_term_investments,core
GOOGL,2025,Q1,quarterly,tangible_book_value,Tangible Book Value,derived,313094000000,USD,total_stockholders_equity - goodwill - intangible_assets_net,optional
GOOGL,2025,Q1,quarterly,book_value_per_share,Book Value Per Share,derived,,USD/shares,total_stockholders_equity / shares_outstanding,important
GOOGL,2025,Q1,quarterly,inventory_days,Days Inventory Outstanding (DIO),derived,,days,(inventory_net / cost_of_revenue) * 365,important
GOOGL,2025,Q1,quarterly,days_sales_outstanding,Days Sales Outstanding (DSO),derived,206.2969612341246,days,(accounts_receivable_net / revenue) * 365,optional
GOOGL,2025,Q1,quarterly,roe,Return on Equity,derived,0.10003852091280081,pure,net_income / total_stockholders_equity,important
GOOGL,2025,Q1,quarterly,roa,Return on Assets,derived,0.07265858040195719,pure,net_income / total_assets,optional
GOOGL,2025,Q1,quarterly,roic,Return on Invested Capital,derived,0.07576433523063829,pure,(operating_income * (1 - effective_tax_rate)) / (total_debt + total_stockholders_equity - cash_and_cash_equivalents),core
GOOGL,2025,Q1,quarterly,revenue_yoy_growth,Revenue YoY Growth %,derived,0.1203764635766523,pure,(revenue - revenue_prior_year) / revenue_prior_year,core
GOOGL,2025,Q1,quarterly,eps_yoy_growth,Diluted EPS YoY Growth %,derived,0.48677248677248686,pure,(eps_diluted - eps_diluted_prior_year) / eps_diluted_prior_year,important
GOOGL,2025,Q1,quarterly,diluted_share_count_change,YoY Diluted Share Count Change,derived,-0.018839307096671143,pure,(weighted_avg_shares_diluted / weighted_avg_shares_diluted_prior_year) - 1,optional
GOOGL,2025,Q1,quarterly,deferred_revenue_total,Total Deferred Revenue,derived,4908000000,USD,deferred_revenue_current + deferred_revenue_noncurrent,important
GOOGL,2025,Q1,quarterly,segment_revenue_mix_pct,Segment Revenue Mix %,derived,,pure,segment_revenue / revenue,important
GOOGL,2025,Q2,quarterly,gross_profit_derived,Gross Profit (derived fallback),derived,57389000000,USD,revenue - cost_of_revenue,important
GOOGL,2025,Q2,quarterly,gross_margin,Gross Margin %,derived,0.5951487119923674,pure,gross_profit / revenue,core
GOOGL,2025,Q2,quarterly,operating_margin,Operating Margin %,derived,0.3242937735927324,pure,operating_income / revenue,core
GOOGL,2025,Q2,quarterly,net_margin,Net Margin %,derived,0.2924046957315303,pure,net_income / revenue,core
GOOGL,2025,Q2,quarterly,effective_tax_rate,Effective Tax Rate,derived,0.16906845843279403,pure,income_tax_expense / pretax_income,important
GOOGL,2025,Q2,quarterly,rd_intensity,R&D Intensity (R&D / Revenue),derived,0.1431949226365786,pure,research_development_expense / revenue,core
GOOGL,2025,Q2,quarterly,sbc_pct_revenue,Stock-Based Comp % of Revenue,derived,0.0622225909486871,pure,stock_based_compensation / revenue,important
GOOGL,2025,Q2,quarterly,capex_intensity,Capex Intensity (Capex / Revenue),derived,,pure,capital_expenditures / revenue,important
GOOGL,2025,Q2,quarterly,free_cash_flow,Free Cash Flow (FCF),derived,,USD,net_cash_from_operating_activities - capital_expenditures,core
GOOGL,2025,Q2,quarterly,fcf_margin,FCF Margin %,derived,,pure,free_cash_flow / revenue,core
GOOGL,2025,Q2,quarterly,net_working_capital,Net Working Capital,derived,78906000000,USD,total_current_assets - total_current_liabilities,important
GOOGL,2025,Q2,quarterly,total_debt,Total Debt,derived,24607000000,USD,short_term_debt + long_term_debt,core
GOOGL,2025,Q2,quarterly,net_debt,Net Debt (Net Cash),derived,-70541000000,USD,total_debt - cash_and_cash_equivalents - short_term_investments,core
GOOGL,2025,Q2,quarterly,tangible_book_value,Tangible Book Value,derived,330581000000,USD,total_stockholders_equity - goodwill - intangible_assets_net,optional
GOOGL,2025,Q2,quarterly,book_value_per_share,Book Value Per Share,derived,,USD/shares,total_stockholders_equity / shares_outstanding,important
GOOGL,2025,Q2,quarterly,inventory_days,Days Inventory Outstanding (DIO),derived,,days,(inventory_net / cost_of_revenue) * 365,important
GOOGL,2025,Q2,quarterly,days_sales_outstanding,Days Sales Outstanding (DSO),derived,208.36810884805246,days,(accounts_receivable_net / revenue) * 365,optional
GOOGL,2025,Q2,quarterly,roe,Return on Equity,derived,0.07769290965402462,pure,net_income / total_stockholders_equity,important
GOOGL,2025,Q2,quarterly,roa,Return on Assets,derived,0.05616140128631838,pure,net_income / total_assets,optional
GOOGL,2025,Q2,quarterly,roic,Return on Invested Capital,derived,0.07090036000280528,pure,(operating_income * (1 - effective_tax_rate)) / (total_debt + total_stockholders_equity - cash_and_cash_equivalents),core
GOOGL,2025,Q2,quarterly,revenue_yoy_growth,Revenue YoY Growth %,derived,0.13790092280097235,pure,(revenue - revenue_prior_year) / revenue_prior_year,core
GOOGL,2025,Q2,quarterly,eps_yoy_growth,Diluted EPS YoY Growth %,derived,0.22222222222222232,pure,(eps_diluted - eps_diluted_prior_year) / eps_diluted_prior_year,important
GOOGL,2025,Q2,quarterly,diluted_share_count_change,YoY Diluted Share Count Change,derived,-0.02376950780312126,pure,(weighted_avg_shares_diluted / weighted_avg_shares_diluted_prior_year) - 1,optional
GOOGL,2025,Q2,quarterly,deferred_revenue_total,Total Deferred Revenue,derived,4969000000,USD,deferred_revenue_current + deferred_revenue_noncurrent,important
GOOGL,2025,Q2,quarterly,segment_revenue_mix_pct,Segment Revenue Mix %,derived,,pure,segment_revenue / revenue,important
GOOGL,2025,Q3,quarterly,gross_profit_derived,Gross Profit (derived fallback),derived,60977000000,USD,revenue - cost_of_revenue,important
GOOGL,2025,Q3,quarterly,gross_margin,Gross Margin %,derived,0.5957927031833193,pure,gross_profit / revenue,core
GOOGL,2025,Q3,quarterly,operating_margin,Operating Margin %,derived,0.30512184159615424,pure,operating_income / revenue,core
GOOGL,2025,Q3,quarterly,net_margin,Net Margin %,derived,0.34177202821800556,pure,net_income / revenue,core
GOOGL,2025,Q3,quarterly,effective_tax_rate,Effective Tax Rate,derived,0.20478777820719757,pure,income_tax_expense / pretax_income,important
GOOGL,2025,Q3,quarterly,rd_intensity,R&D Intensity (R&D / Revenue),derived,0.14803705078850174,pure,research_development_expense / revenue,core
GOOGL,2025,Q3,quarterly,sbc_pct_revenue,Stock-Based Comp % of Revenue,derived,0.06253297637425986,pure,stock_based_compensation / revenue,important
GOOGL,2025,Q3,quarterly,capex_intensity,Capex Intensity (Capex / Revenue),derived,,pure,capital_expenditures / revenue,important
GOOGL,2025,Q3,quarterly,free_cash_flow,Free Cash Flow (FCF),derived,,USD,net_cash_from_operating_activities - capital_expenditures,core
GOOGL,2025,Q3,quarterly,fcf_margin,FCF Margin %,derived,,pure,free_cash_flow / revenue,core
GOOGL,2025,Q3,quarterly,net_working_capital,Net Working Capital,derived,74397000000,USD,total_current_assets - total_current_liabilities,important
GOOGL,2025,Q3,quarterly,total_debt,Total Debt,derived,23602000000,USD,short_term_debt + long_term_debt,core
GOOGL,2025,Q3,quarterly,net_debt,Net Debt (Net Cash),derived,-74894000000,USD,total_debt - cash_and_cash_equivalents - short_term_investments,core
GOOGL,2025,Q3,quarterly,tangible_book_value,Tangible Book Value,derived,353598000000,USD,total_stockholders_equity - goodwill - intangible_assets_net,optional
GOOGL,2025,Q3,quarterly,book_value_per_share,Book Value Per Share,derived,,USD/shares,total_stockholders_equity / shares_outstanding,important
GOOGL,2025,Q3,quarterly,inventory_days,Days Inventory Outstanding (DIO),derived,,days,(inventory_net / cost_of_revenue) * 365,important
GOOGL,2025,Q3,quarterly,days_sales_outstanding,Days Sales Outstanding (DSO),derived,203.80884450784595,days,(accounts_receivable_net / revenue) * 365,optional
GOOGL,2025,Q3,quarterly,roe,Return on Equity,derived,0.09041608614846963,pure,net_income / total_stockholders_equity,important
GOOGL,2025,Q3,quarterly,roa,Return on Assets,derived,0.06520227636638837,pure,net_income / total_assets,optional
GOOGL,2025,Q3,quarterly,roic,Return on Invested Capital,derived,0.0641048876220591,pure,(operating_income * (1 - effective_tax_rate)) / (total_debt + total_stockholders_equity - cash_and_cash_equivalents),core
GOOGL,2025,Q3,quarterly,revenue_yoy_growth,Revenue YoY Growth %,derived,0.15949154846603525,pure,(revenue - revenue_prior_year) / revenue_prior_year,core
GOOGL,2025,Q3,quarterly,eps_yoy_growth,Diluted EPS YoY Growth %,derived,0.35377358490566035,pure,(eps_diluted - eps_diluted_prior_year) / eps_diluted_prior_year,important
GOOGL,2025,Q3,quarterly,diluted_share_count_change,YoY Diluted Share Count Change,derived,-0.01739270472662857,pure,(weighted_avg_shares_diluted / weighted_avg_shares_diluted_prior_year) - 1,optional
GOOGL,2025,Q3,quarterly,deferred_revenue_total,Total Deferred Revenue,derived,5542000000,USD,deferred_revenue_current + deferred_revenue_noncurrent,important
GOOGL,2025,Q3,quarterly,segment_revenue_mix_pct,Segment Revenue Mix %,derived,,pure,segment_revenue / revenue,important
GOOGL,2025,FY,annual,gross_profit_derived,Gross Profit (derived fallback),derived,240301000000,USD,revenue - cost_of_revenue,important
GOOGL,2025,FY,annual,gross_margin,Gross Margin %,derived,0.5965231508603998,pure,gross_profit / revenue,core
GOOGL,2025,FY,annual,operating_margin,Operating Margin %,derived,0.32032638592380025,pure,operating_income / revenue,core
GOOGL,2025,FY,annual,net_margin,Net Margin %,derived,0.3280987796522654,pure,net_income / revenue,core
GOOGL,2025,FY,annual,effective_tax_rate,Effective Tax Rate,derived,0.16783146336242177,pure,income_tax_expense / pretax_income,important
GOOGL,2025,FY,annual,rd_intensity,R&D Intensity (R&D / Revenue),derived,0.15164235569810047,pure,research_development_expense / revenue,core
GOOGL,2025,FY,annual,sbc_pct_revenue,Stock-Based Comp % of Revenue,derived,0.06194332184809699,pure,stock_based_compensation / revenue,important
GOOGL,2025,FY,annual,capex_intensity,Capex Intensity (Capex / Revenue),derived,0.22700801318650765,pure,capital_expenditures / revenue,important
GOOGL,2025,FY,annual,free_cash_flow,Free Cash Flow (FCF),derived,73266000000,USD,net_cash_from_operating_activities - capital_expenditures,core
GOOGL,2025,FY,annual,fcf_margin,FCF Margin %,derived,0.18187550268595656,pure,free_cash_flow / revenue,core
GOOGL,2025,FY,annual,net_working_capital,Net Working Capital,derived,103293000000,USD,total_current_assets - total_current_liabilities,important
GOOGL,2025,FY,annual,total_debt,Total Debt,derived,48543000000,USD,short_term_debt + long_term_debt,core
GOOGL,2025,FY,annual,net_debt,Net Debt (Net Cash),derived,-78300000000,USD,total_debt - cash_and_cash_equivalents - short_term_investments,core
GOOGL,2025,FY,annual,tangible_book_value,Tangible Book Value,derived,380602000000,USD,total_stockholders_equity - goodwill - intangible_assets_net,optional
GOOGL,2025,FY,annual,book_value_per_share,Book Value Per Share,derived,,USD/shares,total_stockholders_equity / shares_outstanding,important
GOOGL,2025,FY,annual,inventory_days,Days Inventory Outstanding (DIO),derived,,days,(inventory_net / cost_of_revenue) * 365,important
GOOGL,2025,FY,annual,days_sales_outstanding,Days Sales Outstanding (DSO),derived,56.979490412972034,days,(accounts_receivable_net / revenue) * 365,optional
GOOGL,2025,FY,annual,roe,Return on Equity,derived,0.3182786895115167,pure,net_income / total_stockholders_equity,important
GOOGL,2025,FY,annual,roa,Return on Assets,derived,0.22202959610671263,pure,net_income / total_assets,optional
GOOGL,2025,FY,annual,roic,Return on Invested Capital,derived,0.2479385726141225,pure,(operating_income * (1 - effective_tax_rate)) / (total_debt + total_stockholders_equity - cash_and_cash_equivalents),core
GOOGL,2025,FY,annual,revenue_yoy_growth,Revenue YoY Growth %,derived,0.15090081081544376,pure,(revenue - revenue_prior_year) / revenue_prior_year,core
GOOGL,2025,FY,annual,eps_yoy_growth,Diluted EPS YoY Growth %,derived,0.3445273631840798,pure,(eps_diluted - eps_diluted_prior_year) / eps_diluted_prior_year,important
GOOGL,2025,FY,annual,diluted_share_count_change,YoY Diluted Share Count Change,derived,-0.017433919820036947,pure,(weighted_avg_shares_diluted / weighted_avg_shares_diluted_prior_year) - 1,optional
GOOGL,2025,FY,annual,deferred_revenue_total,Total Deferred Revenue,derived,6578000000,USD,deferred_revenue_current + deferred_revenue_noncurrent,important
GOOGL,2025,FY,annual,segment_revenue_mix_pct,Segment Revenue Mix %,derived,,pure,segment_revenue / revenue,important
GOOGL,2026,Q1,quarterly,gross_profit_derived,Gross Profit (derived fallback),derived,68625000000,USD,revenue - cost_of_revenue,important
GOOGL,2026,Q1,quarterly,gross_margin,Gross Margin %,derived,0.6244540292640315,pure,gross_profit / revenue,core
GOOGL,2026,Q1,quarterly,operating_margin,Operating Margin %,derived,0.36121423891679405,pure,operating_income / revenue,core
GOOGL,2026,Q1,quarterly,net_margin,Net Margin %,derived,0.5694292785906675,pure,net_income / revenue,core
GOOGL,2026,Q1,quarterly,effective_tax_rate,Effective Tax Rate,derived,0.19162403761690694,pure,income_tax_expense / pretax_income,important
GOOGL,2026,Q1,quarterly,rd_intensity,R&D Intensity (R&D / Revenue),derived,0.15498289291693965,pure,research_development_expense / revenue,core
GOOGL,2026,Q1,quarterly,sbc_pct_revenue,Stock-Based Comp % of Revenue,derived,0.061430807308728255,pure,stock_based_compensation / revenue,important
GOOGL,2026,Q1,quarterly,capex_intensity,Capex Intensity (Capex / Revenue),derived,0.3246160005823688,pure,capital_expenditures / revenue,important
GOOGL,2026,Q1,quarterly,free_cash_flow,Free Cash Flow (FCF),derived,10116000000,USD,net_cash_from_operating_activities - capital_expenditures,core
GOOGL,2026,Q1,quarterly,fcf_margin,FCF Margin %,derived,0.09205066608429788,pure,free_cash_flow / revenue,core
GOOGL,2026,Q1,quarterly,net_working_capital,Net Working Capital,derived,102565000000,USD,total_current_assets - total_current_liabilities,important
GOOGL,2026,Q1,quarterly,total_debt,Total Debt,derived,79499000000,USD,short_term_debt + long_term_debt,core
GOOGL,2026,Q1,quarterly,net_debt,Net Debt (Net Cash),derived,-47341000000,USD,total_debt - cash_and_cash_equivalents - short_term_investments,core
GOOGL,2026,Q1,quarterly,tangible_book_value,Tangible Book Value,derived,411528000000,USD,total_stockholders_equity - goodwill - intangible_assets_net,optional
GOOGL,2026,Q1,quarterly,book_value_per_share,Book Value Per Share,derived,,USD/shares,total_stockholders_equity / shares_outstanding,important
GOOGL,2026,Q1,quarterly,inventory_days,Days Inventory Outstanding (DIO),derived,,days,(inventory_net / cost_of_revenue) * 365,important
GOOGL,2026,Q1,quarterly,days_sales_outstanding,Days Sales Outstanding (DSO),derived,209.23996323797044,days,(accounts_receivable_net / revenue) * 365,optional
GOOGL,2026,Q1,quarterly,roe,Return on Equity,derived,0.13071231926741947,pure,net_income / total_stockholders_equity,important
GOOGL,2026,Q1,quarterly,roa,Return on Assets,derived,0.0888994330313573,pure,net_income / total_assets,optional
GOOGL,2026,Q1,quarterly,roic,Return on Invested Capital,derived,0.06168858630779085,pure,(operating_income * (1 - effective_tax_rate)) / (total_debt + total_stockholders_equity - cash_and_cash_equivalents),core
GOOGL,2026,Q1,quarterly,revenue_yoy_growth,Revenue YoY Growth %,derived,0.21790012633818737,pure,(revenue - revenue_prior_year) / revenue_prior_year,core
GOOGL,2026,Q1,quarterly,eps_yoy_growth,Diluted EPS YoY Growth %,derived,0.8185053380782918,pure,(eps_diluted - eps_diluted_prior_year) / eps_diluted_prior_year,important
GOOGL,2026,Q1,quarterly,diluted_share_count_change,YoY Diluted Share Count Change,derived,-0.004312098283296706,pure,(weighted_avg_shares_diluted / weighted_avg_shares_diluted_prior_year) - 1,optional
GOOGL,2026,Q1,quarterly,deferred_revenue_total,Total Deferred Revenue,derived,7162000000,USD,deferred_revenue_current + deferred_revenue_noncurrent,important
GOOGL,2026,Q1,quarterly,segment_revenue_mix_pct,Segment Revenue Mix %,derived,,pure,segment_revenue / revenue,important
MSFT,2023,Q1,quarterly,gross_profit_derived,Gross Profit (derived fallback),derived,34670000000,USD,revenue - cost_of_revenue,important
MSFT,2023,Q1,quarterly,gross_margin,Gross Margin %,derived,0.691712222177886,pure,gross_profit / revenue,core
MSFT,2023,Q1,quarterly,operating_margin,Operating Margin %,derived,0.42931247755476637,pure,operating_income / revenue,core
MSFT,2023,Q1,quarterly,net_margin,Net Margin %,derived,0.3502653525398029,pure,net_income / revenue,core
MSFT,2023,Q1,quarterly,effective_tax_rate,Effective Tax Rate,derived,0.1861672538475802,pure,income_tax_expense / pretax_income,important
MSFT,2023,Q1,quarterly,rd_intensity,R&D Intensity (R&D / Revenue),derived,0.13223734088823272,pure,research_development_expense / revenue,core
MSFT,2023,Q1,quarterly,sbc_pct_revenue,Stock-Based Comp % of Revenue,derived,0.043733290770519934,pure,stock_based_compensation / revenue,important
MSFT,2023,Q1,quarterly,capex_intensity,Capex Intensity (Capex / Revenue),derived,0.12535413590838354,pure,capital_expenditures / revenue,important
MSFT,2023,Q1,quarterly,free_cash_flow,Free Cash Flow (FCF),derived,16915000000,USD,net_cash_from_operating_activities - capital_expenditures,core
MSFT,2023,Q1,quarterly,fcf_margin,FCF Margin %,derived,0.33747655720043096,pure,free_cash_flow / revenue,core
MSFT,2023,Q1,quarterly,net_working_capital,Net Working Capital,derived,73423000000,USD,total_current_assets - total_current_liabilities,important
MSFT,2023,Q1,quarterly,total_debt,Total Debt,derived,48622000000,USD,short_term_debt + long_term_debt,core
MSFT,2023,Q1,quarterly,net_debt,Net Debt (Net Cash),derived,-58640000000,USD,total_debt - cash_and_cash_equivalents - short_term_investments,core
MSFT,2023,Q1,quarterly,tangible_book_value,Tangible Book Value,derived,95299000000,USD,total_stockholders_equity - goodwill - intangible_assets_net,optional
MSFT,2023,Q1,quarterly,book_value_per_share,Book Value Per Share,derived,,USD/shares,total_stockholders_equity / shares_outstanding,important
MSFT,2023,Q1,quarterly,inventory_days,Days Inventory Outstanding (DIO),derived,100.816722754336,days,(inventory_net / cost_of_revenue) * 365,important
MSFT,2023,Q1,quarterly,days_sales_outstanding,Days Sales Outstanding (DSO),derived,227.78091456845297,days,(accounts_receivable_net / revenue) * 365,optional
MSFT,2023,Q1,quarterly,roe,Return on Equity,derived,0.10114884251523916,pure,net_income / total_stockholders_equity,important
MSFT,2023,Q1,quarterly,roa,Return on Assets,derived,0.048795944233206594,pure,net_income / total_assets,optional
MSFT,2023,Q1,quarterly,roic,Return on Invested Capital,derived,0.08786603897416895,pure,(operating_income * (1 - effective_tax_rate)) / (total_debt + total_stockholders_equity - cash_and_cash_equivalents),core
MSFT,2023,Q1,quarterly,revenue_yoy_growth,Revenue YoY Growth %,derived,,pure,(revenue - revenue_prior_year) / revenue_prior_year,core
MSFT,2023,Q1,quarterly,eps_yoy_growth,Diluted EPS YoY Growth %,derived,,pure,(eps_diluted - eps_diluted_prior_year) / eps_diluted_prior_year,important
MSFT,2023,Q1,quarterly,diluted_share_count_change,YoY Diluted Share Count Change,derived,,pure,(weighted_avg_shares_diluted / weighted_avg_shares_diluted_prior_year) - 1,optional
MSFT,2023,Q1,quarterly,deferred_revenue_total,Total Deferred Revenue,derived,43889000000,USD,deferred_revenue_current + deferred_revenue_noncurrent,important
MSFT,2023,Q1,quarterly,segment_revenue_mix_pct,Segment Revenue Mix %,derived,,pure,segment_revenue / revenue,important
MSFT,2023,Q2,quarterly,gross_profit_derived,Gross Profit (derived fallback),derived,35259000000,USD,revenue - cost_of_revenue,important
MSFT,2023,Q2,quarterly,gross_margin,Gross Margin %,derived,0.6684550780139155,pure,gross_profit / revenue,core
MSFT,2023,Q2,quarterly,operating_margin,Operating Margin %,derived,0.3867328947617874,pure,operating_income / revenue,core
MSFT,2023,Q2,quarterly,net_margin,Net Margin %,derived,0.3113921170872277,pure,net_income / revenue,core
MSFT,2023,Q2,quarterly,effective_tax_rate,Effective Tax Rate,derived,0.1924381729681892,pure,income_tax_expense / pretax_income,important
MSFT,2023,Q2,quarterly,rd_intensity,R&D Intensity (R&D / Revenue),derived,0.1297514550590555,pure,research_development_expense / revenue,core
MSFT,2023,Q2,quarterly,sbc_pct_revenue,Stock-Based Comp % of Revenue,derived,0.048116480558136006,pure,stock_based_compensation / revenue,important
MSFT,2023,Q2,quarterly,capex_intensity,Capex Intensity (Capex / Revenue),derived,0.11894515327885946,pure,capital_expenditures / revenue,important
MSFT,2023,Q2,quarterly,free_cash_flow,Free Cash Flow (FCF),derived,4899000000,USD,net_cash_from_operating_activities - capital_expenditures,core
MSFT,2023,Q2,quarterly,fcf_margin,FCF Margin %,derived,0.09287732003715851,pure,free_cash_flow / revenue,core
MSFT,2023,Q2,quarterly,net_working_capital,Net Working Capital,derived,76105000000,USD,total_current_assets - total_current_liabilities,important
MSFT,2023,Q2,quarterly,total_debt,Total Debt,derived,48116000000,USD,short_term_debt + long_term_debt,core
MSFT,2023,Q2,quarterly,net_debt,Net Debt (Net Cash),derived,-51392000000,USD,total_debt - cash_and_cash_equivalents - short_term_investments,core
MSFT,2023,Q2,quarterly,tangible_book_value,Tangible Book Value,derived,104877000000,USD,total_stockholders_equity - goodwill - intangible_assets_net,optional
MSFT,2023,Q2,quarterly,book_value_per_share,Book Value Per Share,derived,,USD/shares,total_stockholders_equity / shares_outstanding,important
MSFT,2023,Q2,quarterly,inventory_days,Days Inventory Outstanding (DIO),derived,62.19693504117109,days,(inventory_net / cost_of_revenue) * 365,important
MSFT,2023,Q2,quarterly,days_sales_outstanding,Days Sales Outstanding (DSO),derived,247.95808292414736,days,(accounts_receivable_net / revenue) * 365,optional
MSFT,2023,Q2,quarterly,roe,Return on Equity,derived,0.08968744539577145,pure,net_income / total_stockholders_equity,important
MSFT,2023,Q2,quarterly,roa,Return on Assets,derived,0.04505530075270469,pure,net_income / total_assets,optional
MSFT,2023,Q2,quarterly,roic,Return on Invested Capital,derived,0.07640535842982991,pure,(operating_income * (1 - effective_tax_rate)) / (total_debt + total_stockholders_equity - cash_and_cash_equivalents),core
MSFT,2023,Q2,quarterly,revenue_yoy_growth,Revenue YoY Growth %,derived,,pure,(revenue - revenue_prior_year) / revenue_prior_year,core
MSFT,2023,Q2,quarterly,eps_yoy_growth,Diluted EPS YoY Growth %,derived,,pure,(eps_diluted - eps_diluted_prior_year) / eps_diluted_prior_year,important
MSFT,2023,Q2,quarterly,diluted_share_count_change,YoY Diluted Share Count Change,derived,,pure,(weighted_avg_shares_diluted / weighted_avg_shares_diluted_prior_year) - 1,optional
MSFT,2023,Q2,quarterly,deferred_revenue_total,Total Deferred Revenue,derived,39626000000,USD,deferred_revenue_current + deferred_revenue_noncurrent,important
MSFT,2023,Q2,quarterly,segment_revenue_mix_pct,Segment Revenue Mix %,derived,,pure,segment_revenue / revenue,important
MSFT,2023,Q3,quarterly,gross_profit_derived,Gross Profit (derived fallback),derived,36729000000,USD,revenue - cost_of_revenue,important
MSFT,2023,Q3,quarterly,gross_margin,Gross Margin %,derived,0.6948748510131109,pure,gross_profit / revenue,core
MSFT,2023,Q3,quarterly,operating_margin,Operating Margin %,derived,0.4228768185859962,pure,operating_income / revenue,core
MSFT,2023,Q3,quarterly,net_margin,Net Margin %,derived,0.3461982329681972,pure,net_income / revenue,core
MSFT,2023,Q3,quarterly,effective_tax_rate,Effective Tax Rate,derived,0.1929166850438848,pure,income_tax_expense / pretax_income,important
MSFT,2023,Q3,quarterly,rd_intensity,R&D Intensity (R&D / Revenue),derived,0.13213008683807254,pure,research_development_expense / revenue,core
MSFT,2023,Q3,quarterly,sbc_pct_revenue,Stock-Based Comp % of Revenue,derived,0.04663526117638156,pure,stock_based_compensation / revenue,important
MSFT,2023,Q3,quarterly,capex_intensity,Capex Intensity (Capex / Revenue),derived,0.1249976351287436,pure,capital_expenditures / revenue,important
MSFT,2023,Q3,quarterly,free_cash_flow,Free Cash Flow (FCF),derived,17834000000,USD,net_cash_from_operating_activities - capital_expenditures,core
MSFT,2023,Q3,quarterly,fcf_margin,FCF Margin %,derived,0.33740091189435645,pure,free_cash_flow / revenue,core
MSFT,2023,Q3,quarterly,net_working_capital,Net Working Capital,derived,78198000000,USD,total_current_assets - total_current_liabilities,important
MSFT,2023,Q3,quarterly,total_debt,Total Debt,derived,48210000000,USD,short_term_debt + long_term_debt,core
MSFT,2023,Q3,quarterly,net_debt,Net Debt (Net Cash),derived,-56217000000,USD,total_debt - cash_and_cash_equivalents - short_term_investments,core
MSFT,2023,Q3,quarterly,tangible_book_value,Tangible Book Value,derived,116864000000,USD,total_stockholders_equity - goodwill - intangible_assets_net,optional
MSFT,2023,Q3,quarterly,book_value_per_share,Book Value Per Share,derived,,USD/shares,total_stockholders_equity / shares_outstanding,important
MSFT,2023,Q3,quarterly,inventory_days,Days Inventory Outstanding (DIO),derived,65.11067708333333,days,(inventory_net / cost_of_revenue) * 365,important
MSFT,2023,Q3,quarterly,days_sales_outstanding,Days Sales Outstanding (DSO),derived,258.4009686512666,days,(accounts_receivable_net / revenue) * 365,optional
MSFT,2023,Q3,quarterly,roe,Return on Equity,derived,0.09399382586050144,pure,net_income / total_stockholders_equity,important
MSFT,2023,Q3,quarterly,roa,Return on Assets,derived,0.04814411399465387,pure,net_income / total_assets,optional
MSFT,2023,Q3,quarterly,roic,Return on Invested Capital,derived,0.08339038906074066,pure,(operating_income * (1 - effective_tax_rate)) / (total_debt + total_stockholders_equity - cash_and_cash_equivalents),core
MSFT,2023,Q3,quarterly,revenue_yoy_growth,Revenue YoY Growth %,derived,,pure,(revenue - revenue_prior_year) / revenue_prior_year,core
MSFT,2023,Q3,quarterly,eps_yoy_growth,Diluted EPS YoY Growth %,derived,,pure,(eps_diluted - eps_diluted_prior_year) / eps_diluted_prior_year,important
MSFT,2023,Q3,quarterly,diluted_share_count_change,YoY Diluted Share Count Change,derived,,pure,(weighted_avg_shares_diluted / weighted_avg_shares_diluted_prior_year) - 1,optional
MSFT,2023,Q3,quarterly,deferred_revenue_total,Total Deferred Revenue,derived,39601000000,USD,deferred_revenue_current + deferred_revenue_noncurrent,important
MSFT,2023,Q3,quarterly,segment_revenue_mix_pct,Segment Revenue Mix %,derived,,pure,segment_revenue / revenue,important
MSFT,2023,FY,annual,gross_profit_derived,Gross Profit (derived fallback),derived,146052000000,USD,revenue - cost_of_revenue,important
MSFT,2023,FY,annual,gross_margin,Gross Margin %,derived,0.6892008588349102,pure,gross_profit / revenue,core
MSFT,2023,FY,annual,operating_margin,Operating Margin %,derived,0.417728806361041,pure,operating_income / revenue,core
MSFT,2023,FY,annual,net_margin,Net Margin %,derived,0.3414623787839464,pure,net_income / revenue,core
MSFT,2023,FY,annual,effective_tax_rate,Effective Tax Rate,derived,0.18978625253328257,pure,income_tax_expense / pretax_income,important
MSFT,2023,FY,annual,rd_intensity,R&D Intensity (R&D / Revenue),derived,0.12832975485454073,pure,research_development_expense / revenue,core
MSFT,2023,FY,annual,sbc_pct_revenue,Stock-Based Comp % of Revenue,derived,0.04535308968218389,pure,stock_based_compensation / revenue,important
MSFT,2023,FY,annual,capex_intensity,Capex Intensity (Capex / Revenue),derived,0.13263336715192411,pure,capital_expenditures / revenue,important
MSFT,2023,FY,annual,free_cash_flow,Free Cash Flow (FCF),derived,59475000000,USD,net_cash_from_operating_activities - capital_expenditures,core
MSFT,2023,FY,annual,fcf_margin,FCF Margin %,derived,0.2806549795908737,pure,free_cash_flow / revenue,core
MSFT,2023,FY,annual,net_working_capital,Net Working Capital,derived,80108000000,USD,total_current_assets - total_current_liabilities,important
MSFT,2023,FY,annual,total_debt,Total Debt,derived,47237000000,USD,short_term_debt + long_term_debt,core
MSFT,2023,FY,annual,net_debt,Net Debt (Net Cash),derived,-64025000000,USD,total_debt - cash_and_cash_equivalents - short_term_investments,core
MSFT,2023,FY,annual,tangible_book_value,Tangible Book Value,derived,128971000000,USD,total_stockholders_equity - goodwill - intangible_assets_net,optional
MSFT,2023,FY,annual,book_value_per_share,Book Value Per Share,derived,,USD/shares,total_stockholders_equity / shares_outstanding,important
MSFT,2023,FY,annual,inventory_days,Days Inventory Outstanding (DIO),derived,13.854516192703034,days,(inventory_net / cost_of_revenue) * 365,important
MSFT,2023,FY,annual,days_sales_outstanding,Days Sales Outstanding (DSO),derived,83.85966071302173,days,(accounts_receivable_net / revenue) * 365,optional
MSFT,2023,FY,annual,roe,Return on Equity,derived,0.35088714643856406,pure,net_income / total_stockholders_equity,important
MSFT,2023,FY,annual,roa,Return on Assets,derived,0.175643726819038,pure,net_income / total_assets,optional
MSFT,2023,FY,annual,roic,Return on Invested Capital,derived,0.3278655285660564,pure,(operating_income * (1 - effective_tax_rate)) / (total_debt + total_stockholders_equity - cash_and_cash_equivalents),core
MSFT,2023,FY,annual,revenue_yoy_growth,Revenue YoY Growth %,derived,,pure,(revenue - revenue_prior_year) / revenue_prior_year,core
MSFT,2023,FY,annual,eps_yoy_growth,Diluted EPS YoY Growth %,derived,,pure,(eps_diluted - eps_diluted_prior_year) / eps_diluted_prior_year,important
MSFT,2023,FY,annual,diluted_share_count_change,YoY Diluted Share Count Change,derived,,pure,(weighted_avg_shares_diluted / weighted_avg_shares_diluted_prior_year) - 1,optional
MSFT,2023,FY,annual,deferred_revenue_total,Total Deferred Revenue,derived,53813000000,USD,deferred_revenue_current + deferred_revenue_noncurrent,important
MSFT,2023,FY,annual,segment_revenue_mix_pct,Segment Revenue Mix %,derived,,pure,segment_revenue / revenue,important
MSFT,2024,Q1,quarterly,gross_profit_derived,Gross Profit (derived fallback),derived,40215000000,USD,revenue - cost_of_revenue,important
MSFT,2024,Q1,quarterly,gross_margin,Gross Margin %,derived,0.7115558150644938,pure,gross_profit / revenue,core
MSFT,2024,Q1,quarterly,operating_margin,Operating Margin %,derived,0.4758745156324646,pure,operating_income / revenue,core
MSFT,2024,Q1,quarterly,net_margin,Net Margin %,derived,0.39441230072367606,pure,net_income / revenue,core
MSFT,2024,Q1,quarterly,effective_tax_rate,Effective Tax Rate,derived,0.18300102624248643,pure,income_tax_expense / pretax_income,important
MSFT,2024,Q1,quarterly,rd_intensity,R&D Intensity (R&D / Revenue),derived,0.11782295592476599,pure,research_development_expense / revenue,core
MSFT,2024,Q1,quarterly,sbc_pct_revenue,Stock-Based Comp % of Revenue,derived,0.044358334660367676,pure,stock_based_compensation / revenue,important
MSFT,2024,Q1,quarterly,capex_intensity,Capex Intensity (Capex / Revenue),derived,0.17546932781287047,pure,capital_expenditures / revenue,important
MSFT,2024,Q1,quarterly,free_cash_flow,Free Cash Flow (FCF),derived,20666000000,USD,net_cash_from_operating_activities - capital_expenditures,core
MSFT,2024,Q1,quarterly,fcf_margin,FCF Margin %,derived,0.36565988994461845,pure,free_cash_flow / revenue,core
MSFT,2024,Q1,quarterly,net_working_capital,Net Working Capital,derived,82794000000,USD,total_current_assets - total_current_liabilities,important
MSFT,2024,Q1,quarterly,total_debt,Total Debt,derived,45694000000,USD,short_term_debt + long_term_debt,core
MSFT,2024,Q1,quarterly,net_debt,Net Debt (Net Cash),derived,-98257000000,USD,total_debt - cash_and_cash_equivalents - short_term_investments,core
MSFT,2024,Q1,quarterly,tangible_book_value,Tangible Book Value,derived,144029000000,USD,total_stockholders_equity - goodwill - intangible_assets_net,optional
MSFT,2024,Q1,quarterly,book_value_per_share,Book Value Per Share,derived,,USD/shares,total_stockholders_equity / shares_outstanding,important
MSFT,2024,Q1,quarterly,inventory_days,Days Inventory Outstanding (DIO),derived,67.16967243283032,days,(inventory_net / cost_of_revenue) * 365,important
MSFT,2024,Q1,quarterly,days_sales_outstanding,Days Sales Outstanding (DSO),derived,238.6511138241591,days,(accounts_receivable_net / revenue) * 365,optional
MSFT,2024,Q1,quarterly,roe,Return on Equity,derived,0.10099495274427539,pure,net_income / total_stockholders_equity,important
MSFT,2024,Q1,quarterly,roa,Return on Assets,derived,0.05000392565923035,pure,net_income / total_assets,optional
MSFT,2024,Q1,quarterly,roic,Return on Invested Capital,derived,0.11816336874964146,pure,(operating_income * (1 - effective_tax_rate)) / (total_debt + total_stockholders_equity - cash_and_cash_equivalents),core
MSFT,2024,Q1,quarterly,revenue_yoy_growth,Revenue YoY Growth %,derived,0.12758868361198675,pure,(revenue - revenue_prior_year) / revenue_prior_year,core
MSFT,2024,Q1,quarterly,eps_yoy_growth,Diluted EPS YoY Growth %,derived,0.27234042553191495,pure,(eps_diluted - eps_diluted_prior_year) / eps_diluted_prior_year,important
MSFT,2024,Q1,quarterly,diluted_share_count_change,YoY Diluted Share Count Change,derived,-0.0030728122912491163,pure,(weighted_avg_shares_diluted / weighted_avg_shares_diluted_prior_year) - 1,optional
MSFT,2024,Q1,quarterly,deferred_revenue_total,Total Deferred Revenue,derived,49188000000,USD,deferred_revenue_current + deferred_revenue_noncurrent,important
MSFT,2024,Q1,quarterly,segment_revenue_mix_pct,Segment Revenue Mix %,derived,,pure,segment_revenue / revenue,important
MSFT,2024,Q2,quarterly,gross_profit_derived,Gross Profit (derived fallback),derived,42397000000,USD,revenue - cost_of_revenue,important
MSFT,2024,Q2,quarterly,gross_margin,Gross Margin %,derived,0.6836020638503708,pure,gross_profit / revenue,core
MSFT,2024,Q2,quarterly,operating_margin,Operating Margin %,derived,0.43585940019348596,pure,operating_income / revenue,core
MSFT,2024,Q2,quarterly,net_margin,Net Margin %,derived,0.3526281844566269,pure,net_income / revenue,core
MSFT,2024,Q2,quarterly,effective_tax_rate,Effective Tax Rate,derived,0.17552589911784663,pure,income_tax_expense / pretax_income,important
MSFT,2024,Q2,quarterly,rd_intensity,R&D Intensity (R&D / Revenue),derived,0.11515640116091583,pure,research_development_expense / revenue,core
MSFT,2024,Q2,quarterly,sbc_pct_revenue,Stock-Based Comp % of Revenue,derived,0.04559819413092551,pure,stock_based_compensation / revenue,important
MSFT,2024,Q2,quarterly,capex_intensity,Capex Intensity (Capex / Revenue),derived,0.1569654950016124,pure,capital_expenditures / revenue,important
MSFT,2024,Q2,quarterly,free_cash_flow,Free Cash Flow (FCF),derived,9118000000,USD,net_cash_from_operating_activities - capital_expenditures,core
MSFT,2024,Q2,quarterly,fcf_margin,FCF Margin %,derived,0.14701709126088358,pure,free_cash_flow / revenue,core
MSFT,2024,Q2,quarterly,net_working_capital,Net Working Capital,derived,26377000000,USD,total_current_assets - total_current_liabilities,important
MSFT,2024,Q2,quarterly,total_debt,Total Debt,derived,47178000000,USD,short_term_debt + long_term_debt,core
MSFT,2024,Q2,quarterly,net_debt,Net Debt (Net Cash),derived,-33839000000,USD,total_debt - cash_and_cash_equivalents - short_term_investments,core
MSFT,2024,Q2,quarterly,tangible_book_value,Tangible Book Value,derived,89441000000,USD,total_stockholders_equity - goodwill - intangible_assets_net,optional
MSFT,2024,Q2,quarterly,book_value_per_share,Book Value Per Share,derived,,USD/shares,total_stockholders_equity / shares_outstanding,important
MSFT,2024,Q2,quarterly,inventory_days,Days Inventory Outstanding (DIO),derived,30.040004076848593,days,(inventory_net / cost_of_revenue) * 365,important
MSFT,2024,Q2,quarterly,days_sales_outstanding,Days Sales Outstanding (DSO),derived,252.06892937762012,days,(accounts_receivable_net / revenue) * 365,optional
MSFT,2024,Q2,quarterly,roe,Return on Equity,derived,0.09178739906323971,pure,net_income / total_stockholders_equity,important
MSFT,2024,Q2,quarterly,roa,Return on Assets,derived,0.04647673613029637,pure,net_income / total_assets,optional
MSFT,2024,Q2,quarterly,roic,Return on Invested Capital,derived,0.08311740425763448,pure,(operating_income * (1 - effective_tax_rate)) / (total_debt + total_stockholders_equity - cash_and_cash_equivalents),core
MSFT,2024,Q2,quarterly,revenue_yoy_growth,Revenue YoY Growth %,derived,0.1758014673820312,pure,(revenue - revenue_prior_year) / revenue_prior_year,core
MSFT,2024,Q2,quarterly,eps_yoy_growth,Diluted EPS YoY Growth %,derived,0.3318181818181818,pure,(eps_diluted - eps_diluted_prior_year) / eps_diluted_prior_year,important
MSFT,2024,Q2,quarterly,diluted_share_count_change,YoY Diluted Share Count Change,derived,-0.0006690753378830738,pure,(weighted_avg_shares_diluted / weighted_avg_shares_diluted_prior_year) - 1,optional
MSFT,2024,Q2,quarterly,deferred_revenue_total,Total Deferred Revenue,derived,46034000000,USD,deferred_revenue_current + deferred_revenue_noncurrent,important
MSFT,2024,Q2,quarterly,segment_revenue_mix_pct,Segment Revenue Mix %,derived,,pure,segment_revenue / revenue,important
MSFT,2024,Q3,quarterly,gross_profit_derived,Gross Profit (derived fallback),derived,43353000000,USD,revenue - cost_of_revenue,important
MSFT,2024,Q3,quarterly,gross_margin,Gross Margin %,derived,0.7008471014258463,pure,gross_profit / revenue,core
MSFT,2024,Q3,quarterly,operating_margin,Operating Margin %,derived,0.4458760386692101,pure,operating_income / revenue,core
MSFT,2024,Q3,quarterly,net_margin,Net Margin %,derived,0.3546671408710272,pure,net_income / revenue,core
MSFT,2024,Q3,quarterly,effective_tax_rate,Effective Tax Rate,derived,0.17914468514984846,pure,income_tax_expense / pretax_income,important
MSFT,2024,Q3,quarterly,rd_intensity,R&D Intensity (R&D / Revenue),derived,0.12371883992369621,pure,research_development_expense / revenue,core
MSFT,2024,Q3,quarterly,sbc_pct_revenue,Stock-Based Comp % of Revenue,derived,0.043696854085162794,pure,stock_based_compensation / revenue,important
MSFT,2024,Q3,quarterly,capex_intensity,Capex Intensity (Capex / Revenue),derived,0.17705066442497333,pure,capital_expenditures / revenue,important
MSFT,2024,Q3,quarterly,free_cash_flow,Free Cash Flow (FCF),derived,20965000000,USD,net_cash_from_operating_activities - capital_expenditures,core
MSFT,2024,Q3,quarterly,fcf_margin,FCF Margin %,derived,0.338921400627243,pure,free_cash_flow / revenue,core
MSFT,2024,Q3,quarterly,net_working_capital,Net Working Capital,derived,28655000000,USD,total_current_assets - total_current_liabilities,important
MSFT,2024,Q3,quarterly,total_debt,Total Debt,derived,44907000000,USD,short_term_debt + long_term_debt,core
MSFT,2024,Q3,quarterly,net_debt,Net Debt (Net Cash),derived,-35114000000,USD,total_debt - cash_and_cash_equivalents - short_term_investments,core
MSFT,2024,Q3,quarterly,tangible_book_value,Tangible Book Value,derived,105161000000,USD,total_stockholders_equity - goodwill - intangible_assets_net,optional
MSFT,2024,Q3,quarterly,book_value_per_share,Book Value Per Share,derived,,USD/shares,total_stockholders_equity / shares_outstanding,important
MSFT,2024,Q3,quarterly,inventory_days,Days Inventory Outstanding (DIO),derived,25.72061604971629,days,(inventory_net / cost_of_revenue) * 365,important
MSFT,2024,Q3,quarterly,days_sales_outstanding,Days Sales Outstanding (DSO),derived,259.79800510847423,days,(accounts_receivable_net / revenue) * 365,optional
MSFT,2024,Q3,quarterly,roe,Return on Equity,derived,0.08666334850208571,pure,net_income / total_stockholders_equity,important
MSFT,2024,Q3,quarterly,roa,Return on Assets,derived,0.04530277218522534,pure,net_income / total_assets,optional
MSFT,2024,Q3,quarterly,roic,Return on Invested Capital,derived,0.08131457462110812,pure,(operating_income * (1 - effective_tax_rate)) / (total_debt + total_stockholders_equity - cash_and_cash_equivalents),core
MSFT,2024,Q3,quarterly,revenue_yoy_growth,Revenue YoY Growth %,derived,0.17028964943148495,pure,(revenue - revenue_prior_year) / revenue_prior_year,core
MSFT,2024,Q3,quarterly,eps_yoy_growth,Diluted EPS YoY Growth %,derived,0.1999999999999999,pure,(eps_diluted - eps_diluted_prior_year) / eps_diluted_prior_year,important
MSFT,2024,Q3,quarterly,diluted_share_count_change,YoY Diluted Share Count Change,derived,0.001071811361200492,pure,(weighted_avg_shares_diluted / weighted_avg_shares_diluted_prior_year) - 1,optional
MSFT,2024,Q3,quarterly,deferred_revenue_total,Total Deferred Revenue,derived,44833000000,USD,deferred_revenue_current + deferred_revenue_noncurrent,important
MSFT,2024,Q3,quarterly,segment_revenue_mix_pct,Segment Revenue Mix %,derived,,pure,segment_revenue / revenue,important
MSFT,2024,FY,annual,gross_profit_derived,Gross Profit (derived fallback),derived,171008000000,USD,revenue - cost_of_revenue,important
MSFT,2024,FY,annual,gross_margin,Gross Margin %,derived,0.6976444382797138,pure,gross_profit / revenue,core
MSFT,2024,FY,annual,operating_margin,Operating Margin %,derived,0.44644299573273716,pure,operating_income / revenue,core
MSFT,2024,FY,annual,net_margin,Net Margin %,derived,0.35955972944084985,pure,net_income / revenue,core
MSFT,2024,FY,annual,effective_tax_rate,Effective Tax Rate,derived,0.18231326597827197,pure,income_tax_expense / pretax_income,important
MSFT,2024,FY,annual,rd_intensity,R&D Intensity (R&D / Revenue),derived,0.12038903076835208,pure,research_development_expense / revenue,core
MSFT,2024,FY,annual,sbc_pct_revenue,Stock-Based Comp % of Revenue,derived,0.04379043904667879,pure,stock_based_compensation / revenue,important
MSFT,2024,FY,annual,capex_intensity,Capex Intensity (Capex / Revenue),derived,0.18144842160230415,pure,capital_expenditures / revenue,important
MSFT,2024,FY,annual,free_cash_flow,Free Cash Flow (FCF),derived,74071000000,USD,net_cash_from_operating_activities - capital_expenditures,core
MSFT,2024,FY,annual,fcf_margin,FCF Margin %,derived,0.3021801388696241,pure,free_cash_flow / revenue,core
MSFT,2024,FY,annual,net_working_capital,Net Working Capital,derived,34448000000,USD,total_current_assets - total_current_liabilities,important
MSFT,2024,FY,annual,total_debt,Total Debt,derived,44937000000,USD,short_term_debt + long_term_debt,core
MSFT,2024,FY,annual,net_debt,Net Debt (Net Cash),derived,-30606000000,USD,total_debt - cash_and_cash_equivalents - short_term_investments,core
MSFT,2024,FY,annual,tangible_book_value,Tangible Book Value,derived,121660000000,USD,total_stockholders_equity - goodwill - intangible_assets_net,optional
MSFT,2024,FY,annual,book_value_per_share,Book Value Per Share,derived,,USD/shares,total_stockholders_equity / shares_outstanding,important
MSFT,2024,FY,annual,inventory_days,Days Inventory Outstanding (DIO),derived,6.136357503305718,days,(inventory_net / cost_of_revenue) * 365,important
MSFT,2024,FY,annual,days_sales_outstanding,Days Sales Outstanding (DSO),derived,84.76293437553545,days,(accounts_receivable_net / revenue) * 365,optional
MSFT,2024,FY,annual,roe,Return on Equity,derived,0.32828137978299815,pure,net_income / total_stockholders_equity,important
MSFT,2024,FY,annual,roa,Return on Assets,derived,0.17208583985957596,pure,net_income / total_assets,optional
MSFT,2024,FY,annual,roic,Return on Invested Capital,derived,0.30322675564539275,pure,(operating_income * (1 - effective_tax_rate)) / (total_debt + total_stockholders_equity - cash_and_cash_equivalents),core
MSFT,2024,FY,annual,revenue_yoy_growth,Revenue YoY Growth %,derived,0.15669962013071279,pure,(revenue - revenue_prior_year) / revenue_prior_year,core
MSFT,2024,FY,annual,eps_yoy_growth,Diluted EPS YoY Growth %,derived,0.21900826446281002,pure,(eps_diluted - eps_diluted_prior_year) / eps_diluted_prior_year,important
MSFT,2024,FY,annual,diluted_share_count_change,YoY Diluted Share Count Change,derived,-0.0004014989293361637,pure,(weighted_avg_shares_diluted / weighted_avg_shares_diluted_prior_year) - 1,optional
MSFT,2024,FY,annual,deferred_revenue_total,Total Deferred Revenue,derived,60184000000,USD,deferred_revenue_current + deferred_revenue_noncurrent,important
MSFT,2024,FY,annual,segment_revenue_mix_pct,Segment Revenue Mix %,derived,,pure,segment_revenue / revenue,important
MSFT,2025,Q1,quarterly,gross_profit_derived,Gross Profit (derived fallback),derived,45486000000,USD,revenue - cost_of_revenue,important
MSFT,2025,Q1,quarterly,gross_margin,Gross Margin %,derived,0.6935427308073493,pure,gross_profit / revenue,core
MSFT,2025,Q1,quarterly,operating_margin,Operating Margin %,derived,0.4658382252039338,pure,operating_income / revenue,core
MSFT,2025,Q1,quarterly,net_margin,Net Margin %,derived,0.37610734161774795,pure,net_income / revenue,core
MSFT,2025,Q1,quarterly,effective_tax_rate,Effective Tax Rate,derived,0.18507383791998414,pure,income_tax_expense / pretax_income,important
MSFT,2025,Q1,quarterly,rd_intensity,R&D Intensity (R&D / Revenue),derived,0.11502630174582602,pure,research_development_expense / revenue,core
MSFT,2025,Q1,quarterly,sbc_pct_revenue,Stock-Based Comp % of Revenue,derived,0.04318060532133872,pure,stock_based_compensation / revenue,important
MSFT,2025,Q1,quarterly,capex_intensity,Capex Intensity (Capex / Revenue),derived,0.22753678432568422,pure,capital_expenditures / revenue,important
MSFT,2025,Q1,quarterly,free_cash_flow,Free Cash Flow (FCF),derived,19257000000,USD,net_cash_from_operating_activities - capital_expenditures,core
MSFT,2025,Q1,quarterly,fcf_margin,FCF Margin %,derived,0.2936189677517725,pure,free_cash_flow / revenue,core
MSFT,2025,Q1,quarterly,net_working_capital,Net Working Capital,derived,34726000000,USD,total_current_assets - total_current_liabilities,important
MSFT,2025,Q1,quarterly,total_debt,Total Debt,derived,45117000000,USD,short_term_debt + long_term_debt,core
MSFT,2025,Q1,quarterly,net_debt,Net Debt (Net Cash),derived,-33311000000,USD,total_debt - cash_and_cash_equivalents - short_term_investments,core
MSFT,2025,Q1,quarterly,tangible_book_value,Tangible Book Value,derived,141598000000,USD,total_stockholders_equity - goodwill - intangible_assets_net,optional
MSFT,2025,Q1,quarterly,book_value_per_share,Book Value Per Share,derived,,USD/shares,total_stockholders_equity / shares_outstanding,important
MSFT,2025,Q1,quarterly,inventory_days,Days Inventory Outstanding (DIO),derived,29.528334743022043,days,(inventory_net / cost_of_revenue) * 365,important
MSFT,2025,Q1,quarterly,days_sales_outstanding,Days Sales Outstanding (DSO),derived,245.69672943508425,days,(accounts_receivable_net / revenue) * 365,optional
MSFT,2025,Q1,quarterly,roe,Return on Equity,derived,0.08573176284134393,pure,net_income / total_stockholders_equity,important
MSFT,2025,Q1,quarterly,roa,Return on Assets,derived,0.047163263628246334,pure,net_income / total_assets,optional
MSFT,2025,Q1,quarterly,roic,Return on Invested Capital,derived,0.07980007725598924,pure,(operating_income * (1 - effective_tax_rate)) / (total_debt + total_stockholders_equity - cash_and_cash_equivalents),core
MSFT,2025,Q1,quarterly,revenue_yoy_growth,Revenue YoY Growth %,derived,0.1604472990427659,pure,(revenue - revenue_prior_year) / revenue_prior_year,core
MSFT,2025,Q1,quarterly,eps_yoy_growth,Diluted EPS YoY Growth %,derived,0.10367892976588615,pure,(eps_diluted - eps_diluted_prior_year) / eps_diluted_prior_year,important
MSFT,2025,Q1,quarterly,diluted_share_count_change,YoY Diluted Share Count Change,derived,0.0010720986330743365,pure,(weighted_avg_shares_diluted / weighted_avg_shares_diluted_prior_year) - 1,optional
MSFT,2025,Q1,quarterly,deferred_revenue_total,Total Deferred Revenue,derived,55689000000,USD,deferred_revenue_current + deferred_revenue_noncurrent,important
MSFT,2025,Q1,quarterly,segment_revenue_mix_pct,Segment Revenue Mix %,derived,,pure,segment_revenue / revenue,important
MSFT,2025,Q2,quarterly,gross_profit_derived,Gross Profit (derived fallback),derived,47833000000,USD,revenue - cost_of_revenue,important
MSFT,2025,Q2,quarterly,gross_margin,Gross Margin %,derived,0.6869399126838235,pure,gross_profit / revenue,core
MSFT,2025,Q2,quarterly,operating_margin,Operating Margin %,derived,0.4545754825367647,pure,operating_income / revenue,core
MSFT,2025,Q2,quarterly,net_margin,Net Margin %,derived,0.34622012867647056,pure,net_income / revenue,core
MSFT,2025,Q2,quarterly,effective_tax_rate,Effective Tax Rate,derived,0.17902264600715137,pure,income_tax_expense / pretax_income,important
MSFT,2025,Q2,quarterly,rd_intensity,R&D Intensity (R&D / Revenue),derived,0.11369772518382353,pure,research_development_expense / revenue,core
MSFT,2025,Q2,quarterly,sbc_pct_revenue,Stock-Based Comp % of Revenue,derived,0.04436178768382353,pure,stock_based_compensation / revenue,important
MSFT,2025,Q2,quarterly,capex_intensity,Capex Intensity (Capex / Revenue),derived,0.22696461397058823,pure,capital_expenditures / revenue,important
MSFT,2025,Q2,quarterly,free_cash_flow,Free Cash Flow (FCF),derived,6487000000,USD,net_cash_from_operating_activities - capital_expenditures,core
MSFT,2025,Q2,quarterly,fcf_margin,FCF Margin %,derived,0.09316119025735294,pure,free_cash_flow / revenue,core
MSFT,2025,Q2,quarterly,net_working_capital,Net Working Capital,derived,38198000000,USD,total_current_assets - total_current_liabilities,important
MSFT,2025,Q2,quarterly,total_debt,Total Debt,derived,44970000000,USD,short_term_debt + long_term_debt,core
MSFT,2025,Q2,quarterly,net_debt,Net Debt (Net Cash),derived,-26585000000,USD,total_debt - cash_and_cash_equivalents - short_term_investments,core
MSFT,2025,Q2,quarterly,tangible_book_value,Tangible Book Value,derived,158119000000,USD,total_stockholders_equity - goodwill - intangible_assets_net,optional
MSFT,2025,Q2,quarterly,book_value_per_share,Book Value Per Share,derived,,USD/shares,total_stockholders_equity / shares_outstanding,important
MSFT,2025,Q2,quarterly,inventory_days,Days Inventory Outstanding (DIO),derived,15.220193586861784,days,(inventory_net / cost_of_revenue) * 365,important
MSFT,2025,Q2,quarterly,days_sales_outstanding,Days Sales Outstanding (DSO),derived,252.5939223345588,days,(accounts_receivable_net / revenue) * 365,optional
MSFT,2025,Q2,quarterly,roe,Return on Equity,derived,0.07964452666875899,pure,net_income / total_stockholders_equity,important
MSFT,2025,Q2,quarterly,roa,Return on Assets,derived,0.04515469246934808,pure,net_income / total_assets,optional
MSFT,2025,Q2,quarterly,roic,Return on Invested Capital,derived,0.07870301071204647,pure,(operating_income * (1 - effective_tax_rate)) / (total_debt + total_stockholders_equity - cash_and_cash_equivalents),core
MSFT,2025,Q2,quarterly,revenue_yoy_growth,Revenue YoY Growth %,derived,0.12273460174137375,pure,(revenue - revenue_prior_year) / revenue_prior_year,core
MSFT,2025,Q2,quarterly,eps_yoy_growth,Diluted EPS YoY Growth %,derived,0.10238907849829344,pure,(eps_diluted - eps_diluted_prior_year) / eps_diluted_prior_year,important
MSFT,2025,Q2,quarterly,diluted_share_count_change,YoY Diluted Share Count Change,derived,0.0,pure,(weighted_avg_shares_diluted / weighted_avg_shares_diluted_prior_year) - 1,optional
MSFT,2025,Q2,quarterly,deferred_revenue_total,Total Deferred Revenue,derived,48045000000,USD,deferred_revenue_current + deferred_revenue_noncurrent,important
MSFT,2025,Q2,quarterly,segment_revenue_mix_pct,Segment Revenue Mix %,derived,,pure,segment_revenue / revenue,important
MSFT,2025,Q3,quarterly,gross_profit_derived,Gross Profit (derived fallback),derived,48147000000,USD,revenue - cost_of_revenue,important
MSFT,2025,Q3,quarterly,gross_margin,Gross Margin %,derived,0.6871663859789342,pure,gross_profit / revenue,core
MSFT,2025,Q3,quarterly,operating_margin,Operating Margin %,derived,0.456712242742557,pure,operating_income / revenue,core
MSFT,2025,Q3,quarterly,net_margin,Net Margin %,derived,0.3685667798932435,pure,net_income / revenue,core
MSFT,2025,Q3,quarterly,effective_tax_rate,Effective Tax Rate,derived,0.17697676642126398,pure,income_tax_expense / pretax_income,important
MSFT,2025,Q3,quarterly,rd_intensity,R&D Intensity (R&D / Revenue),derived,0.11700396768760883,pure,research_development_expense / revenue,core
MSFT,2025,Q3,quarterly,sbc_pct_revenue,Stock-Based Comp % of Revenue,derived,0.04253132760540062,pure,stock_based_compensation / revenue,important
MSFT,2025,Q3,quarterly,capex_intensity,Capex Intensity (Capex / Revenue),derived,0.23898895327262867,pure,capital_expenditures / revenue,important
MSFT,2025,Q3,quarterly,free_cash_flow,Free Cash Flow (FCF),derived,20299000000,USD,net_cash_from_operating_activities - capital_expenditures,core
MSFT,2025,Q3,quarterly,fcf_margin,FCF Margin %,derived,0.2897125567322239,pure,free_cash_flow / revenue,core
MSFT,2025,Q3,quarterly,net_working_capital,Net Working Capital,derived,42438000000,USD,total_current_assets - total_current_liabilities,important
MSFT,2025,Q3,quarterly,total_debt,Total Debt,derived,42881000000,USD,short_term_debt + long_term_debt,core
MSFT,2025,Q3,quarterly,net_debt,Net Debt (Net Cash),derived,-36737000000,USD,total_debt - cash_and_cash_equivalents - short_term_investments,core
MSFT,2025,Q3,quarterly,tangible_book_value,Tangible Book Value,derived,178594000000,USD,total_stockholders_equity - goodwill - intangible_assets_net,optional
MSFT,2025,Q3,quarterly,book_value_per_share,Book Value Per Share,derived,,USD/shares,total_stockholders_equity / shares_outstanding,important
MSFT,2025,Q3,quarterly,inventory_days,Days Inventory Outstanding (DIO),derived,14.121082166157215,days,(inventory_net / cost_of_revenue) * 365,important
MSFT,2025,Q3,quarterly,days_sales_outstanding,Days Sales Outstanding (DSO),derived,269.3246367710444,days,(accounts_receivable_net / revenue) * 365,optional
MSFT,2025,Q3,quarterly,roe,Return on Equity,derived,0.08022591498364354,pure,net_income / total_stockholders_equity,important
MSFT,2025,Q3,quarterly,roa,Return on Assets,derived,0.045899215106358776,pure,net_income / total_assets,optional
MSFT,2025,Q3,quarterly,roic,Return on Invested Capital,derived,0.0783962311412603,pure,(operating_income * (1 - effective_tax_rate)) / (total_debt + total_stockholders_equity - cash_and_cash_equivalents),core
MSFT,2025,Q3,quarterly,revenue_yoy_growth,Revenue YoY Growth %,derived,0.13269100197225905,pure,(revenue - revenue_prior_year) / revenue_prior_year,core
MSFT,2025,Q3,quarterly,eps_yoy_growth,Diluted EPS YoY Growth %,derived,0.17687074829931973,pure,(eps_diluted - eps_diluted_prior_year) / eps_diluted_prior_year,important
MSFT,2025,Q3,quarterly,diluted_share_count_change,YoY Diluted Share Count Change,derived,-0.001472162740899341,pure,(weighted_avg_shares_diluted / weighted_avg_shares_diluted_prior_year) - 1,optional
MSFT,2025,Q3,quarterly,deferred_revenue_total,Total Deferred Revenue,derived,47476000000,USD,deferred_revenue_current + deferred_revenue_noncurrent,important
MSFT,2025,Q3,quarterly,segment_revenue_mix_pct,Segment Revenue Mix %,derived,,pure,segment_revenue / revenue,important
MSFT,2025,FY,annual,gross_profit_derived,Gross Profit (derived fallback),derived,193893000000,USD,revenue - cost_of_revenue,important
MSFT,2025,FY,annual,gross_margin,Gross Margin %,derived,0.6882374238616519,pure,gross_profit / revenue,core
MSFT,2025,FY,annual,operating_margin,Operating Margin %,derived,0.4562195624085985,pure,operating_income / revenue,core
MSFT,2025,FY,annual,net_margin,Net Margin %,derived,0.3614601524896707,pure,net_income / revenue,core
MSFT,2025,FY,annual,effective_tax_rate,Effective Tax Rate,derived,0.17629644009803683,pure,income_tax_expense / pretax_income,important
MSFT,2025,FY,annual,rd_intensity,R&D Intensity (R&D / Revenue),derived,0.11531853871164686,pure,research_development_expense / revenue,core
MSFT,2025,FY,annual,sbc_pct_revenue,Stock-Based Comp % of Revenue,derived,0.042502591188539135,pure,stock_based_compensation / revenue,important
MSFT,2025,FY,annual,capex_intensity,Capex Intensity (Capex / Revenue),derived,0.22912850875324786,pure,capital_expenditures / revenue,important
MSFT,2025,FY,annual,free_cash_flow,Free Cash Flow (FCF),derived,71611000000,USD,net_cash_from_operating_activities - capital_expenditures,core
MSFT,2025,FY,annual,fcf_margin,FCF Margin %,derived,0.2541884965427156,pure,free_cash_flow / revenue,core
MSFT,2025,FY,annual,net_working_capital,Net Working Capital,derived,49913000000,USD,total_current_assets - total_current_liabilities,important
MSFT,2025,FY,annual,total_debt,Total Debt,derived,43151000000,USD,short_term_debt + long_term_debt,core
MSFT,2025,FY,annual,net_debt,Net Debt (Net Cash),derived,-51414000000,USD,total_debt - cash_and_cash_equivalents - short_term_investments,core
MSFT,2025,FY,annual,tangible_book_value,Tangible Book Value,derived,201366000000,USD,total_stockholders_equity - goodwill - intangible_assets_net,optional
MSFT,2025,FY,annual,book_value_per_share,Book Value Per Share,derived,,USD/shares,total_stockholders_equity / shares_outstanding,important
MSFT,2025,FY,annual,inventory_days,Days Inventory Outstanding (DIO),derived,3.8980542177591055,days,(inventory_net / cost_of_revenue) * 365,important
MSFT,2025,FY,annual,days_sales_outstanding,Days Sales Outstanding (DSO),derived,90.56851741420681,days,(accounts_receivable_net / revenue) * 365,optional
MSFT,2025,FY,annual,roe,Return on Equity,derived,0.2964722734140952,pure,net_income / total_stockholders_equity,important
MSFT,2025,FY,annual,roa,Return on Assets,derived,0.16450970350709124,pure,net_income / total_assets,optional
MSFT,2025,FY,annual,roic,Return on Invested Capital,derived,0.29706098731461084,pure,(operating_income * (1 - effective_tax_rate)) / (total_debt + total_stockholders_equity - cash_and_cash_equivalents),core
MSFT,2025,FY,annual,revenue_yoy_growth,Revenue YoY Growth %,derived,0.1493215623240672,pure,(revenue - revenue_prior_year) / revenue_prior_year,core
MSFT,2025,FY,annual,eps_yoy_growth,Diluted EPS YoY Growth %,derived,0.1559322033898305,pure,(eps_diluted - eps_diluted_prior_year) / eps_diluted_prior_year,important
MSFT,2025,FY,annual,diluted_share_count_change,YoY Diluted Share Count Change,derived,-0.0005355469272995128,pure,(weighted_avg_shares_diluted / weighted_avg_shares_diluted_prior_year) - 1,optional
MSFT,2025,FY,annual,deferred_revenue_total,Total Deferred Revenue,derived,67265000000,USD,deferred_revenue_current + deferred_revenue_noncurrent,important
MSFT,2025,FY,annual,segment_revenue_mix_pct,Segment Revenue Mix %,derived,,pure,segment_revenue / revenue,important
MSFT,2026,Q1,quarterly,gross_profit_derived,Gross Profit (derived fallback),derived,53630000000,USD,revenue - cost_of_revenue,important
MSFT,2026,Q1,quarterly,gross_margin,Gross Margin %,derived,0.6904587179586213,pure,gross_profit / revenue,core
MSFT,2026,Q1,quarterly,operating_margin,Operating Margin %,derived,0.48872838695557014,pure,operating_income / revenue,core
MSFT,2026,Q1,quarterly,net_margin,Net Margin %,derived,0.35722838051832684,pure,net_income / revenue,core
MSFT,2026,Q1,quarterly,effective_tax_rate,Effective Tax Rate,derived,0.191073146555494,pure,income_tax_expense / pretax_income,important
MSFT,2026,Q1,quarterly,rd_intensity,R&D Intensity (R&D / Revenue),derived,0.10487556808672255,pure,research_development_expense / revenue,core
MSFT,2026,Q1,quarterly,sbc_pct_revenue,Stock-Based Comp % of Revenue,derived,0.038404593616829526,pure,stock_based_compensation / revenue,important
MSFT,2026,Q1,quarterly,capex_intensity,Capex Intensity (Capex / Revenue),derived,0.24968779369922625,pure,capital_expenditures / revenue,important
MSFT,2026,Q1,quarterly,free_cash_flow,Free Cash Flow (FCF),derived,25663000000,USD,net_cash_from_operating_activities - capital_expenditures,core
MSFT,2026,Q1,quarterly,fcf_margin,FCF Margin %,derived,0.33039795038172853,pure,free_cash_flow / revenue,core
MSFT,2026,Q1,quarterly,net_working_capital,Net Working Capital,derived,54070000000,USD,total_current_assets - total_current_liabilities,important
MSFT,2026,Q1,quarterly,total_debt,Total Debt,derived,43208000000,USD,short_term_debt + long_term_debt,core
MSFT,2026,Q1,quarterly,net_debt,Net Debt (Net Cash),derived,-58804000000,USD,total_debt - cash_and_cash_equivalents - short_term_investments,core
MSFT,2026,Q1,quarterly,tangible_book_value,Tangible Book Value,derived,222343000000,USD,total_stockholders_equity - goodwill - intangible_assets_net,optional
MSFT,2026,Q1,quarterly,book_value_per_share,Book Value Per Share,derived,,USD/shares,total_stockholders_equity / shares_outstanding,important
MSFT,2026,Q1,quarterly,inventory_days,Days Inventory Outstanding (DIO),derived,17.15468119619016,days,(inventory_net / cost_of_revenue) * 365,important
MSFT,2026,Q1,quarterly,days_sales_outstanding,Days Sales Outstanding (DSO),derived,248.55882996665508,days,(accounts_receivable_net / revenue) * 365,optional
MSFT,2026,Q1,quarterly,roe,Return on Equity,derived,0.07642201632716016,pure,net_income / total_stockholders_equity,important
MSFT,2026,Q1,quarterly,roa,Return on Assets,derived,0.04360329440827468,pure,net_income / total_assets,optional
MSFT,2026,Q1,quarterly,roic,Return on Invested Capital,derived,0.08135883604754962,pure,(operating_income * (1 - effective_tax_rate)) / (total_debt + total_stockholders_equity - cash_and_cash_equivalents),core
MSFT,2026,Q1,quarterly,revenue_yoy_growth,Revenue YoY Growth %,derived,0.18431043683769155,pure,(revenue - revenue_prior_year) / revenue_prior_year,core
MSFT,2026,Q1,quarterly,eps_yoy_growth,Diluted EPS YoY Growth %,derived,0.1272727272727274,pure,(eps_diluted - eps_diluted_prior_year) / eps_diluted_prior_year,important
MSFT,2026,Q1,quarterly,diluted_share_count_change,YoY Diluted Share Count Change,derived,-0.0005354752342704439,pure,(weighted_avg_shares_diluted / weighted_avg_shares_diluted_prior_year) - 1,optional
MSFT,2026,Q1,quarterly,deferred_revenue_total,Total Deferred Revenue,derived,61533000000,USD,deferred_revenue_current + deferred_revenue_noncurrent,important
MSFT,2026,Q1,quarterly,segment_revenue_mix_pct,Segment Revenue Mix %,derived,,pure,segment_revenue / revenue,important
MSFT,2026,Q2,quarterly,gross_profit_derived,Gross Profit (derived fallback),derived,55295000000,USD,revenue - cost_of_revenue,important
MSFT,2026,Q2,quarterly,gross_margin,Gross Margin %,derived,0.6803612515841669,pure,gross_profit / revenue,core
MSFT,2026,Q2,quarterly,operating_margin,Operating Margin %,derived,0.47094360980891564,pure,operating_income / revenue,core
MSFT,2026,Q2,quarterly,net_margin,Net Margin %,derived,0.473195280105324,pure,net_income / revenue,core
MSFT,2026,Q2,quarterly,effective_tax_rate,Effective Tax Rate,derived,0.20287692243916594,pure,income_tax_expense / pretax_income,important
MSFT,2026,Q2,quarterly,rd_intensity,R&D Intensity (R&D / Revenue),derived,0.1046349956320057,pure,research_development_expense / revenue,core
MSFT,2026,Q2,quarterly,sbc_pct_revenue,Stock-Based Comp % of Revenue,derived,0.03960724964010188,pure,stock_based_compensation / revenue,important
MSFT,2026,Q2,quarterly,capex_intensity,Capex Intensity (Capex / Revenue),derived,0.367600556150259,pure,capital_expenditures / revenue,important
MSFT,2026,Q2,quarterly,free_cash_flow,Free Cash Flow (FCF),derived,5882000000,USD,net_cash_from_operating_activities - capital_expenditures,core
MSFT,2026,Q2,quarterly,fcf_margin,FCF Margin %,derived,0.07237335892608862,pure,free_cash_flow / revenue,core
MSFT,2026,Q2,quarterly,net_working_capital,Net Working Capital,derived,50185000000,USD,total_current_assets - total_current_liabilities,important
MSFT,2026,Q2,quarterly,total_debt,Total Debt,derived,40262000000,USD,short_term_debt + long_term_debt,core
MSFT,2026,Q2,quarterly,net_debt,Net Debt (Net Cash),derived,-49200000000,USD,total_debt - cash_and_cash_equivalents - short_term_investments,core
MSFT,2026,Q2,quarterly,tangible_book_value,Tangible Book Value,derived,250964000000,USD,total_stockholders_equity - goodwill - intangible_assets_net,optional
MSFT,2026,Q2,quarterly,book_value_per_share,Book Value Per Share,derived,,USD/shares,total_stockholders_equity / shares_outstanding,important
MSFT,2026,Q2,quarterly,inventory_days,Days Inventory Outstanding (DIO),derived,14.879320963892523,days,(inventory_net / cost_of_revenue) * 365,important
MSFT,2026,Q2,quarterly,days_sales_outstanding,Days Sales Outstanding (DSO),derived,253.90074194381899,days,(accounts_receivable_net / revenue) * 365,optional
MSFT,2026,Q2,quarterly,roe,Return on Equity,derived,0.09838951071314359,pure,net_income / total_stockholders_equity,important
MSFT,2026,Q2,quarterly,roa,Return on Assets,derived,0.05780532750540356,pure,net_income / total_assets,optional
MSFT,2026,Q2,quarterly,roic,Return on Invested Capital,derived,0.07499216104974897,pure,(operating_income * (1 - effective_tax_rate)) / (total_debt + total_stockholders_equity - cash_and_cash_equivalents),core
MSFT,2026,Q2,quarterly,revenue_yoy_growth,Revenue YoY Growth %,derived,0.16717888327205882,pure,(revenue - revenue_prior_year) / revenue_prior_year,core
MSFT,2026,Q2,quarterly,eps_yoy_growth,Diluted EPS YoY Growth %,derived,0.5975232198142415,pure,(eps_diluted - eps_diluted_prior_year) / eps_diluted_prior_year,important
MSFT,2026,Q2,quarterly,diluted_share_count_change,YoY Diluted Share Count Change,derived,-0.0010712372790573355,pure,(weighted_avg_shares_diluted / weighted_avg_shares_diluted_prior_year) - 1,optional
MSFT,2026,Q2,quarterly,deferred_revenue_total,Total Deferred Revenue,derived,54044000000,USD,deferred_revenue_current + deferred_revenue_noncurrent,important
MSFT,2026,Q2,quarterly,segment_revenue_mix_pct,Segment Revenue Mix %,derived,,pure,segment_revenue / revenue,important
MSFT,2026,Q3,quarterly,gross_profit_derived,Gross Profit (derived fallback),derived,56058000000,USD,revenue - cost_of_revenue,important
MSFT,2026,Q3,quarterly,gross_margin,Gross Margin %,derived,0.6763265207634582,pure,gross_profit / revenue,core
MSFT,2026,Q3,quarterly,operating_margin,Operating Margin %,derived,0.46326279468185216,pure,operating_income / revenue,core
MSFT,2026,Q3,quarterly,net_margin,Net Margin %,derived,0.3833940593103781,pure,net_income / revenue,core
MSFT,2026,Q3,quarterly,effective_tax_rate,Effective Tax Rate,derived,0.1922216573462125,pure,income_tax_expense / pretax_income,important
MSFT,2026,Q3,quarterly,rd_intensity,R&D Intensity (R&D / Revenue),derived,0.10755736795116183,pure,research_development_expense / revenue,core
MSFT,2026,Q3,quarterly,sbc_pct_revenue,Stock-Based Comp % of Revenue,derived,0.0371715368095939,pure,stock_based_compensation / revenue,important
MSFT,2026,Q3,quarterly,capex_intensity,Capex Intensity (Capex / Revenue),derived,0.3725116424969235,pure,capital_expenditures / revenue,important
MSFT,2026,Q3,quarterly,free_cash_flow,Free Cash Flow (FCF),derived,15803000000,USD,net_cash_from_operating_activities - capital_expenditures,core
MSFT,2026,Q3,quarterly,fcf_margin,FCF Margin %,derived,0.19065945998117897,pure,free_cash_flow / revenue,core
MSFT,2026,Q3,quarterly,net_working_capital,Net Working Capital,derived,38668000000,USD,total_current_assets - total_current_liabilities,important
MSFT,2026,Q3,quarterly,total_debt,Total Debt,derived,40262000000,USD,short_term_debt + long_term_debt,core
MSFT,2026,Q3,quarterly,net_debt,Net Debt (Net Cash),derived,-38010000000,USD,total_debt - cash_and_cash_equivalents - short_term_investments,core
MSFT,2026,Q3,quarterly,tangible_book_value,Tangible Book Value,derived,275381000000,USD,total_stockholders_equity - goodwill - intangible_assets_net,optional
MSFT,2026,Q3,quarterly,book_value_per_share,Book Value Per Share,derived,,USD/shares,total_stockholders_equity / shares_outstanding,important
MSFT,2026,Q3,quarterly,inventory_days,Days Inventory Outstanding (DIO),derived,16.584724914268676,days,(inventory_net / cost_of_revenue) * 365,important
MSFT,2026,Q3,quarterly,days_sales_outstanding,Days Sales Outstanding (DSO),derived,264.39887315107495,days,(accounts_receivable_net / revenue) * 365,optional
MSFT,2026,Q3,quarterly,roe,Return on Equity,derived,0.07669047004225722,pure,net_income / total_stockholders_equity,important
MSFT,2026,Q3,quarterly,roa,Return on Assets,derived,0.045774587023283415,pure,net_income / total_assets,optional
MSFT,2026,Q3,quarterly,roic,Return on Invested Capital,derived,0.07340902008222049,pure,(operating_income * (1 - effective_tax_rate)) / (total_debt + total_stockholders_equity - cash_and_cash_equivalents),core
MSFT,2026,Q3,quarterly,revenue_yoy_growth,Revenue YoY Growth %,derived,0.1829703422487369,pure,(revenue - revenue_prior_year) / revenue_prior_year,core
MSFT,2026,Q3,quarterly,eps_yoy_growth,Diluted EPS YoY Growth %,derived,0.23410404624277445,pure,(eps_diluted - eps_diluted_prior_year) / eps_diluted_prior_year,important
MSFT,2026,Q3,quarterly,diluted_share_count_change,YoY Diluted Share Count Change,derived,-0.0021444846535316753,pure,(weighted_avg_shares_diluted / weighted_avg_shares_diluted_prior_year) - 1,optional
MSFT,2026,Q3,quarterly,deferred_revenue_total,Total Deferred Revenue,derived,53677000000,USD,deferred_revenue_current + deferred_revenue_noncurrent,important
MSFT,2026,Q3,quarterly,segment_revenue_mix_pct,Segment Revenue Mix %,derived,,pure,segment_revenue / revenue,important
META,2023,Q1,quarterly,gross_profit_derived,Gross Profit (derived fallback),derived,22537000000,USD,revenue - cost_of_revenue,important
META,2023,Q1,quarterly,gross_margin,Gross Margin %,derived,0.7867690696456624,pure,gross_profit / revenue,core
META,2023,Q1,quarterly,operating_margin,Operating Margin %,derived,0.2522953395007855,pure,operating_income / revenue,core
META,2023,Q1,quarterly,net_margin,Net Margin %,derived,0.1993017978704835,pure,net_income / revenue,core
META,2023,Q1,quarterly,effective_tax_rate,Effective Tax Rate,derived,0.21869440262761736,pure,income_tax_expense / pretax_income,important
META,2023,Q1,quarterly,rd_intensity,R&D Intensity (R&D / Revenue),derived,0.327491708849712,pure,research_development_expense / revenue,core
META,2023,Q1,quarterly,sbc_pct_revenue,Stock-Based Comp % of Revenue,derived,0.10651073485774132,pure,stock_based_compensation / revenue,important
META,2023,Q1,quarterly,capex_intensity,Capex Intensity (Capex / Revenue),derived,0.23885494850759295,pure,capital_expenditures / revenue,important
META,2023,Q1,quarterly,free_cash_flow,Free Cash Flow (FCF),derived,7156000000,USD,net_cash_from_operating_activities - capital_expenditures,core
META,2023,Q1,quarterly,fcf_margin,FCF Margin %,derived,0.2498167219410019,pure,free_cash_flow / revenue,core
META,2023,Q1,quarterly,net_working_capital,Net Working Capital,derived,27102000000,USD,total_current_assets - total_current_liabilities,important
META,2023,Q1,quarterly,total_debt,Total Debt,derived,9925000000,USD,short_term_debt + long_term_debt,core
META,2023,Q1,quarterly,net_debt,Net Debt (Net Cash),derived,-27514000000,USD,total_debt - cash_and_cash_equivalents - short_term_investments,core
META,2023,Q1,quarterly,tangible_book_value,Tangible Book Value,derived,103197000000,USD,total_stockholders_equity - goodwill - intangible_assets_net,optional
META,2023,Q1,quarterly,book_value_per_share,Book Value Per Share,derived,,USD/shares,total_stockholders_equity / shares_outstanding,important
META,2023,Q1,quarterly,inventory_days,Days Inventory Outstanding (DIO),derived,,days,(inventory_net / cost_of_revenue) * 365,important
META,2023,Q1,quarterly,days_sales_outstanding,Days Sales Outstanding (DSO),derived,140.72473381043812,days,(accounts_receivable_net / revenue) * 365,optional
META,2023,Q1,quarterly,roe,Return on Equity,derived,0.04574702512119876,pure,net_income / total_stockholders_equity,important
META,2023,Q1,quarterly,roa,Return on Assets,derived,0.030944598923524726,pure,net_income / total_assets,optional
META,2023,Q1,quarterly,roic,Return on Invested Capital,derived,0.04584347970845106,pure,(operating_income * (1 - effective_tax_rate)) / (total_debt + total_stockholders_equity - cash_and_cash_equivalents),core
META,2023,Q1,quarterly,revenue_yoy_growth,Revenue YoY Growth %,derived,,pure,(revenue - revenue_prior_year) / revenue_prior_year,core
META,2023,Q1,quarterly,eps_yoy_growth,Diluted EPS YoY Growth %,derived,,pure,(eps_diluted - eps_diluted_prior_year) / eps_diluted_prior_year,important
META,2023,Q1,quarterly,diluted_share_count_change,YoY Diluted Share Count Change,derived,,pure,(weighted_avg_shares_diluted / weighted_avg_shares_diluted_prior_year) - 1,optional
META,2023,Q1,quarterly,deferred_revenue_total,Total Deferred Revenue,derived,460000000,USD,deferred_revenue_current + deferred_revenue_noncurrent,important
META,2023,Q1,quarterly,segment_revenue_mix_pct,Segment Revenue Mix %,derived,,pure,segment_revenue / revenue,important
META,2023,Q2,quarterly,gross_profit_derived,Gross Profit (derived fallback),derived,26054000000,USD,revenue - cost_of_revenue,important
META,2023,Q2,quarterly,gross_margin,Gross Margin %,derived,0.8142129441545048,pure,gross_profit / revenue,core
META,2023,Q2,quarterly,operating_margin,Operating Margin %,derived,0.29350917216163,pure,operating_income / revenue,core
META,2023,Q2,quarterly,net_margin,Net Margin %,derived,0.24338260570642833,pure,net_income / revenue,core
META,2023,Q2,quarterly,effective_tax_rate,Effective Tax Rate,derived,0.16194985472936618,pure,income_tax_expense / pretax_income,important
META,2023,Q2,quarterly,rd_intensity,R&D Intensity (R&D / Revenue),derived,0.29200912528516515,pure,research_development_expense / revenue,core
META,2023,Q2,quarterly,sbc_pct_revenue,Stock-Based Comp % of Revenue,derived,0.12687896496765524,pure,stock_based_compensation / revenue,important
META,2023,Q2,quarterly,capex_intensity,Capex Intensity (Capex / Revenue),derived,,pure,capital_expenditures / revenue,important
META,2023,Q2,quarterly,free_cash_flow,Free Cash Flow (FCF),derived,,USD,net_cash_from_operating_activities - capital_expenditures,core
META,2023,Q2,quarterly,fcf_margin,FCF Margin %,derived,,pure,free_cash_flow / revenue,core
META,2023,Q2,quarterly,net_working_capital,Net Working Capital,derived,39639000000,USD,total_current_assets - total_current_liabilities,important
META,2023,Q2,quarterly,total_debt,Total Debt,derived,18382000000,USD,short_term_debt + long_term_debt,core
META,2023,Q2,quarterly,net_debt,Net Debt (Net Cash),derived,-35064000000,USD,total_debt - cash_and_cash_equivalents - short_term_investments,core
META,2023,Q2,quarterly,tangible_book_value,Tangible Book Value,derived,112518000000,USD,total_stockholders_equity - goodwill - intangible_assets_net,optional
META,2023,Q2,quarterly,book_value_per_share,Book Value Per Share,derived,,USD/shares,total_stockholders_equity / shares_outstanding,important
META,2023,Q2,quarterly,inventory_days,Days Inventory Outstanding (DIO),derived,,days,(inventory_net / cost_of_revenue) * 365,important
META,2023,Q2,quarterly,days_sales_outstanding,Days Sales Outstanding (DSO),derived,142.70805337666803,days,(accounts_receivable_net / revenue) * 365,optional
META,2023,Q2,quarterly,roe,Return on Equity,derived,0.058105093521744644,pure,net_income / total_stockholders_equity,important
META,2023,Q2,quarterly,roa,Return on Assets,derived,0.03767998142127264,pure,net_income / total_assets,optional
META,2023,Q2,quarterly,roic,Return on Invested Capital,derived,0.06366550970138149,pure,(operating_income * (1 - effective_tax_rate)) / (total_debt + total_stockholders_equity - cash_and_cash_equivalents),core
META,2023,Q2,quarterly,revenue_yoy_growth,Revenue YoY Growth %,derived,,pure,(revenue - revenue_prior_year) / revenue_prior_year,core
META,2023,Q2,quarterly,eps_yoy_growth,Diluted EPS YoY Growth %,derived,,pure,(eps_diluted - eps_diluted_prior_year) / eps_diluted_prior_year,important
META,2023,Q2,quarterly,diluted_share_count_change,YoY Diluted Share Count Change,derived,,pure,(weighted_avg_shares_diluted / weighted_avg_shares_diluted_prior_year) - 1,optional
META,2023,Q2,quarterly,deferred_revenue_total,Total Deferred Revenue,derived,494000000,USD,deferred_revenue_current + deferred_revenue_noncurrent,important
META,2023,Q2,quarterly,segment_revenue_mix_pct,Segment Revenue Mix %,derived,,pure,segment_revenue / revenue,important
META,2023,Q3,quarterly,gross_profit_derived,Gross Profit (derived fallback),derived,27936000000,USD,revenue - cost_of_revenue,important
META,2023,Q3,quarterly,gross_margin,Gross Margin %,derived,0.8181338956246705,pure,gross_profit / revenue,core
META,2023,Q3,quarterly,operating_margin,Operating Margin %,derived,0.4026240262402624,pure,operating_income / revenue,core
META,2023,Q3,quarterly,net_margin,Net Margin %,derived,0.33921982076963625,pure,net_income / revenue,core
META,2023,Q3,quarterly,effective_tax_rate,Effective Tax Rate,derived,0.1738231098430813,pure,income_tax_expense / pretax_income,important
META,2023,Q3,quarterly,rd_intensity,R&D Intensity (R&D / Revenue),derived,0.27063199203420607,pure,research_development_expense / revenue,core
META,2023,Q3,quarterly,sbc_pct_revenue,Stock-Based Comp % of Revenue,derived,0.10226673695308382,pure,stock_based_compensation / revenue,important
META,2023,Q3,quarterly,capex_intensity,Capex Intensity (Capex / Revenue),derived,,pure,capital_expenditures / revenue,important
META,2023,Q3,quarterly,free_cash_flow,Free Cash Flow (FCF),derived,,USD,net_cash_from_operating_activities - capital_expenditures,core
META,2023,Q3,quarterly,fcf_margin,FCF Margin %,derived,,pure,free_cash_flow / revenue,core
META,2023,Q3,quarterly,net_working_capital,Net Working Capital,derived,47847000000,USD,total_current_assets - total_current_liabilities,important
META,2023,Q3,quarterly,total_debt,Total Debt,derived,18383000000,USD,short_term_debt + long_term_debt,core
META,2023,Q3,quarterly,net_debt,Net Debt (Net Cash),derived,-42740000000,USD,total_debt - cash_and_cash_equivalents - short_term_investments,core
META,2023,Q3,quarterly,tangible_book_value,Tangible Book Value,derived,121392000000,USD,total_stockholders_equity - goodwill - intangible_assets_net,optional
META,2023,Q3,quarterly,book_value_per_share,Book Value Per Share,derived,,USD/shares,total_stockholders_equity / shares_outstanding,important
META,2023,Q3,quarterly,inventory_days,Days Inventory Outstanding (DIO),derived,,days,(inventory_net / cost_of_revenue) * 365,important
META,2023,Q3,quarterly,days_sales_outstanding,Days Sales Outstanding (DSO),derived,138.36349792069348,days,(accounts_receivable_net / revenue) * 365,optional
META,2023,Q3,quarterly,roe,Return on Equity,derived,0.08107200100788813,pure,net_income / total_stockholders_equity,important
META,2023,Q3,quarterly,roa,Return on Assets,derived,0.05355706187521385,pure,net_income / total_assets,optional
META,2023,Q3,quarterly,roic,Return on Invested Capital,derived,0.09132946211888553,pure,(operating_income * (1 - effective_tax_rate)) / (total_debt + total_stockholders_equity - cash_and_cash_equivalents),core
META,2023,Q3,quarterly,revenue_yoy_growth,Revenue YoY Growth %,derived,,pure,(revenue - revenue_prior_year) / revenue_prior_year,core
META,2023,Q3,quarterly,eps_yoy_growth,Diluted EPS YoY Growth %,derived,,pure,(eps_diluted - eps_diluted_prior_year) / eps_diluted_prior_year,important
META,2023,Q3,quarterly,diluted_share_count_change,YoY Diluted Share Count Change,derived,,pure,(weighted_avg_shares_diluted / weighted_avg_shares_diluted_prior_year) - 1,optional
META,2023,Q3,quarterly,deferred_revenue_total,Total Deferred Revenue,derived,509000000,USD,deferred_revenue_current + deferred_revenue_noncurrent,important
META,2023,Q3,quarterly,segment_revenue_mix_pct,Segment Revenue Mix %,derived,,pure,segment_revenue / revenue,important
META,2023,FY,annual,gross_profit_derived,Gross Profit (derived fallback),derived,108943000000,USD,revenue - cost_of_revenue,important
META,2023,FY,annual,gross_margin,Gross Margin %,derived,0.8075714222176098,pure,gross_profit / revenue,core
META,2023,FY,annual,operating_margin,Operating Margin %,derived,0.3465552771641636,pure,operating_income / revenue,core
META,2023,FY,annual,net_margin,Net Margin %,derived,0.28982520644616094,pure,net_income / revenue,core
META,2023,FY,annual,effective_tax_rate,Effective Tax Rate,derived,0.17563464620055663,pure,income_tax_expense / pretax_income,important
META,2023,FY,annual,rd_intensity,R&D Intensity (R&D / Revenue),derived,0.2852663414923426,pure,research_development_expense / revenue,core
META,2023,FY,annual,sbc_pct_revenue,Stock-Based Comp % of Revenue,derived,0.10397918488977183,pure,stock_based_compensation / revenue,important
META,2023,FY,annual,capex_intensity,Capex Intensity (Capex / Revenue),derived,0.20211709240782197,pure,capital_expenditures / revenue,important
META,2023,FY,annual,free_cash_flow,Free Cash Flow (FCF),derived,43847000000,USD,net_cash_from_operating_activities - capital_expenditures,core
META,2023,FY,annual,fcf_margin,FCF Margin %,derived,0.32502853923588976,pure,free_cash_flow / revenue,core
META,2023,FY,annual,net_working_capital,Net Working Capital,derived,53405000000,USD,total_current_assets - total_current_liabilities,important
META,2023,FY,annual,total_debt,Total Debt,derived,18385000000,USD,short_term_debt + long_term_debt,core
META,2023,FY,annual,net_debt,Net Debt (Net Cash),derived,-47018000000,USD,total_debt - cash_and_cash_equivalents - short_term_investments,core
META,2023,FY,annual,tangible_book_value,Tangible Book Value,derived,131726000000,USD,total_stockholders_equity - goodwill - intangible_assets_net,optional
META,2023,FY,annual,book_value_per_share,Book Value Per Share,derived,,USD/shares,total_stockholders_equity / shares_outstanding,important
META,2023,FY,annual,inventory_days,Days Inventory Outstanding (DIO),derived,,days,(inventory_net / cost_of_revenue) * 365,important
META,2023,FY,annual,days_sales_outstanding,Days Sales Outstanding (DSO),derived,43.747942951179375,days,(accounts_receivable_net / revenue) * 365,optional
META,2023,FY,annual,roe,Return on Equity,derived,0.25526219575890524,pure,net_income / total_stockholders_equity,important
META,2023,FY,annual,roa,Return on Assets,derived,0.1702703997421861,pure,net_income / total_assets,optional
META,2023,FY,annual,roic,Return on Invested Capital,derived,0.2971671484950982,pure,(operating_income * (1 - effective_tax_rate)) / (total_debt + total_stockholders_equity - cash_and_cash_equivalents),core
META,2023,FY,annual,revenue_yoy_growth,Revenue YoY Growth %,derived,,pure,(revenue - revenue_prior_year) / revenue_prior_year,core
META,2023,FY,annual,eps_yoy_growth,Diluted EPS YoY Growth %,derived,,pure,(eps_diluted - eps_diluted_prior_year) / eps_diluted_prior_year,important
META,2023,FY,annual,diluted_share_count_change,YoY Diluted Share Count Change,derived,,pure,(weighted_avg_shares_diluted / weighted_avg_shares_diluted_prior_year) - 1,optional
META,2023,FY,annual,deferred_revenue_total,Total Deferred Revenue,derived,626000000,USD,deferred_revenue_current + deferred_revenue_noncurrent,important
META,2023,FY,annual,segment_revenue_mix_pct,Segment Revenue Mix %,derived,,pure,segment_revenue / revenue,important
META,2024,Q1,quarterly,gross_profit_derived,Gross Profit (derived fallback),derived,29815000000,USD,revenue - cost_of_revenue,important
META,2024,Q1,quarterly,gross_margin,Gross Margin %,derived,0.8178576326978466,pure,gross_profit / revenue,core
META,2024,Q1,quarterly,operating_margin,Operating Margin %,derived,0.3790426553284872,pure,operating_income / revenue,core
META,2024,Q1,quarterly,net_margin,Net Margin %,derived,0.33929502125908656,pure,net_income / revenue,core
META,2024,Q1,quarterly,effective_tax_rate,Effective Tax Rate,derived,0.12789959811041388,pure,income_tax_expense / pretax_income,important
META,2024,Q1,quarterly,rd_intensity,R&D Intensity (R&D / Revenue),derived,0.27370731038266355,pure,research_development_expense / revenue,core
META,2024,Q1,quarterly,sbc_pct_revenue,Stock-Based Comp % of Revenue,derived,0.0977095048690166,pure,stock_based_compensation / revenue,important
META,2024,Q1,quarterly,capex_intensity,Capex Intensity (Capex / Revenue),derived,0.17555890824303935,pure,capital_expenditures / revenue,important
META,2024,Q1,quarterly,free_cash_flow,Free Cash Flow (FCF),derived,12846000000,USD,net_cash_from_operating_activities - capital_expenditures,core
META,2024,Q1,quarterly,fcf_margin,FCF Margin %,derived,0.3523796461390756,pure,free_cash_flow / revenue,core
META,2024,Q1,quarterly,net_working_capital,Net Working Capital,derived,47229000000,USD,total_current_assets - total_current_liabilities,important
META,2024,Q1,quarterly,total_debt,Total Debt,derived,18387000000,USD,short_term_debt + long_term_debt,core
META,2024,Q1,quarterly,net_debt,Net Debt (Net Cash),derived,-39733000000,USD,total_debt - cash_and_cash_equivalents - short_term_investments,core
META,2024,Q1,quarterly,tangible_book_value,Tangible Book Value,derived,128046000000,USD,total_stockholders_equity - goodwill - intangible_assets_net,optional
META,2024,Q1,quarterly,book_value_per_share,Book Value Per Share,derived,,USD/shares,total_stockholders_equity / shares_outstanding,important
META,2024,Q1,quarterly,inventory_days,Days Inventory Outstanding (DIO),derived,,days,(inventory_net / cost_of_revenue) * 365,important
META,2024,Q1,quarterly,days_sales_outstanding,Days Sales Outstanding (DSO),derived,134.46577972843232,days,(accounts_receivable_net / revenue) * 365,optional
META,2024,Q1,quarterly,roe,Return on Equity,derived,0.08271973998354834,pure,net_income / total_stockholders_equity,important
META,2024,Q1,quarterly,roa,Return on Assets,derived,0.05550519646030407,pure,net_income / total_assets,optional
META,2024,Q1,quarterly,roic,Return on Invested Capital,derived,0.08886344824687374,pure,(operating_income * (1 - effective_tax_rate)) / (total_debt + total_stockholders_equity - cash_and_cash_equivalents),core
META,2024,Q1,quarterly,revenue_yoy_growth,Revenue YoY Growth %,derived,0.2726479315761913,pure,(revenue - revenue_prior_year) / revenue_prior_year,core
META,2024,Q1,quarterly,eps_yoy_growth,Diluted EPS YoY Growth %,derived,1.1409090909090907,pure,(eps_diluted - eps_diluted_prior_year) / eps_diluted_prior_year,important
META,2024,Q1,quarterly,diluted_share_count_change,YoY Diluted Share Count Change,derived,0.011171032357472965,pure,(weighted_avg_shares_diluted / weighted_avg_shares_diluted_prior_year) - 1,optional
META,2024,Q1,quarterly,deferred_revenue_total,Total Deferred Revenue,derived,599000000,USD,deferred_revenue_current + deferred_revenue_noncurrent,important
META,2024,Q1,quarterly,segment_revenue_mix_pct,Segment Revenue Mix %,derived,,pure,segment_revenue / revenue,important
META,2024,Q2,quarterly,gross_profit_derived,Gross Profit (derived fallback),derived,31763000000,USD,revenue - cost_of_revenue,important
META,2024,Q2,quarterly,gross_margin,Gross Margin %,derived,0.8129559007959868,pure,gross_profit / revenue,core
META,2024,Q2,quarterly,operating_margin,Operating Margin %,derived,0.38000051188861306,pure,operating_income / revenue,core
META,2024,Q2,quarterly,net_margin,Net Margin %,derived,0.34462900872770086,pure,net_income / revenue,core
META,2024,Q2,quarterly,effective_tax_rate,Effective Tax Rate,derived,0.10863233152389778,pure,income_tax_expense / pretax_income,important
META,2024,Q2,quarterly,rd_intensity,R&D Intensity (R&D / Revenue),derived,0.2696885157789665,pure,research_development_expense / revenue,core
META,2024,Q2,quarterly,sbc_pct_revenue,Stock-Based Comp % of Revenue,derived,0.11814389188912493,pure,stock_based_compensation / revenue,important
META,2024,Q2,quarterly,capex_intensity,Capex Intensity (Capex / Revenue),derived,,pure,capital_expenditures / revenue,important
META,2024,Q2,quarterly,free_cash_flow,Free Cash Flow (FCF),derived,,USD,net_cash_from_operating_activities - capital_expenditures,core
META,2024,Q2,quarterly,fcf_margin,FCF Margin %,derived,,pure,free_cash_flow / revenue,core
META,2024,Q2,quarterly,net_working_capital,Net Working Capital,derived,49427000000,USD,total_current_assets - total_current_liabilities,important
META,2024,Q2,quarterly,total_debt,Total Debt,derived,18389000000,USD,short_term_debt + long_term_debt,core
META,2024,Q2,quarterly,net_debt,Net Debt (Net Cash),derived,-39691000000,USD,total_debt - cash_and_cash_equivalents - short_term_investments,core
META,2024,Q2,quarterly,tangible_book_value,Tangible Book Value,derived,135125000000,USD,total_stockholders_equity - goodwill - intangible_assets_net,optional
META,2024,Q2,quarterly,book_value_per_share,Book Value Per Share,derived,,USD/shares,total_stockholders_equity / shares_outstanding,important
META,2024,Q2,quarterly,inventory_days,Days Inventory Outstanding (DIO),derived,,days,(inventory_net / cost_of_revenue) * 365,important
META,2024,Q2,quarterly,days_sales_outstanding,Days Sales Outstanding (DSO),derived,135.5052340610683,days,(accounts_receivable_net / revenue) * 365,optional
META,2024,Q2,quarterly,roe,Return on Equity,derived,0.08589399284269886,pure,net_income / total_stockholders_equity,important
META,2024,Q2,quarterly,roa,Return on Assets,derived,0.058482961109808114,pure,net_income / total_assets,optional
META,2024,Q2,quarterly,roic,Return on Invested Capital,derived,0.09247720778064449,pure,(operating_income * (1 - effective_tax_rate)) / (total_debt + total_stockholders_equity - cash_and_cash_equivalents),core
META,2024,Q2,quarterly,revenue_yoy_growth,Revenue YoY Growth %,derived,0.22100690646582705,pure,(revenue - revenue_prior_year) / revenue_prior_year,core
META,2024,Q2,quarterly,eps_yoy_growth,Diluted EPS YoY Growth %,derived,0.7315436241610739,pure,(eps_diluted - eps_diluted_prior_year) / eps_diluted_prior_year,important
META,2024,Q2,quarterly,diluted_share_count_change,YoY Diluted Share Count Change,derived,-0.0007656967840734552,pure,(weighted_avg_shares_diluted / weighted_avg_shares_diluted_prior_year) - 1,optional
META,2024,Q2,quarterly,deferred_revenue_total,Total Deferred Revenue,derived,637000000,USD,deferred_revenue_current + deferred_revenue_noncurrent,important
META,2024,Q2,quarterly,segment_revenue_mix_pct,Segment Revenue Mix %,derived,,pure,segment_revenue / revenue,important
META,2024,Q3,quarterly,gross_profit_derived,Gross Profit (derived fallback),derived,33214000000,USD,revenue - cost_of_revenue,important
META,2024,Q3,quarterly,gross_margin,Gross Margin %,derived,0.8183005247727216,pure,gross_profit / revenue,core
META,2024,Q3,quarterly,operating_margin,Operating Margin %,derived,0.4274557146024785,pure,operating_income / revenue,core
META,2024,Q3,quarterly,net_margin,Net Margin %,derived,0.3865086599817685,pure,net_income / revenue,core
META,2024,Q3,quarterly,effective_tax_rate,Effective Tax Rate,derived,0.11973964762652901,pure,income_tax_expense / pretax_income,important
META,2024,Q3,quarterly,rd_intensity,R&D Intensity (R&D / Revenue),derived,0.27537017418512405,pure,research_development_expense / revenue,core
META,2024,Q3,quarterly,sbc_pct_revenue,Stock-Based Comp % of Revenue,derived,0.10470817216487226,pure,stock_based_compensation / revenue,important
META,2024,Q3,quarterly,capex_intensity,Capex Intensity (Capex / Revenue),derived,,pure,capital_expenditures / revenue,important
META,2024,Q3,quarterly,free_cash_flow,Free Cash Flow (FCF),derived,,USD,net_cash_from_operating_activities - capital_expenditures,core
META,2024,Q3,quarterly,fcf_margin,FCF Margin %,derived,,pure,free_cash_flow / revenue,core
META,2024,Q3,quarterly,net_working_capital,Net Working Capital,derived,57737000000,USD,total_current_assets - total_current_liabilities,important
META,2024,Q3,quarterly,total_debt,Total Debt,derived,28823000000,USD,short_term_debt + long_term_debt,core
META,2024,Q3,quarterly,net_debt,Net Debt (Net Cash),derived,-42077000000,USD,total_debt - cash_and_cash_equivalents - short_term_investments,core
META,2024,Q3,quarterly,tangible_book_value,Tangible Book Value,derived,142902000000,USD,total_stockholders_equity - goodwill - intangible_assets_net,optional
META,2024,Q3,quarterly,book_value_per_share,Book Value Per Share,derived,,USD/shares,total_stockholders_equity / shares_outstanding,important
META,2024,Q3,quarterly,inventory_days,Days Inventory Outstanding (DIO),derived,,days,(inventory_net / cost_of_revenue) * 365,important
META,2024,Q3,quarterly,days_sales_outstanding,Days Sales Outstanding (DSO),derived,132.19098770602872,days,(accounts_receivable_net / revenue) * 365,optional
META,2024,Q3,quarterly,roe,Return on Equity,derived,0.09535097156124452,pure,net_income / total_stockholders_equity,important
META,2024,Q3,quarterly,roa,Return on Assets,derived,0.061183738416898066,pure,net_income / total_assets,optional
META,2024,Q3,quarterly,roic,Return on Invested Capital,derived,0.10215730510822556,pure,(operating_income * (1 - effective_tax_rate)) / (total_debt + total_stockholders_equity - cash_and_cash_equivalents),core
META,2024,Q3,quarterly,revenue_yoy_growth,Revenue YoY Growth %,derived,0.18868974404029754,pure,(revenue - revenue_prior_year) / revenue_prior_year,core
META,2024,Q3,quarterly,eps_yoy_growth,Diluted EPS YoY Growth %,derived,0.3735763097949888,pure,(eps_diluted - eps_diluted_prior_year) / eps_diluted_prior_year,important
META,2024,Q3,quarterly,diluted_share_count_change,YoY Diluted Share Count Change,derived,-0.015524422567209428,pure,(weighted_avg_shares_diluted / weighted_avg_shares_diluted_prior_year) - 1,optional
META,2024,Q3,quarterly,deferred_revenue_total,Total Deferred Revenue,derived,704000000,USD,deferred_revenue_current + deferred_revenue_noncurrent,important
META,2024,Q3,quarterly,segment_revenue_mix_pct,Segment Revenue Mix %,derived,,pure,segment_revenue / revenue,important
META,2024,FY,annual,gross_profit_derived,Gross Profit (derived fallback),derived,134340000000,USD,revenue - cost_of_revenue,important
META,2024,FY,annual,gross_margin,Gross Margin %,derived,0.8166515705071702,pure,gross_profit / revenue,core
META,2024,FY,annual,operating_margin,Operating Margin %,derived,0.42176035404040096,pure,operating_income / revenue,core
META,2024,FY,annual,net_margin,Net Margin %,derived,0.3790858414234564,pure,net_income / revenue,core
META,2024,FY,annual,effective_tax_rate,Effective Tax Rate,derived,0.11750137978857393,pure,income_tax_expense / pretax_income,important
META,2024,FY,annual,rd_intensity,R&D Intensity (R&D / Revenue),derived,0.2667035458751011,pure,research_development_expense / revenue,core
META,2024,FY,annual,sbc_pct_revenue,Stock-Based Comp % of Revenue,derived,0.10145834979726567,pure,stock_based_compensation / revenue,important
META,2024,FY,annual,capex_intensity,Capex Intensity (Capex / Revenue),derived,0.22647886638986997,pure,capital_expenditures / revenue,important
META,2024,FY,annual,free_cash_flow,Free Cash Flow (FCF),derived,54072000000,USD,net_cash_from_operating_activities - capital_expenditures,core
META,2024,FY,annual,fcf_margin,FCF Margin %,derived,0.3287031689776962,pure,free_cash_flow / revenue,core
META,2024,FY,annual,net_working_capital,Net Working Capital,derived,66449000000,USD,total_current_assets - total_current_liabilities,important
META,2024,FY,annual,total_debt,Total Debt,derived,28826000000,USD,short_term_debt + long_term_debt,core
META,2024,FY,annual,net_debt,Net Debt (Net Cash),derived,-48989000000,USD,total_debt - cash_and_cash_equivalents - short_term_investments,core
META,2024,FY,annual,tangible_book_value,Tangible Book Value,derived,161068000000,USD,total_stockholders_equity - goodwill - intangible_assets_net,optional
META,2024,FY,annual,book_value_per_share,Book Value Per Share,derived,,USD/shares,total_stockholders_equity / shares_outstanding,important
META,2024,FY,annual,inventory_days,Days Inventory Outstanding (DIO),derived,,days,(inventory_net / cost_of_revenue) * 365,important
META,2024,FY,annual,days_sales_outstanding,Days Sales Outstanding (DSO),derived,37.70682245092735,days,(accounts_receivable_net / revenue) * 365,optional
META,2024,FY,annual,roe,Return on Equity,derived,0.34144231453648494,pure,net_income / total_stockholders_equity,important
META,2024,FY,annual,roa,Return on Assets,derived,0.22589783158367566,pure,net_income / total_assets,optional
META,2024,FY,annual,roic,Return on Invested Capital,derived,0.36537741099614945,pure,(operating_income * (1 - effective_tax_rate)) / (total_debt + total_stockholders_equity - cash_and_cash_equivalents),core
META,2024,FY,annual,revenue_yoy_growth,Revenue YoY Growth %,derived,0.21941112807816043,pure,(revenue - revenue_prior_year) / revenue_prior_year,core
META,2024,FY,annual,eps_yoy_growth,Diluted EPS YoY Growth %,derived,0.6045729657027573,pure,(eps_diluted - eps_diluted_prior_year) / eps_diluted_prior_year,important
META,2024,FY,annual,diluted_share_count_change,YoY Diluted Share Count Change,derived,-0.005705591479650107,pure,(weighted_avg_shares_diluted / weighted_avg_shares_diluted_prior_year) - 1,optional
META,2024,FY,annual,deferred_revenue_total,Total Deferred Revenue,derived,721000000,USD,deferred_revenue_current + deferred_revenue_noncurrent,important
META,2024,FY,annual,segment_revenue_mix_pct,Segment Revenue Mix %,derived,,pure,segment_revenue / revenue,important
META,2025,Q1,quarterly,gross_profit_derived,Gross Profit (derived fallback),derived,34742000000,USD,revenue - cost_of_revenue,important
META,2025,Q1,quarterly,gross_margin,Gross Margin %,derived,0.8210521340454696,pure,gross_profit / revenue,core
META,2025,Q1,quarterly,operating_margin,Operating Margin %,derived,0.414874509618566,pure,operating_income / revenue,core
META,2025,Q1,quarterly,net_margin,Net Margin %,derived,0.39334499220116276,pure,net_income / revenue,core
META,2025,Q1,quarterly,effective_tax_rate,Effective Tax Rate,derived,0.09454901534109456,pure,income_tax_expense / pretax_income,important
META,2025,Q1,quarterly,rd_intensity,R&D Intensity (R&D / Revenue),derived,0.2871390083660254,pure,research_development_expense / revenue,core
META,2025,Q1,quarterly,sbc_pct_revenue,Stock-Based Comp % of Revenue,derived,0.0980053882875644,pure,stock_based_compensation / revenue,important
META,2025,Q1,quarterly,capex_intensity,Capex Intensity (Capex / Revenue),derived,0.3058325849600605,pure,capital_expenditures / revenue,important
META,2025,Q1,quarterly,free_cash_flow,Free Cash Flow (FCF),derived,11085000000,USD,net_cash_from_operating_activities - capital_expenditures,core
META,2025,Q1,quarterly,fcf_margin,FCF Margin %,derived,0.2619700335586331,pure,free_cash_flow / revenue,core
META,2025,Q1,quarterly,net_working_capital,Net Working Capital,derived,56337000000,USD,total_current_assets - total_current_liabilities,important
META,2025,Q1,quarterly,total_debt,Total Debt,derived,28829000000,USD,short_term_debt + long_term_debt,core
META,2025,Q1,quarterly,net_debt,Net Debt (Net Cash),derived,-41401000000,USD,total_debt - cash_and_cash_equivalents - short_term_investments,core
META,2025,Q1,quarterly,tangible_book_value,Tangible Book Value,derived,164375000000,USD,total_stockholders_equity - goodwill - intangible_assets_net,optional
META,2025,Q1,quarterly,book_value_per_share,Book Value Per Share,derived,,USD/shares,total_stockholders_equity / shares_outstanding,important
META,2025,Q1,quarterly,inventory_days,Days Inventory Outstanding (DIO),derived,,days,(inventory_net / cost_of_revenue) * 365,important
META,2025,Q1,quarterly,days_sales_outstanding,Days Sales Outstanding (DSO),derived,125.19757054402798,days,(accounts_receivable_net / revenue) * 365,optional
META,2025,Q1,quarterly,roe,Return on Equity,derived,0.0899534667538602,pure,net_income / total_stockholders_equity,important
META,2025,Q1,quarterly,roa,Return on Assets,derived,0.059397672484859734,pure,net_income / total_assets,optional
META,2025,Q1,quarterly,roic,Return on Invested Capital,derived,0.0858698275368276,pure,(operating_income * (1 - effective_tax_rate)) / (total_debt + total_stockholders_equity - cash_and_cash_equivalents),core
META,2025,Q1,quarterly,revenue_yoy_growth,Revenue YoY Growth %,derived,0.16071869428061994,pure,(revenue - revenue_prior_year) / revenue_prior_year,core
META,2025,Q1,quarterly,eps_yoy_growth,Diluted EPS YoY Growth %,derived,0.3651804670912951,pure,(eps_diluted - eps_diluted_prior_year) / eps_diluted_prior_year,important
META,2025,Q1,quarterly,diluted_share_count_change,YoY Diluted Share Count Change,derived,-0.013333333333333308,pure,(weighted_avg_shares_diluted / weighted_avg_shares_diluted_prior_year) - 1,optional
META,2025,Q1,quarterly,deferred_revenue_total,Total Deferred Revenue,derived,0,USD,deferred_revenue_current + deferred_revenue_noncurrent,important
META,2025,Q1,quarterly,segment_revenue_mix_pct,Segment Revenue Mix %,derived,,pure,segment_revenue / revenue,important
META,2025,Q2,quarterly,gross_profit_derived,Gross Profit (derived fallback),derived,39025000000,USD,revenue - cost_of_revenue,important
META,2025,Q2,quarterly,gross_margin,Gross Margin %,derived,0.821302298173247,pure,gross_profit / revenue,core
META,2025,Q2,quarterly,operating_margin,Operating Margin %,derived,0.43019193534809325,pure,operating_income / revenue,core
META,2025,Q2,quarterly,net_margin,Net Margin %,derived,0.38591211381429413,pure,net_income / revenue,core
META,2025,Q2,quarterly,effective_tax_rate,Effective Tax Rate,derived,0.10699327943897925,pure,income_tax_expense / pretax_income,important
META,2025,Q2,quarterly,rd_intensity,R&D Intensity (R&D / Revenue),derived,0.2723714117349945,pure,research_development_expense / revenue,core
META,2025,Q2,quarterly,sbc_pct_revenue,Stock-Based Comp % of Revenue,derived,0.10173415270645678,pure,stock_based_compensation / revenue,important
META,2025,Q2,quarterly,capex_intensity,Capex Intensity (Capex / Revenue),derived,,pure,capital_expenditures / revenue,important
META,2025,Q2,quarterly,free_cash_flow,Free Cash Flow (FCF),derived,,USD,net_cash_from_operating_activities - capital_expenditures,core
META,2025,Q2,quarterly,fcf_margin,FCF Margin %,derived,,pure,free_cash_flow / revenue,core
META,2025,Q2,quarterly,net_working_capital,Net Working Capital,derived,36308000000,USD,total_current_assets - total_current_liabilities,important
META,2025,Q2,quarterly,total_debt,Total Debt,derived,28832000000,USD,short_term_debt + long_term_debt,core
META,2025,Q2,quarterly,net_debt,Net Debt (Net Cash),derived,-18239000000,USD,total_debt - cash_and_cash_equivalents - short_term_investments,core
META,2025,Q2,quarterly,tangible_book_value,Tangible Book Value,derived,174416000000,USD,total_stockholders_equity - goodwill - intangible_assets_net,optional
META,2025,Q2,quarterly,book_value_per_share,Book Value Per Share,derived,,USD/shares,total_stockholders_equity / shares_outstanding,important
META,2025,Q2,quarterly,inventory_days,Days Inventory Outstanding (DIO),derived,,days,(inventory_net / cost_of_revenue) * 365,important
META,2025,Q2,quarterly,days_sales_outstanding,Days Sales Outstanding (DSO),derived,127.21535903695596,days,(accounts_receivable_net / revenue) * 365,optional
META,2025,Q2,quarterly,roe,Return on Equity,derived,0.09400215307325575,pure,net_income / total_stockholders_equity,important
META,2025,Q2,quarterly,roa,Return on Assets,derived,0.06221331053388703,pure,net_income / total_assets,optional
META,2025,Q2,quarterly,roic,Return on Invested Capital,derived,0.08614539316265839,pure,(operating_income * (1 - effective_tax_rate)) / (total_debt + total_stockholders_equity - cash_and_cash_equivalents),core
META,2025,Q2,quarterly,revenue_yoy_growth,Revenue YoY Growth %,derived,0.2161449668552123,pure,(revenue - revenue_prior_year) / revenue_prior_year,core
META,2025,Q2,quarterly,eps_yoy_growth,Diluted EPS YoY Growth %,derived,0.38372093023255804,pure,(eps_diluted - eps_diluted_prior_year) / eps_diluted_prior_year,important
META,2025,Q2,quarterly,diluted_share_count_change,YoY Diluted Share Count Change,derived,-0.01532567049808431,pure,(weighted_avg_shares_diluted / weighted_avg_shares_diluted_prior_year) - 1,optional
META,2025,Q2,quarterly,deferred_revenue_total,Total Deferred Revenue,derived,0,USD,deferred_revenue_current + deferred_revenue_noncurrent,important
META,2025,Q2,quarterly,segment_revenue_mix_pct,Segment Revenue Mix %,derived,,pure,segment_revenue / revenue,important
META,2025,Q3,quarterly,gross_profit_derived,Gross Profit (derived fallback),derived,42036000000,USD,revenue - cost_of_revenue,important
META,2025,Q3,quarterly,gross_margin,Gross Margin %,derived,0.820342687639046,pure,gross_profit / revenue,core
META,2025,Q3,quarterly,operating_margin,Operating Margin %,derived,0.4007454822216151,pure,operating_income / revenue,core
META,2025,Q3,quarterly,net_margin,Net Margin %,derived,0.05286678896217946,pure,net_income / revenue,core
META,2025,Q3,quarterly,effective_tax_rate,Effective Tax Rate,derived,0.8749480681346073,pure,income_tax_expense / pretax_income,important
META,2025,Q3,quarterly,rd_intensity,R&D Intensity (R&D / Revenue),derived,0.2955388158151516,pure,research_development_expense / revenue,core
META,2025,Q3,quarterly,sbc_pct_revenue,Stock-Based Comp % of Revenue,derived,0.10840716599664338,pure,stock_based_compensation / revenue,important
META,2025,Q3,quarterly,capex_intensity,Capex Intensity (Capex / Revenue),derived,,pure,capital_expenditures / revenue,important
META,2025,Q3,quarterly,free_cash_flow,Free Cash Flow (FCF),derived,,USD,net_cash_from_operating_activities - capital_expenditures,core
META,2025,Q3,quarterly,fcf_margin,FCF Margin %,derived,,pure,free_cash_flow / revenue,core
META,2025,Q3,quarterly,net_working_capital,Net Working Capital,derived,36160000000,USD,total_current_assets - total_current_liabilities,important
META,2025,Q3,quarterly,total_debt,Total Debt,derived,28834000000,USD,short_term_debt + long_term_debt,core
META,2025,Q3,quarterly,net_debt,Net Debt (Net Cash),derived,-15614000000,USD,total_debt - cash_and_cash_equivalents - short_term_investments,core
META,2025,Q3,quarterly,tangible_book_value,Tangible Book Value,derived,169729000000,USD,total_stockholders_equity - goodwill - intangible_assets_net,optional
META,2025,Q3,quarterly,book_value_per_share,Book Value Per Share,derived,,USD/shares,total_stockholders_equity / shares_outstanding,important
META,2025,Q3,quarterly,inventory_days,Days Inventory Outstanding (DIO),derived,,days,(inventory_net / cost_of_revenue) * 365,important
META,2025,Q3,quarterly,days_sales_outstanding,Days Sales Outstanding (DSO),derived,123.20762265329223,days,(accounts_receivable_net / revenue) * 365,optional
META,2025,Q3,quarterly,roe,Return on Equity,derived,0.013959168530293817,pure,net_income / total_stockholders_equity,important
META,2025,Q3,quarterly,roa,Return on Assets,derived,0.008915759402851463,pure,net_income / total_assets,optional
META,2025,Q3,quarterly,roic,Return on Invested Capital,derived,0.012072329480830219,pure,(operating_income * (1 - effective_tax_rate)) / (total_debt + total_stockholders_equity - cash_and_cash_equivalents),core
META,2025,Q3,quarterly,revenue_yoy_growth,Revenue YoY Growth %,derived,0.2624602724876198,pure,(revenue - revenue_prior_year) / revenue_prior_year,core
META,2025,Q3,quarterly,eps_yoy_growth,Diluted EPS YoY Growth %,derived,-0.8258706467661692,pure,(eps_diluted - eps_diluted_prior_year) / eps_diluted_prior_year,important
META,2025,Q3,quarterly,diluted_share_count_change,YoY Diluted Share Count Change,derived,-0.010769230769230753,pure,(weighted_avg_shares_diluted / weighted_avg_shares_diluted_prior_year) - 1,optional
META,2025,Q3,quarterly,deferred_revenue_total,Total Deferred Revenue,derived,0,USD,deferred_revenue_current + deferred_revenue_noncurrent,important
META,2025,Q3,quarterly,segment_revenue_mix_pct,Segment Revenue Mix %,derived,,pure,segment_revenue / revenue,important
META,2025,FY,annual,gross_profit_derived,Gross Profit (derived fallback),derived,164791000000,USD,revenue - cost_of_revenue,important
META,2025,FY,annual,gross_margin,Gross Margin %,derived,0.8199944269179861,pure,gross_profit / revenue,core
META,2025,FY,annual,operating_margin,Operating Margin %,derived,0.41437855159579234,pure,operating_income / revenue,core
META,2025,FY,annual,net_margin,Net Margin %,derived,0.3008369574952977,pure,net_income / revenue,core
META,2025,FY,annual,effective_tax_rate,Effective Tax Rate,derived,0.2964436996695061,pure,income_tax_expense / pretax_income,important
META,2025,FY,annual,rd_intensity,R&D Intensity (R&D / Revenue),derived,0.2854811261606441,pure,research_development_expense / revenue,core
META,2025,FY,annual,sbc_pct_revenue,Stock-Based Comp % of Revenue,derived,0.10164405919409253,pure,stock_based_compensation / revenue,important
META,2025,FY,annual,capex_intensity,Capex Intensity (Capex / Revenue),derived,0.3467800523471632,pure,capital_expenditures / revenue,important
META,2025,FY,annual,free_cash_flow,Free Cash Flow (FCF),derived,46109000000,USD,net_cash_from_operating_activities - capital_expenditures,core
META,2025,FY,annual,fcf_margin,FCF Margin %,derived,0.2294368201586338,pure,free_cash_flow / revenue,core
META,2025,FY,annual,net_working_capital,Net Working Capital,derived,66886000000,USD,total_current_assets - total_current_liabilities,important
META,2025,FY,annual,total_debt,Total Debt,derived,58744000000,USD,short_term_debt + long_term_debt,core
META,2025,FY,annual,net_debt,Net Debt (Net Cash),derived,-22848000000,USD,total_debt - cash_and_cash_equivalents - short_term_investments,core
META,2025,FY,annual,tangible_book_value,Tangible Book Value,derived,189017000000,USD,total_stockholders_equity - goodwill - intangible_assets_net,optional
META,2025,FY,annual,book_value_per_share,Book Value Per Share,derived,,USD/shares,total_stockholders_equity / shares_outstanding,important
META,2025,FY,annual,inventory_days,Days Inventory Outstanding (DIO),derived,,days,(inventory_net / cost_of_revenue) * 365,important
META,2025,FY,annual,days_sales_outstanding,Days Sales Outstanding (DSO),derived,35.905003831493886,days,(accounts_receivable_net / revenue) * 365,optional
META,2025,FY,annual,roe,Return on Equity,derived,0.2782966539773433,pure,net_income / total_stockholders_equity,important
META,2025,FY,annual,roa,Return on Assets,derived,0.16517631502017643,pure,net_income / total_assets,optional
META,2025,FY,annual,roic,Return on Invested Capital,derived,0.2440064072329069,pure,(operating_income * (1 - effective_tax_rate)) / (total_debt + total_stockholders_equity - cash_and_cash_equivalents),core
META,2025,FY,annual,revenue_yoy_growth,Revenue YoY Growth %,derived,0.2216703849824621,pure,(revenue - revenue_prior_year) / revenue_prior_year,core
META,2025,FY,annual,eps_yoy_growth,Diluted EPS YoY Growth %,derived,-0.015507124895222171,pure,(eps_diluted - eps_diluted_prior_year) / eps_diluted_prior_year,important
META,2025,FY,annual,diluted_share_count_change,YoY Diluted Share Count Change,derived,-0.015302218821729108,pure,(weighted_avg_shares_diluted / weighted_avg_shares_diluted_prior_year) - 1,optional
META,2025,FY,annual,deferred_revenue_total,Total Deferred Revenue,derived,0,USD,deferred_revenue_current + deferred_revenue_noncurrent,important
META,2025,FY,annual,segment_revenue_mix_pct,Segment Revenue Mix %,derived,,pure,segment_revenue / revenue,important
META,2026,Q1,quarterly,gross_profit_derived,Gross Profit (derived fallback),derived,46093000000,USD,revenue - cost_of_revenue,important
META,2026,Q1,quarterly,gross_margin,Gross Margin %,derived,0.8185434462183232,pure,gross_profit / revenue,core
META,2026,Q1,quarterly,operating_margin,Operating Margin %,derived,0.40617286143027115,pure,operating_income / revenue,core
META,2026,Q1,quarterly,net_margin,Net Margin %,derived,0.47544884658414877,pure,net_income / revenue,core
META,2026,Q1,quarterly,effective_tax_rate,Effective Tax Rate,derived,-0.23082934902537697,pure,income_tax_expense / pretax_income,important
META,2026,Q1,quarterly,rd_intensity,R&D Intensity (R&D / Revenue),derived,0.3143080392818455,pure,research_development_expense / revenue,core
META,2026,Q1,quarterly,sbc_pct_revenue,Stock-Based Comp % of Revenue,derived,0.10711939052760562,pure,stock_based_compensation / revenue,important
META,2026,Q1,quarterly,capex_intensity,Capex Intensity (Capex / Revenue),derived,0.33735859778728844,pure,capital_expenditures / revenue,important
META,2026,Q1,quarterly,free_cash_flow,Free Cash Flow (FCF),derived,13229000000,USD,net_cash_from_operating_activities - capital_expenditures,core
META,2026,Q1,quarterly,fcf_margin,FCF Margin %,derived,0.23492745644723056,pure,free_cash_flow / revenue,core
META,2026,Q1,quarterly,net_working_capital,Net Working Capital,derived,63012000000,USD,total_current_assets - total_current_liabilities,important
META,2026,Q1,quarterly,total_debt,Total Debt,derived,58748000000,USD,short_term_debt + long_term_debt,core
META,2026,Q1,quarterly,net_debt,Net Debt (Net Cash),derived,-22432000000,USD,total_debt - cash_and_cash_equivalents - short_term_investments,core
META,2026,Q1,quarterly,tangible_book_value,Tangible Book Value,derived,218933000000,USD,total_stockholders_equity - goodwill - intangible_assets_net,optional
META,2026,Q1,quarterly,book_value_per_share,Book Value Per Share,derived,,USD/shares,total_stockholders_equity / shares_outstanding,important
META,2026,Q1,quarterly,inventory_days,Days Inventory Outstanding (DIO),derived,,days,(inventory_net / cost_of_revenue) * 365,important
META,2026,Q1,quarterly,days_sales_outstanding,Days Sales Outstanding (DSO),derived,113.2380884729449,days,(accounts_receivable_net / revenue) * 365,optional
META,2026,Q1,quarterly,roe,Return on Equity,derived,0.1098690501105954,pure,net_income / total_stockholders_equity,important
META,2026,Q1,quarterly,roa,Return on Assets,derived,0.06773687539531942,pure,net_income / total_assets,optional
META,2026,Q1,quarterly,roic,Return on Invested Capital,derived,0.10090045222061564,pure,(operating_income * (1 - effective_tax_rate)) / (total_debt + total_stockholders_equity - cash_and_cash_equivalents),core
META,2026,Q1,quarterly,revenue_yoy_growth,Revenue YoY Growth %,derived,0.33078886420570025,pure,(revenue - revenue_prior_year) / revenue_prior_year,core
META,2026,Q1,quarterly,eps_yoy_growth,Diluted EPS YoY Growth %,derived,0.6236391912908242,pure,(eps_diluted - eps_diluted_prior_year) / eps_diluted_prior_year,important
META,2026,Q1,quarterly,diluted_share_count_change,YoY Diluted Share Count Change,derived,-0.010038610038610063,pure,(weighted_avg_shares_diluted / weighted_avg_shares_diluted_prior_year) - 1,optional
META,2026,Q1,quarterly,deferred_revenue_total,Total Deferred Revenue,derived,0,USD,deferred_revenue_current + deferred_revenue_noncurrent,important
META,2026,Q1,quarterly,segment_revenue_mix_pct,Segment Revenue Mix %,derived,,pure,segment_revenue / revenue,important
AMZN,2024,Q1,quarterly,gross_profit_derived,Gross Profit (derived fallback),derived,70680000000,USD,revenue - cost_of_revenue,important
AMZN,2024,Q1,quarterly,gross_margin,Gross Margin %,derived,0.49318624269954575,pure,gross_profit / revenue,core
AMZN,2024,Q1,quarterly,operating_margin,Operating Margin %,derived,0.10680817511321374,pure,operating_income / revenue,core
AMZN,2024,Q1,quarterly,net_margin,Net Margin %,derived,0.07278474388227167,pure,net_income / revenue,core
AMZN,2024,Q1,quarterly,effective_tax_rate,Effective Tax Rate,derived,0.1900177154740815,pure,income_tax_expense / pretax_income,important
AMZN,2024,Q1,quarterly,rd_intensity,R&D Intensity (R&D / Revenue),derived,,pure,research_development_expense / revenue,core
AMZN,2024,Q1,quarterly,sbc_pct_revenue,Stock-Based Comp % of Revenue,derived,0.034616538625246836,pure,stock_based_compensation / revenue,important
AMZN,2024,Q1,quarterly,capex_intensity,Capex Intensity (Capex / Revenue),derived,0.10414268070586757,pure,capital_expenditures / revenue,important
AMZN,2024,Q1,quarterly,free_cash_flow,Free Cash Flow (FCF),derived,4064000000,USD,net_cash_from_operating_activities - capital_expenditures,core
AMZN,2024,Q1,quarterly,fcf_margin,FCF Margin %,derived,0.028357511181818815,pure,free_cash_flow / revenue,core
AMZN,2024,Q1,quarterly,net_working_capital,Net Working Capital,derived,11024000000,USD,total_current_assets - total_current_liabilities,important
AMZN,2024,Q1,quarterly,total_debt,Total Debt,derived,66482000000,USD,short_term_debt + long_term_debt,core
AMZN,2024,Q1,quarterly,net_debt,Net Debt (Net Cash),derived,-18592000000,USD,total_debt - cash_and_cash_equivalents - short_term_investments,core
AMZN,2024,Q1,quarterly,tangible_book_value,Tangible Book Value,derived,193891000000,USD,total_stockholders_equity - goodwill - intangible_assets_net,optional
AMZN,2024,Q1,quarterly,book_value_per_share,Book Value Per Share,derived,,USD/shares,total_stockholders_equity / shares_outstanding,important
AMZN,2024,Q1,quarterly,inventory_days,Days Inventory Outstanding (DIO),derived,156.52189775997135,days,(inventory_net / cost_of_revenue) * 365,important
AMZN,2024,Q1,quarterly,days_sales_outstanding,Days Sales Outstanding (DSO),derived,121.65902604788121,days,(accounts_receivable_net / revenue) * 365,optional
AMZN,2024,Q1,quarterly,roe,Return on Equity,derived,0.048144336082636005,pure,net_income / total_stockholders_equity,important
AMZN,2024,Q1,quarterly,roa,Return on Assets,derived,0.019645214692383173,pure,net_income / total_assets,optional
AMZN,2024,Q1,quarterly,roic,Return on Invested Capital,derived,0.058958295073199676,pure,(operating_income * (1 - effective_tax_rate)) / (total_debt + total_stockholders_equity - cash_and_cash_equivalents),core
AMZN,2024,Q1,quarterly,revenue_yoy_growth,Revenue YoY Growth %,derived,,pure,(revenue - revenue_prior_year) / revenue_prior_year,core
AMZN,2024,Q1,quarterly,eps_yoy_growth,Diluted EPS YoY Growth %,derived,,pure,(eps_diluted - eps_diluted_prior_year) / eps_diluted_prior_year,important
AMZN,2024,Q1,quarterly,diluted_share_count_change,YoY Diluted Share Count Change,derived,,pure,(weighted_avg_shares_diluted / weighted_avg_shares_diluted_prior_year) - 1,optional
AMZN,2024,Q1,quarterly,deferred_revenue_total,Total Deferred Revenue,derived,22327000000,USD,deferred_revenue_current + deferred_revenue_noncurrent,important
AMZN,2024,Q1,quarterly,segment_revenue_mix_pct,Segment Revenue Mix %,derived,,pure,segment_revenue / revenue,important
AMZN,2024,Q2,quarterly,gross_profit_derived,Gross Profit (derived fallback),derived,74192000000,USD,revenue - cost_of_revenue,important
AMZN,2024,Q2,quarterly,gross_margin,Gross Margin %,derived,0.501375213715645,pure,gross_profit / revenue,core
AMZN,2024,Q2,quarterly,operating_margin,Operating Margin %,derived,0.09915054366556965,pure,operating_income / revenue,core
AMZN,2024,Q2,quarterly,net_margin,Net Margin %,derived,0.0911290268082202,pure,net_income / revenue,core
AMZN,2024,Q2,quarterly,effective_tax_rate,Effective Tax Rate,derived,0.11590685470646113,pure,income_tax_expense / pretax_income,important
AMZN,2024,Q2,quarterly,rd_intensity,R&D Intensity (R&D / Revenue),derived,,pure,research_development_expense / revenue,core
AMZN,2024,Q2,quarterly,sbc_pct_revenue,Stock-Based Comp % of Revenue,derived,0.045425978361502126,pure,stock_based_compensation / revenue,important
AMZN,2024,Q2,quarterly,capex_intensity,Capex Intensity (Capex / Revenue),derived,0.1190725585732918,pure,capital_expenditures / revenue,important
AMZN,2024,Q2,quarterly,free_cash_flow,Free Cash Flow (FCF),derived,7661000000,USD,net_cash_from_operating_activities - capital_expenditures,core
AMZN,2024,Q2,quarterly,fcf_margin,FCF Margin %,derived,0.05177155909364293,pure,free_cash_flow / revenue,core
AMZN,2024,Q2,quarterly,net_working_capital,Net Working Capital,derived,15135000000,USD,total_current_assets - total_current_liabilities,important
AMZN,2024,Q2,quarterly,total_debt,Total Debt,derived,62318000000,USD,short_term_debt + long_term_debt,core
AMZN,2024,Q2,quarterly,net_debt,Net Debt (Net Cash),derived,-26774000000,USD,total_debt - cash_and_cash_equivalents - short_term_investments,core
AMZN,2024,Q2,quarterly,tangible_book_value,Tangible Book Value,derived,213568000000,USD,total_stockholders_equity - goodwill - intangible_assets_net,optional
AMZN,2024,Q2,quarterly,book_value_per_share,Book Value Per Share,derived,,USD/shares,total_stockholders_equity / shares_outstanding,important
AMZN,2024,Q2,quarterly,inventory_days,Days Inventory Outstanding (DIO),derived,168.73056854374195,days,(inventory_net / cost_of_revenue) * 365,important
AMZN,2024,Q2,quarterly,days_sales_outstanding,Days Sales Outstanding (DSO),derived,123.59143650702474,days,(accounts_receivable_net / revenue) * 365,optional
AMZN,2024,Q2,quarterly,roe,Return on Equity,derived,0.05703180839680774,pure,net_income / total_stockholders_equity,important
AMZN,2024,Q2,quarterly,roa,Return on Assets,derived,0.024305267673363155,pure,net_income / total_assets,optional
AMZN,2024,Q2,quarterly,roic,Return on Invested Capital,derived,0.056995411107606336,pure,(operating_income * (1 - effective_tax_rate)) / (total_debt + total_stockholders_equity - cash_and_cash_equivalents),core
AMZN,2024,Q2,quarterly,revenue_yoy_growth,Revenue YoY Growth %,derived,,pure,(revenue - revenue_prior_year) / revenue_prior_year,core
AMZN,2024,Q2,quarterly,eps_yoy_growth,Diluted EPS YoY Growth %,derived,,pure,(eps_diluted - eps_diluted_prior_year) / eps_diluted_prior_year,important
AMZN,2024,Q2,quarterly,diluted_share_count_change,YoY Diluted Share Count Change,derived,,pure,(weighted_avg_shares_diluted / weighted_avg_shares_diluted_prior_year) - 1,optional
AMZN,2024,Q2,quarterly,deferred_revenue_total,Total Deferred Revenue,derived,22704000000,USD,deferred_revenue_current + deferred_revenue_noncurrent,important
AMZN,2024,Q2,quarterly,segment_revenue_mix_pct,Segment Revenue Mix %,derived,,pure,segment_revenue / revenue,important
AMZN,2024,Q3,quarterly,gross_profit_derived,Gross Profit (derived fallback),derived,77900000000,USD,revenue - cost_of_revenue,important
AMZN,2024,Q3,quarterly,gross_margin,Gross Margin %,derived,0.4903164082906903,pure,gross_profit / revenue,core
AMZN,2024,Q3,quarterly,operating_margin,Operating Margin %,derived,0.1095879202150091,pure,operating_income / revenue,core
AMZN,2024,Q3,quarterly,net_margin,Net Margin %,derived,0.09647714898946984,pure,net_income / revenue,core
AMZN,2024,Q3,quarterly,effective_tax_rate,Effective Tax Rate,derived,0.15002494871652713,pure,income_tax_expense / pretax_income,important
AMZN,2024,Q3,quarterly,rd_intensity,R&D Intensity (R&D / Revenue),derived,,pure,research_development_expense / revenue,core
AMZN,2024,Q3,quarterly,sbc_pct_revenue,Stock-Based Comp % of Revenue,derived,0.033566847309553935,pure,stock_based_compensation / revenue,important
AMZN,2024,Q3,quarterly,capex_intensity,Capex Intensity (Capex / Revenue),derived,0.14237428954474216,pure,capital_expenditures / revenue,important
AMZN,2024,Q3,quarterly,free_cash_flow,Free Cash Flow (FCF),derived,3351000000,USD,net_cash_from_operating_activities - capital_expenditures,core
AMZN,2024,Q3,quarterly,fcf_margin,FCF Margin %,derived,0.02109178798693329,pure,free_cash_flow / revenue,core
AMZN,2024,Q3,quarterly,net_working_capital,Net Working Capital,derived,14315000000,USD,total_current_assets - total_current_liabilities,important
AMZN,2024,Q3,quarterly,total_debt,Total Debt,derived,60138000000,USD,short_term_debt + long_term_debt,core
AMZN,2024,Q3,quarterly,net_debt,Net Debt (Net Cash),derived,-27913000000,USD,total_debt - cash_and_cash_equivalents - short_term_investments,core
AMZN,2024,Q3,quarterly,tangible_book_value,Tangible Book Value,derived,236070000000,USD,total_stockholders_equity - goodwill - intangible_assets_net,optional
AMZN,2024,Q3,quarterly,book_value_per_share,Book Value Per Share,derived,,USD/shares,total_stockholders_equity / shares_outstanding,important
AMZN,2024,Q3,quarterly,inventory_days,Days Inventory Outstanding (DIO),derived,162.73256603726983,days,(inventory_net / cost_of_revenue) * 365,important
AMZN,2024,Q3,quarterly,days_sales_outstanding,Days Sales Outstanding (DSO),derived,118.63183468972852,days,(accounts_receivable_net / revenue) * 365,optional
AMZN,2024,Q3,quarterly,roe,Return on Equity,derived,0.05914698380480878,pure,net_income / total_stockholders_equity,important
AMZN,2024,Q3,quarterly,roa,Return on Assets,derived,0.026218471296179095,pure,net_income / total_assets,optional
AMZN,2024,Q3,quarterly,roic,Return on Invested Capital,derived,0.060602116388735965,pure,(operating_income * (1 - effective_tax_rate)) / (total_debt + total_stockholders_equity - cash_and_cash_equivalents),core
AMZN,2024,Q3,quarterly,revenue_yoy_growth,Revenue YoY Growth %,derived,,pure,(revenue - revenue_prior_year) / revenue_prior_year,core
AMZN,2024,Q3,quarterly,eps_yoy_growth,Diluted EPS YoY Growth %,derived,,pure,(eps_diluted - eps_diluted_prior_year) / eps_diluted_prior_year,important
AMZN,2024,Q3,quarterly,diluted_share_count_change,YoY Diluted Share Count Change,derived,,pure,(weighted_avg_shares_diluted / weighted_avg_shares_diluted_prior_year) - 1,optional
AMZN,2024,Q3,quarterly,deferred_revenue_total,Total Deferred Revenue,derived,23305000000,USD,deferred_revenue_current + deferred_revenue_noncurrent,important
AMZN,2024,Q3,quarterly,segment_revenue_mix_pct,Segment Revenue Mix %,derived,,pure,segment_revenue / revenue,important
AMZN,2024,FY,annual,gross_profit_derived,Gross Profit (derived fallback),derived,311671000000,USD,revenue - cost_of_revenue,important
AMZN,2024,FY,annual,gross_margin,Gross Margin %,derived,0.48854393464156787,pure,gross_profit / revenue,core
AMZN,2024,FY,annual,operating_margin,Operating Margin %,derived,0.1075194487420038,pure,operating_income / revenue,core
AMZN,2024,FY,annual,net_margin,Net Margin %,derived,0.09287117197186653,pure,net_income / revenue,core
AMZN,2024,FY,annual,effective_tax_rate,Effective Tax Rate,derived,0.13503075174162707,pure,income_tax_expense / pretax_income,important
AMZN,2024,FY,annual,rd_intensity,R&D Intensity (R&D / Revenue),derived,,pure,research_development_expense / revenue,core
AMZN,2024,FY,annual,sbc_pct_revenue,Stock-Based Comp % of Revenue,derived,0.03450221722712588,pure,stock_based_compensation / revenue,important
AMZN,2024,FY,annual,capex_intensity,Capex Intensity (Capex / Revenue),derived,0.13010083720113674,pure,capital_expenditures / revenue,important
AMZN,2024,FY,annual,free_cash_flow,Free Cash Flow (FCF),derived,32878000000,USD,net_cash_from_operating_activities - capital_expenditures,core
AMZN,2024,FY,annual,fcf_margin,FCF Margin %,derived,0.05153622724971354,pure,free_cash_flow / revenue,core
AMZN,2024,FY,annual,net_working_capital,Net Working Capital,derived,11436000000,USD,total_current_assets - total_current_liabilities,important
AMZN,2024,FY,annual,total_debt,Total Debt,derived,57640000000,USD,short_term_debt + long_term_debt,core
AMZN,2024,FY,annual,net_debt,Net Debt (Net Cash),derived,-43562000000,USD,total_debt - cash_and_cash_equivalents - short_term_investments,core
AMZN,2024,FY,annual,tangible_book_value,Tangible Book Value,derived,254294000000,USD,total_stockholders_equity - goodwill - intangible_assets_net,optional
AMZN,2024,FY,annual,book_value_per_share,Book Value Per Share,derived,,USD/shares,total_stockholders_equity / shares_outstanding,important
AMZN,2024,FY,annual,inventory_days,Days Inventory Outstanding (DIO),derived,38.27327391752072,days,(inventory_net / cost_of_revenue) * 365,important
AMZN,2024,FY,annual,days_sales_outstanding,Days Sales Outstanding (DSO),derived,31.72557327351758,days,(accounts_receivable_net / revenue) * 365,optional
AMZN,2024,FY,annual,roe,Return on Equity,derived,0.2071825715984194,pure,net_income / total_stockholders_equity,important
AMZN,2024,FY,annual,roa,Return on Assets,derived,0.09481288026449286,pure,net_income / total_assets,optional
AMZN,2024,FY,annual,roic,Return on Invested Capital,derived,0.22403281959357693,pure,(operating_income * (1 - effective_tax_rate)) / (total_debt + total_stockholders_equity - cash_and_cash_equivalents),core
AMZN,2024,FY,annual,revenue_yoy_growth,Revenue YoY Growth %,derived,,pure,(revenue - revenue_prior_year) / revenue_prior_year,core
AMZN,2024,FY,annual,eps_yoy_growth,Diluted EPS YoY Growth %,derived,,pure,(eps_diluted - eps_diluted_prior_year) / eps_diluted_prior_year,important
AMZN,2024,FY,annual,diluted_share_count_change,YoY Diluted Share Count Change,derived,,pure,(weighted_avg_shares_diluted / weighted_avg_shares_diluted_prior_year) - 1,optional
AMZN,2024,FY,annual,deferred_revenue_total,Total Deferred Revenue,derived,24603000000,USD,deferred_revenue_current + deferred_revenue_noncurrent,important
AMZN,2024,FY,annual,segment_revenue_mix_pct,Segment Revenue Mix %,derived,,pure,segment_revenue / revenue,important
AMZN,2025,Q1,quarterly,gross_profit_derived,Gross Profit (derived fallback),derived,78691000000,USD,revenue - cost_of_revenue,important
AMZN,2025,Q1,quarterly,gross_margin,Gross Margin %,derived,0.5055085535148747,pure,gross_profit / revenue,core
AMZN,2025,Q1,quarterly,operating_margin,Operating Margin %,derived,0.11823315153500742,pure,operating_income / revenue,core
AMZN,2025,Q1,quarterly,net_margin,Net Margin %,derived,0.1100233190078822,pure,net_income / revenue,core
AMZN,2025,Q1,quarterly,effective_tax_rate,Effective Tax Rate,derived,0.21001891231145348,pure,income_tax_expense / pretax_income,important
AMZN,2025,Q1,quarterly,rd_intensity,R&D Intensity (R&D / Revenue),derived,,pure,research_development_expense / revenue,core
AMZN,2025,Q1,quarterly,sbc_pct_revenue,Stock-Based Comp % of Revenue,derived,0.023698022059909937,pure,stock_based_compensation / revenue,important
AMZN,2025,Q1,quarterly,capex_intensity,Capex Intensity (Capex / Revenue),derived,0.16072128325207014,pure,capital_expenditures / revenue,important
AMZN,2025,Q1,quarterly,free_cash_flow,Free Cash Flow (FCF),derived,-8004000000,USD,net_cash_from_operating_activities - capital_expenditures,core
AMZN,2025,Q1,quarterly,fcf_margin,FCF Margin %,derived,-0.05141744878490624,pure,free_cash_flow / revenue,core
AMZN,2025,Q1,quarterly,net_working_capital,Net Working Capital,derived,8474000000,USD,total_current_assets - total_current_liabilities,important
AMZN,2025,Q1,quarterly,total_debt,Total Debt,derived,58388000000,USD,short_term_debt + long_term_debt,core
AMZN,2025,Q1,quarterly,net_debt,Net Debt (Net Cash),derived,-36177000000,USD,total_debt - cash_and_cash_equivalents - short_term_investments,core
AMZN,2025,Q1,quarterly,tangible_book_value,Tangible Book Value,derived,282778000000,USD,total_stockholders_equity - goodwill - intangible_assets_net,optional
AMZN,2025,Q1,quarterly,book_value_per_share,Book Value Per Share,derived,,USD/shares,total_stockholders_equity / shares_outstanding,important
AMZN,2025,Q1,quarterly,inventory_days,Days Inventory Outstanding (DIO),derived,170.05768031594263,days,(inventory_net / cost_of_revenue) * 365,important
AMZN,2025,Q1,quarterly,days_sales_outstanding,Days Sales Outstanding (DSO),derived,127.12289695311145,days,(accounts_receivable_net / revenue) * 365,optional
AMZN,2025,Q1,quarterly,roe,Return on Equity,derived,0.055994925899165326,pure,net_income / total_stockholders_equity,important
AMZN,2025,Q1,quarterly,roa,Return on Assets,derived,0.026625480368624624,pure,net_income / total_assets,optional
AMZN,2025,Q1,quarterly,roic,Return on Invested Capital,derived,0.04878275284151445,pure,(operating_income * (1 - effective_tax_rate)) / (total_debt + total_stockholders_equity - cash_and_cash_equivalents),core
AMZN,2025,Q1,quarterly,revenue_yoy_growth,Revenue YoY Growth %,derived,0.08620292646166083,pure,(revenue - revenue_prior_year) / revenue_prior_year,core
AMZN,2025,Q1,quarterly,eps_yoy_growth,Diluted EPS YoY Growth %,derived,0.6224489795918369,pure,(eps_diluted - eps_diluted_prior_year) / eps_diluted_prior_year,important
AMZN,2025,Q1,quarterly,diluted_share_count_change,YoY Diluted Share Count Change,derived,0.011527647610121816,pure,(weighted_avg_shares_diluted / weighted_avg_shares_diluted_prior_year) - 1,optional
AMZN,2025,Q1,quarterly,deferred_revenue_total,Total Deferred Revenue,derived,25499000000,USD,deferred_revenue_current + deferred_revenue_noncurrent,important
AMZN,2025,Q1,quarterly,segment_revenue_mix_pct,Segment Revenue Mix %,derived,,pure,segment_revenue / revenue,important
AMZN,2025,Q2,quarterly,gross_profit_derived,Gross Profit (derived fallback),derived,86893000000,USD,revenue - cost_of_revenue,important
AMZN,2025,Q2,quarterly,gross_margin,Gross Margin %,derived,0.5181393185531479,pure,gross_profit / revenue,core
AMZN,2025,Q2,quarterly,operating_margin,Operating Margin %,derived,0.11431586981669867,pure,operating_income / revenue,core
AMZN,2025,Q2,quarterly,net_margin,Net Margin %,derived,0.10831117100571251,pure,net_income / revenue,core
AMZN,2025,Q2,quarterly,effective_tax_rate,Effective Tax Rate,derived,0.1283981397132857,pure,income_tax_expense / pretax_income,important
AMZN,2025,Q2,quarterly,rd_intensity,R&D Intensity (R&D / Revenue),derived,,pure,research_development_expense / revenue,core
AMZN,2025,Q2,quarterly,sbc_pct_revenue,Stock-Based Comp % of Revenue,derived,0.038961968253211056,pure,stock_based_compensation / revenue,important
AMZN,2025,Q2,quarterly,capex_intensity,Capex Intensity (Capex / Revenue),derived,0.1919058806692824,pure,capital_expenditures / revenue,important
AMZN,2025,Q2,quarterly,free_cash_flow,Free Cash Flow (FCF),derived,332000000,USD,net_cash_from_operating_activities - capital_expenditures,core
AMZN,2025,Q2,quarterly,fcf_margin,FCF Margin %,derived,0.0019797020906131115,pure,free_cash_flow / revenue,core
AMZN,2025,Q2,quarterly,net_working_capital,Net Working Capital,derived,4499000000,USD,total_current_assets - total_current_liabilities,important
AMZN,2025,Q2,quarterly,total_debt,Total Debt,derived,55723000000,USD,short_term_debt + long_term_debt,core
AMZN,2025,Q2,quarterly,net_debt,Net Debt (Net Cash),derived,-37457000000,USD,total_debt - cash_and_cash_equivalents - short_term_investments,core
AMZN,2025,Q2,quarterly,tangible_book_value,Tangible Book Value,derived,310620000000,USD,total_stockholders_equity - goodwill - intangible_assets_net,optional
AMZN,2025,Q2,quarterly,book_value_per_share,Book Value Per Share,derived,,USD/shares,total_stockholders_equity / shares_outstanding,important
AMZN,2025,Q2,quarterly,inventory_days,Days Inventory Outstanding (DIO),derived,184.39932433268572,days,(inventory_net / cost_of_revenue) * 365,important
AMZN,2025,Q2,quarterly,days_sales_outstanding,Days Sales Outstanding (DSO),derived,124.96258243789579,days,(accounts_receivable_net / revenue) * 365,optional
AMZN,2025,Q2,quarterly,roe,Return on Equity,derived,0.054419893640925775,pure,net_income / total_stockholders_equity,important
AMZN,2025,Q2,quarterly,roa,Return on Assets,derived,0.02662679390767697,pure,net_income / total_assets,optional
AMZN,2025,Q2,quarterly,roic,Return on Invested Capital,derived,0.05036662154395114,pure,(operating_income * (1 - effective_tax_rate)) / (total_debt + total_stockholders_equity - cash_and_cash_equivalents),core
AMZN,2025,Q2,quarterly,revenue_yoy_growth,Revenue YoY Growth %,derived,0.13329774221669582,pure,(revenue - revenue_prior_year) / revenue_prior_year,core
AMZN,2025,Q2,quarterly,eps_yoy_growth,Diluted EPS YoY Growth %,derived,0.33333333333333326,pure,(eps_diluted - eps_diluted_prior_year) / eps_diluted_prior_year,important
AMZN,2025,Q2,quarterly,diluted_share_count_change,YoY Diluted Share Count Change,derived,0.00915203586103841,pure,(weighted_avg_shares_diluted / weighted_avg_shares_diluted_prior_year) - 1,optional
AMZN,2025,Q2,quarterly,deferred_revenue_total,Total Deferred Revenue,derived,25962000000,USD,deferred_revenue_current + deferred_revenue_noncurrent,important
AMZN,2025,Q2,quarterly,segment_revenue_mix_pct,Segment Revenue Mix %,derived,,pure,segment_revenue / revenue,important
AMZN,2025,Q3,quarterly,gross_profit_derived,Gross Profit (derived fallback),derived,91499000000,USD,revenue - cost_of_revenue,important
AMZN,2025,Q3,quarterly,gross_margin,Gross Margin %,derived,0.5078509621522015,pure,gross_profit / revenue,core
AMZN,2025,Q3,quarterly,operating_margin,Operating Margin %,derived,0.09669810011711227,pure,operating_income / revenue,core
AMZN,2025,Q3,quarterly,net_margin,Net Margin %,derived,0.11759514677885763,pure,net_income / revenue,core
AMZN,2025,Q3,quarterly,effective_tax_rate,Effective Tax Rate,derived,0.2452964146254881,pure,income_tax_expense / pretax_income,important
AMZN,2025,Q3,quarterly,rd_intensity,R&D Intensity (R&D / Revenue),derived,,pure,research_development_expense / revenue,core
AMZN,2025,Q3,quarterly,sbc_pct_revenue,Stock-Based Comp % of Revenue,derived,0.026902519301322647,pure,stock_based_compensation / revenue,important
AMZN,2025,Q3,quarterly,capex_intensity,Capex Intensity (Capex / Revenue),derived,0.1947893366783409,pure,capital_expenditures / revenue,important
AMZN,2025,Q3,quarterly,free_cash_flow,Free Cash Flow (FCF),derived,430000000,USD,net_cash_from_operating_activities - capital_expenditures,core
AMZN,2025,Q3,quarterly,fcf_margin,FCF Margin %,derived,0.0023866480915140783,pure,free_cash_flow / revenue,core
AMZN,2025,Q3,quarterly,net_working_capital,Net Working Capital,derived,1670000000,USD,total_current_assets - total_current_liabilities,important
AMZN,2025,Q3,quarterly,total_debt,Total Debt,derived,54739000000,USD,short_term_debt + long_term_debt,core
AMZN,2025,Q3,quarterly,net_debt,Net Debt (Net Cash),derived,-39458000000,USD,total_debt - cash_and_cash_equivalents - short_term_investments,core
AMZN,2025,Q3,quarterly,tangible_book_value,Tangible Book Value,derived,346371000000,USD,total_stockholders_equity - goodwill - intangible_assets_net,optional
AMZN,2025,Q3,quarterly,book_value_per_share,Book Value Per Share,derived,,USD/shares,total_stockholders_equity / shares_outstanding,important
AMZN,2025,Q3,quarterly,inventory_days,Days Inventory Outstanding (DIO),derived,170.80534566369684,days,(inventory_net / cost_of_revenue) * 365,important
AMZN,2025,Q3,quarterly,days_sales_outstanding,Days Sales Outstanding (DSO),derived,123.93294628931726,days,(accounts_receivable_net / revenue) * 365,optional
AMZN,2025,Q3,quarterly,roe,Return on Equity,derived,0.05731932657163495,pure,net_income / total_stockholders_equity,important
AMZN,2025,Q3,quarterly,roa,Return on Assets,derived,0.029106180478376088,pure,net_income / total_assets,optional
AMZN,2025,Q3,quarterly,roic,Return on Invested Capital,derived,0.036784219982752026,pure,(operating_income * (1 - effective_tax_rate)) / (total_debt + total_stockholders_equity - cash_and_cash_equivalents),core
AMZN,2025,Q3,quarterly,revenue_yoy_growth,Revenue YoY Growth %,derived,0.13401562214795093,pure,(revenue - revenue_prior_year) / revenue_prior_year,core
AMZN,2025,Q3,quarterly,eps_yoy_growth,Diluted EPS YoY Growth %,derived,0.36363636363636365,pure,(eps_diluted - eps_diluted_prior_year) / eps_diluted_prior_year,important
AMZN,2025,Q3,quarterly,diluted_share_count_change,YoY Diluted Share Count Change,derived,0.010246856078248712,pure,(weighted_avg_shares_diluted / weighted_avg_shares_diluted_prior_year) - 1,optional
AMZN,2025,Q3,quarterly,deferred_revenue_total,Total Deferred Revenue,derived,25213000000,USD,deferred_revenue_current + deferred_revenue_noncurrent,important
AMZN,2025,Q3,quarterly,segment_revenue_mix_pct,Segment Revenue Mix %,derived,,pure,segment_revenue / revenue,important
AMZN,2025,FY,annual,gross_profit_derived,Gross Profit (derived fallback),derived,360510000000,USD,revenue - cost_of_revenue,important
AMZN,2025,FY,annual,gross_margin,Gross Margin %,derived,0.5028566486824266,pure,gross_profit / revenue,core
AMZN,2025,FY,annual,operating_margin,Operating Margin %,derived,0.11155296795755199,pure,operating_income / revenue,core
AMZN,2025,FY,annual,net_margin,Net Margin %,derived,0.10833784334183261,pure,net_income / revenue,core
AMZN,2025,FY,annual,effective_tax_rate,Effective Tax Rate,derived,0.19614432078593375,pure,income_tax_expense / pretax_income,important
AMZN,2025,FY,annual,rd_intensity,R&D Intensity (R&D / Revenue),derived,,pure,research_development_expense / revenue,core
AMZN,2025,FY,annual,sbc_pct_revenue,Stock-Based Comp % of Revenue,derived,0.027153505810936725,pure,stock_based_compensation / revenue,important
AMZN,2025,FY,annual,capex_intensity,Capex Intensity (Capex / Revenue),derived,0.18386746712343288,pure,capital_expenditures / revenue,important
AMZN,2025,FY,annual,free_cash_flow,Free Cash Flow (FCF),derived,7695000000,USD,net_cash_from_operating_activities - capital_expenditures,core
AMZN,2025,FY,annual,fcf_margin,FCF Margin %,derived,0.010733355278941701,pure,free_cash_flow / revenue,core
AMZN,2025,FY,annual,net_working_capital,Net Working Capital,derived,11078000000,USD,total_current_assets - total_current_liabilities,important
AMZN,2025,FY,annual,total_debt,Total Debt,derived,68396000000,USD,short_term_debt + long_term_debt,core
AMZN,2025,FY,annual,net_debt,Net Debt (Net Cash),derived,-54633000000,USD,total_debt - cash_and_cash_equivalents - short_term_investments,core
AMZN,2025,FY,annual,tangible_book_value,Tangible Book Value,derived,378595000000,USD,total_stockholders_equity - goodwill - intangible_assets_net,optional
AMZN,2025,FY,annual,book_value_per_share,Book Value Per Share,derived,,USD/shares,total_stockholders_equity / shares_outstanding,important
AMZN,2025,FY,annual,inventory_days,Days Inventory Outstanding (DIO),derived,39.24824782415954,days,(inventory_net / cost_of_revenue) * 365,important
AMZN,2025,FY,annual,days_sales_outstanding,Days Sales Outstanding (DSO),derived,34.482155709670764,days,(accounts_receivable_net / revenue) * 365,optional
AMZN,2025,FY,annual,roe,Return on Equity,derived,0.1889482198679041,pure,net_income / total_stockholders_equity,important
AMZN,2025,FY,annual,roa,Return on Assets,derived,0.09494622525493801,pure,net_income / total_assets,optional
AMZN,2025,FY,annual,roic,Return on Invested Capital,derived,0.16372900602607646,pure,(operating_income * (1 - effective_tax_rate)) / (total_debt + total_stockholders_equity - cash_and_cash_equivalents),core
AMZN,2025,FY,annual,revenue_yoy_growth,Revenue YoY Growth %,derived,0.12377754683294695,pure,(revenue - revenue_prior_year) / revenue_prior_year,core
AMZN,2025,FY,annual,eps_yoy_growth,Diluted EPS YoY Growth %,derived,0.29656419529837247,pure,(eps_diluted - eps_diluted_prior_year) / eps_diluted_prior_year,important
AMZN,2025,FY,annual,diluted_share_count_change,YoY Diluted Share Count Change,derived,0.009887137393899792,pure,(weighted_avg_shares_diluted / weighted_avg_shares_diluted_prior_year) - 1,optional
AMZN,2025,FY,annual,deferred_revenue_total,Total Deferred Revenue,derived,24976000000,USD,deferred_revenue_current + deferred_revenue_noncurrent,important
AMZN,2025,FY,annual,segment_revenue_mix_pct,Segment Revenue Mix %,derived,,pure,segment_revenue / revenue,important
AMZN,2026,Q1,quarterly,gross_profit_derived,Gross Profit (derived fallback),derived,94056000000,USD,revenue - cost_of_revenue,important
AMZN,2026,Q1,quarterly,gross_margin,Gross Margin %,derived,0.5181606333221316,pure,gross_profit / revenue,core
AMZN,2026,Q1,quarterly,operating_margin,Operating Margin %,derived,0.13140222235688825,pure,operating_income / revenue,core
AMZN,2026,Q1,quarterly,net_margin,Net Margin %,derived,0.16667676661947234,pure,net_income / revenue,core
AMZN,2026,Q1,quarterly,effective_tax_rate,Effective Tax Rate,derived,0.23999598333082292,pure,income_tax_expense / pretax_income,important
AMZN,2026,Q1,quarterly,rd_intensity,R&D Intensity (R&D / Revenue),derived,,pure,research_development_expense / revenue,core
AMZN,2026,Q1,quarterly,sbc_pct_revenue,Stock-Based Comp % of Revenue,derived,0.022212550752262847,pure,stock_based_compensation / revenue,important
AMZN,2026,Q1,quarterly,capex_intensity,Capex Intensity (Capex / Revenue),derived,0.2435172075650483,pure,capital_expenditures / revenue,important
AMZN,2026,Q1,quarterly,free_cash_flow,Free Cash Flow (FCF),derived,-18171000000,USD,net_cash_from_operating_activities - capital_expenditures,core
AMZN,2026,Q1,quarterly,fcf_margin,FCF Margin %,derived,-0.10010522314468458,pure,free_cash_flow / revenue,core
AMZN,2026,Q1,quarterly,net_working_capital,Net Working Capital,derived,38399000000,USD,total_current_assets - total_current_liabilities,important
AMZN,2026,Q1,quarterly,total_debt,Total Debt,derived,121906000000,USD,short_term_debt + long_term_debt,core
AMZN,2026,Q1,quarterly,net_debt,Net Debt (Net Cash),derived,-21183000000,USD,total_debt - cash_and_cash_equivalents - short_term_investments,core
AMZN,2026,Q1,quarterly,tangible_book_value,Tangible Book Value,derived,418465000000,USD,total_stockholders_equity - goodwill - intangible_assets_net,optional
AMZN,2026,Q1,quarterly,book_value_per_share,Book Value Per Share,derived,,USD/shares,total_stockholders_equity / shares_outstanding,important
AMZN,2026,Q1,quarterly,inventory_days,Days Inventory Outstanding (DIO),derived,152.46344168391207,days,(inventory_net / cost_of_revenue) * 365,important
AMZN,2026,Q1,quarterly,days_sales_outstanding,Days Sales Outstanding (DSO),derived,151.8804092133606,days,(accounts_receivable_net / revenue) * 365,optional
AMZN,2026,Q1,quarterly,roe,Return on Equity,derived,0.06846354720601747,pure,net_income / total_stockholders_equity,important
AMZN,2026,Q1,quarterly,roa,Return on Assets,derived,0.033006774816447204,pure,net_income / total_assets,optional
AMZN,2026,Q1,quarterly,roic,Return on Invested Capital,derived,0.039236923934843015,pure,(operating_income * (1 - effective_tax_rate)) / (total_debt + total_stockholders_equity - cash_and_cash_equivalents),core
AMZN,2026,Q1,quarterly,revenue_yoy_growth,Revenue YoY Growth %,derived,0.16607244952366268,pure,(revenue - revenue_prior_year) / revenue_prior_year,core
AMZN,2026,Q1,quarterly,eps_yoy_growth,Diluted EPS YoY Growth %,derived,0.7484276729559747,pure,(eps_diluted - eps_diluted_prior_year) / eps_diluted_prior_year,important
AMZN,2026,Q1,quarterly,diluted_share_count_change,YoY Diluted Share Count Change,derived,0.007504864263874644,pure,(weighted_avg_shares_diluted / weighted_avg_shares_diluted_prior_year) - 1,optional
AMZN,2026,Q1,quarterly,deferred_revenue_total,Total Deferred Revenue,derived,25287000000,USD,deferred_revenue_current + deferred_revenue_noncurrent,important
AMZN,2026,Q1,quarterly,segment_revenue_mix_pct,Segment Revenue Mix %,derived,,pure,segment_revenue / revenue,important
AMZN,2026,FY,annual,gross_profit_derived,Gross Profit (derived fallback),derived,,USD,revenue - cost_of_revenue,important
AMZN,2026,FY,annual,gross_margin,Gross Margin %,derived,,pure,gross_profit / revenue,core
AMZN,2026,FY,annual,operating_margin,Operating Margin %,derived,,pure,operating_income / revenue,core
AMZN,2026,FY,annual,net_margin,Net Margin %,derived,,pure,net_income / revenue,core
AMZN,2026,FY,annual,effective_tax_rate,Effective Tax Rate,derived,,pure,income_tax_expense / pretax_income,important
AMZN,2026,FY,annual,rd_intensity,R&D Intensity (R&D / Revenue),derived,,pure,research_development_expense / revenue,core
AMZN,2026,FY,annual,sbc_pct_revenue,Stock-Based Comp % of Revenue,derived,,pure,stock_based_compensation / revenue,important
AMZN,2026,FY,annual,capex_intensity,Capex Intensity (Capex / Revenue),derived,,pure,capital_expenditures / revenue,important
AMZN,2026,FY,annual,free_cash_flow,Free Cash Flow (FCF),derived,-2472000000,USD,net_cash_from_operating_activities - capital_expenditures,core
AMZN,2026,FY,annual,fcf_margin,FCF Margin %,derived,,pure,free_cash_flow / revenue,core
AMZN,2026,FY,annual,net_working_capital,Net Working Capital,derived,,USD,total_current_assets - total_current_liabilities,important
AMZN,2026,FY,annual,total_debt,Total Debt,derived,,USD,short_term_debt + long_term_debt,core
AMZN,2026,FY,annual,net_debt,Net Debt (Net Cash),derived,,USD,total_debt - cash_and_cash_equivalents - short_term_investments,core
AMZN,2026,FY,annual,tangible_book_value,Tangible Book Value,derived,,USD,total_stockholders_equity - goodwill - intangible_assets_net,optional
AMZN,2026,FY,annual,book_value_per_share,Book Value Per Share,derived,,USD/shares,total_stockholders_equity / shares_outstanding,important
AMZN,2026,FY,annual,inventory_days,Days Inventory Outstanding (DIO),derived,,days,(inventory_net / cost_of_revenue) * 365,important
AMZN,2026,FY,annual,days_sales_outstanding,Days Sales Outstanding (DSO),derived,,days,(accounts_receivable_net / revenue) * 365,optional
AMZN,2026,FY,annual,roe,Return on Equity,derived,,pure,net_income / total_stockholders_equity,important
AMZN,2026,FY,annual,roa,Return on Assets,derived,,pure,net_income / total_assets,optional
AMZN,2026,FY,annual,roic,Return on Invested Capital,derived,,pure,(operating_income * (1 - effective_tax_rate)) / (total_debt + total_stockholders_equity - cash_and_cash_equivalents),core
AMZN,2026,FY,annual,revenue_yoy_growth,Revenue YoY Growth %,derived,,pure,(revenue - revenue_prior_year) / revenue_prior_year,core
AMZN,2026,FY,annual,eps_yoy_growth,Diluted EPS YoY Growth %,derived,,pure,(eps_diluted - eps_diluted_prior_year) / eps_diluted_prior_year,important
AMZN,2026,FY,annual,diluted_share_count_change,YoY Diluted Share Count Change,derived,,pure,(weighted_avg_shares_diluted / weighted_avg_shares_diluted_prior_year) - 1,optional
AMZN,2026,FY,annual,deferred_revenue_total,Total Deferred Revenue,derived,0,USD,deferred_revenue_current + deferred_revenue_noncurrent,important
AMZN,2026,FY,annual,segment_revenue_mix_pct,Segment Revenue Mix %,derived,,pure,segment_revenue / revenue,important
TSLA,2023,Q1,quarterly,gross_profit_derived,Gross Profit (derived fallback),derived,4511000000,USD,revenue - cost_of_revenue,important
TSLA,2023,Q1,quarterly,gross_margin,Gross Margin %,derived,0.19336448197522396,pure,gross_profit / revenue,core
TSLA,2023,Q1,quarterly,operating_margin,Operating Margin %,derived,0.11419263577521539,pure,operating_income / revenue,core
TSLA,2023,Q1,quarterly,net_margin,Net Margin %,derived,0.10772000514381243,pure,net_income / revenue,core
TSLA,2023,Q1,quarterly,effective_tax_rate,Effective Tax Rate,derived,0.09321428571428571,pure,income_tax_expense / pretax_income,important
TSLA,2023,Q1,quarterly,rd_intensity,R&D Intensity (R&D / Revenue),derived,0.03304899481332248,pure,research_development_expense / revenue,core
TSLA,2023,Q1,quarterly,sbc_pct_revenue,Stock-Based Comp % of Revenue,derived,0.01791761327103605,pure,stock_based_compensation / revenue,important
TSLA,2023,Q1,quarterly,capex_intensity,Capex Intensity (Capex / Revenue),derived,0.0888164944918342,pure,capital_expenditures / revenue,important
TSLA,2023,Q1,quarterly,free_cash_flow,Free Cash Flow (FCF),derived,441000000,USD,net_cash_from_operating_activities - capital_expenditures,core
TSLA,2023,Q1,quarterly,fcf_margin,FCF Margin %,derived,0.018903510651978223,pure,free_cash_flow / revenue,core
TSLA,2023,Q1,quarterly,net_working_capital,Net Working Capital,derived,15561000000,USD,total_current_assets - total_current_liabilities,important
TSLA,2023,Q1,quarterly,total_debt,Total Debt,derived,1752000000,USD,short_term_debt + long_term_debt,core
TSLA,2023,Q1,quarterly,net_debt,Net Debt (Net Cash),derived,-20650000000,USD,total_debt - cash_and_cash_equivalents - short_term_investments,core
TSLA,2023,Q1,quarterly,tangible_book_value,Tangible Book Value,derived,47655000000,USD,total_stockholders_equity - goodwill - intangible_assets_net,optional
TSLA,2023,Q1,quarterly,book_value_per_share,Book Value Per Share,derived,,USD/shares,total_stockholders_equity / shares_outstanding,important
TSLA,2023,Q1,quarterly,inventory_days,Days Inventory Outstanding (DIO),derived,278.82213837814857,days,(inventory_net / cost_of_revenue) * 365,important
TSLA,2023,Q1,quarterly,days_sales_outstanding,Days Sales Outstanding (DSO),derived,46.82776801405975,days,(accounts_receivable_net / revenue) * 365,optional
TSLA,2023,Q1,quarterly,roe,Return on Equity,derived,0.052295334415449285,pure,net_income / total_stockholders_equity,important
TSLA,2023,Q1,quarterly,roa,Return on Assets,derived,0.028940610136699182,pure,net_income / total_assets,optional
TSLA,2023,Q1,quarterly,roic,Return on Invested Capital,derived,0.07155865699559047,pure,(operating_income * (1 - effective_tax_rate)) / (total_debt + total_stockholders_equity - cash_and_cash_equivalents),core
TSLA,2023,Q1,quarterly,revenue_yoy_growth,Revenue YoY Growth %,derived,,pure,(revenue - revenue_prior_year) / revenue_prior_year,core
TSLA,2023,Q1,quarterly,eps_yoy_growth,Diluted EPS YoY Growth %,derived,,pure,(eps_diluted - eps_diluted_prior_year) / eps_diluted_prior_year,important
TSLA,2023,Q1,quarterly,diluted_share_count_change,YoY Diluted Share Count Change,derived,,pure,(weighted_avg_shares_diluted / weighted_avg_shares_diluted_prior_year) - 1,optional
TSLA,2023,Q1,quarterly,deferred_revenue_total,Total Deferred Revenue,derived,4661000000,USD,deferred_revenue_current + deferred_revenue_noncurrent,important
TSLA,2023,Q1,quarterly,segment_revenue_mix_pct,Segment Revenue Mix %,derived,,pure,segment_revenue / revenue,important
TSLA,2023,Q2,quarterly,gross_profit_derived,Gross Profit (derived fallback),derived,4533000000,USD,revenue - cost_of_revenue,important
TSLA,2023,Q2,quarterly,gross_margin,Gross Margin %,derived,0.18185100493440848,pure,gross_profit / revenue,core
TSLA,2023,Q2,quarterly,operating_margin,Operating Margin %,derived,0.09624102378946524,pure,operating_income / revenue,core
TSLA,2023,Q2,quarterly,net_margin,Net Margin %,derived,0.10843663497412444,pure,net_income / revenue,core
TSLA,2023,Q2,quarterly,effective_tax_rate,Effective Tax Rate,derived,0.10997616615594144,pure,income_tax_expense / pretax_income,important
TSLA,2023,Q2,quarterly,rd_intensity,R&D Intensity (R&D / Revenue),derived,0.03783046495767642,pure,research_development_expense / revenue,core
TSLA,2023,Q2,quarterly,sbc_pct_revenue,Stock-Based Comp % of Revenue,derived,0.017852128214386007,pure,stock_based_compensation / revenue,important
TSLA,2023,Q2,quarterly,capex_intensity,Capex Intensity (Capex / Revenue),derived,,pure,capital_expenditures / revenue,important
TSLA,2023,Q2,quarterly,free_cash_flow,Free Cash Flow (FCF),derived,,USD,net_cash_from_operating_activities - capital_expenditures,core
TSLA,2023,Q2,quarterly,fcf_margin,FCF Margin %,derived,,pure,free_cash_flow / revenue,core
TSLA,2023,Q2,quarterly,net_working_capital,Net Working Capital,derived,16283000000,USD,total_current_assets - total_current_liabilities,important
TSLA,2023,Q2,quarterly,total_debt,Total Debt,derived,1519000000,USD,short_term_debt + long_term_debt,core
TSLA,2023,Q2,quarterly,net_debt,Net Debt (Net Cash),derived,-21556000000,USD,total_debt - cash_and_cash_equivalents - short_term_investments,core
TSLA,2023,Q2,quarterly,tangible_book_value,Tangible Book Value,derived,50665000000,USD,total_stockholders_equity - goodwill - intangible_assets_net,optional
TSLA,2023,Q2,quarterly,book_value_per_share,Book Value Per Share,derived,,USD/shares,total_stockholders_equity / shares_outstanding,important
TSLA,2023,Q2,quarterly,inventory_days,Days Inventory Outstanding (DIO),derived,256.93537314896537,days,(inventory_net / cost_of_revenue) * 365,important
TSLA,2023,Q2,quarterly,days_sales_outstanding,Days Sales Outstanding (DSO),derived,50.47358286195691,days,(accounts_receivable_net / revenue) * 365,optional
TSLA,2023,Q2,quarterly,roe,Return on Equity,derived,0.052865245452767454,pure,net_income / total_stockholders_equity,important
TSLA,2023,Q2,quarterly,roa,Return on Assets,derived,0.029837401066331093,pure,net_income / total_assets,optional
TSLA,2023,Q2,quarterly,roic,Return on Invested Capital,derived,0.05716186591149028,pure,(operating_income * (1 - effective_tax_rate)) / (total_debt + total_stockholders_equity - cash_and_cash_equivalents),core
TSLA,2023,Q2,quarterly,revenue_yoy_growth,Revenue YoY Growth %,derived,,pure,(revenue - revenue_prior_year) / revenue_prior_year,core
TSLA,2023,Q2,quarterly,eps_yoy_growth,Diluted EPS YoY Growth %,derived,,pure,(eps_diluted - eps_diluted_prior_year) / eps_diluted_prior_year,important
TSLA,2023,Q2,quarterly,diluted_share_count_change,YoY Diluted Share Count Change,derived,,pure,(weighted_avg_shares_diluted / weighted_avg_shares_diluted_prior_year) - 1,optional
TSLA,2023,Q2,quarterly,deferred_revenue_total,Total Deferred Revenue,derived,5197000000,USD,deferred_revenue_current + deferred_revenue_noncurrent,important
TSLA,2023,Q2,quarterly,segment_revenue_mix_pct,Segment Revenue Mix %,derived,,pure,segment_revenue / revenue,important
TSLA,2023,Q3,quarterly,gross_profit_derived,Gross Profit (derived fallback),derived,4178000000,USD,revenue - cost_of_revenue,important
TSLA,2023,Q3,quarterly,gross_margin,Gross Margin %,derived,0.17892933618843684,pure,gross_profit / revenue,core
TSLA,2023,Q3,quarterly,operating_margin,Operating Margin %,derived,0.07554603854389721,pure,operating_income / revenue,core
TSLA,2023,Q3,quarterly,net_margin,Net Margin %,derived,0.0793576017130621,pure,net_income / revenue,core
TSLA,2023,Q3,quarterly,effective_tax_rate,Effective Tax Rate,derived,0.08166259168704157,pure,income_tax_expense / pretax_income,important
TSLA,2023,Q3,quarterly,rd_intensity,R&D Intensity (R&D / Revenue),derived,0.04972162740899358,pure,research_development_expense / revenue,core
TSLA,2023,Q3,quarterly,sbc_pct_revenue,Stock-Based Comp % of Revenue,derived,0.019914346895074948,pure,stock_based_compensation / revenue,important
TSLA,2023,Q3,quarterly,capex_intensity,Capex Intensity (Capex / Revenue),derived,,pure,capital_expenditures / revenue,important
TSLA,2023,Q3,quarterly,free_cash_flow,Free Cash Flow (FCF),derived,,USD,net_cash_from_operating_activities - capital_expenditures,core
TSLA,2023,Q3,quarterly,fcf_margin,FCF Margin %,derived,,pure,free_cash_flow / revenue,core
TSLA,2023,Q3,quarterly,net_working_capital,Net Working Capital,derived,18386000000,USD,total_current_assets - total_current_liabilities,important
TSLA,2023,Q3,quarterly,total_debt,Total Debt,derived,3704000000,USD,short_term_debt + long_term_debt,core
TSLA,2023,Q3,quarterly,net_debt,Net Debt (Net Cash),derived,-22373000000,USD,total_debt - cash_and_cash_equivalents - short_term_investments,core
TSLA,2023,Q3,quarterly,tangible_book_value,Tangible Book Value,derived,53025000000,USD,total_stockholders_equity - goodwill - intangible_assets_net,optional
TSLA,2023,Q3,quarterly,book_value_per_share,Book Value Per Share,derived,,USD/shares,total_stockholders_equity / shares_outstanding,important
TSLA,2023,Q3,quarterly,inventory_days,Days Inventory Outstanding (DIO),derived,261.2228771124557,days,(inventory_net / cost_of_revenue) * 365,important
TSLA,2023,Q3,quarterly,days_sales_outstanding,Days Sales Outstanding (DSO),derived,39.39186295503212,days,(accounts_receivable_net / revenue) * 365,optional
TSLA,2023,Q3,quarterly,roe,Return on Equity,derived,0.034657539370815095,pure,net_income / total_stockholders_equity,important
TSLA,2023,Q3,quarterly,roa,Return on Assets,derived,0.019725146634589796,pure,net_income / total_assets,optional
TSLA,2023,Q3,quarterly,roic,Return on Invested Capital,derived,0.03928287473359665,pure,(operating_income * (1 - effective_tax_rate)) / (total_debt + total_stockholders_equity - cash_and_cash_equivalents),core
TSLA,2023,Q3,quarterly,revenue_yoy_growth,Revenue YoY Growth %,derived,,pure,(revenue - revenue_prior_year) / revenue_prior_year,core
TSLA,2023,Q3,quarterly,eps_yoy_growth,Diluted EPS YoY Growth %,derived,,pure,(eps_diluted - eps_diluted_prior_year) / eps_diluted_prior_year,important
TSLA,2023,Q3,quarterly,diluted_share_count_change,YoY Diluted Share Count Change,derived,,pure,(weighted_avg_shares_diluted / weighted_avg_shares_diluted_prior_year) - 1,optional
TSLA,2023,Q3,quarterly,deferred_revenue_total,Total Deferred Revenue,derived,5265000000,USD,deferred_revenue_current + deferred_revenue_noncurrent,important
TSLA,2023,Q3,quarterly,segment_revenue_mix_pct,Segment Revenue Mix %,derived,,pure,segment_revenue / revenue,important
TSLA,2023,FY,annual,gross_profit_derived,Gross Profit (derived fallback),derived,17660000000,USD,revenue - cost_of_revenue,important
TSLA,2023,FY,annual,gross_margin,Gross Margin %,derived,0.18248891736331416,pure,gross_profit / revenue,core
TSLA,2023,FY,annual,operating_margin,Operating Margin %,derived,0.0918747997891974,pure,operating_income / revenue,core
TSLA,2023,FY,annual,net_margin,Net Margin %,derived,0.15497091130790613,pure,net_income / revenue,core
TSLA,2023,FY,annual,effective_tax_rate,Effective Tax Rate,derived,-0.5014539255991176,pure,income_tax_expense / pretax_income,important
TSLA,2023,FY,annual,rd_intensity,R&D Intensity (R&D / Revenue),derived,0.04101350583323861,pure,research_development_expense / revenue,core
TSLA,2023,FY,annual,sbc_pct_revenue,Stock-Based Comp % of Revenue,derived,0.018724230932181497,pure,stock_based_compensation / revenue,important
TSLA,2023,FY,annual,capex_intensity,Capex Intensity (Capex / Revenue),derived,0.09194713401465285,pure,capital_expenditures / revenue,important
TSLA,2023,FY,annual,free_cash_flow,Free Cash Flow (FCF),derived,4358000000,USD,net_cash_from_operating_activities - capital_expenditures,core
TSLA,2023,FY,annual,fcf_margin,FCF Margin %,derived,0.04503322207640561,pure,free_cash_flow / revenue,core
TSLA,2023,FY,annual,net_working_capital,Net Working Capital,derived,20868000000,USD,total_current_assets - total_current_liabilities,important
TSLA,2023,FY,annual,total_debt,Total Debt,derived,4657000000,USD,short_term_debt + long_term_debt,core
TSLA,2023,FY,annual,net_debt,Net Debt (Net Cash),derived,-24437000000,USD,total_debt - cash_and_cash_equivalents - short_term_investments,core
TSLA,2023,FY,annual,tangible_book_value,Tangible Book Value,derived,62203000000,USD,total_stockholders_equity - goodwill - intangible_assets_net,optional
TSLA,2023,FY,annual,book_value_per_share,Book Value Per Share,derived,,USD/shares,total_stockholders_equity / shares_outstanding,important
TSLA,2023,FY,annual,inventory_days,Days Inventory Outstanding (DIO),derived,62.865647870767134,days,(inventory_net / cost_of_revenue) * 365,important
TSLA,2023,FY,annual,days_sales_outstanding,Days Sales Outstanding (DSO),derived,13.23116985109483,days,(accounts_receivable_net / revenue) * 365,optional
TSLA,2023,FY,annual,roe,Return on Equity,derived,0.23943864354823258,pure,net_income / total_stockholders_equity,important
TSLA,2023,FY,annual,roa,Return on Assets,derived,0.1406610516047947,pure,net_income / total_assets,optional
TSLA,2023,FY,annual,roic,Return on Invested Capital,derived,0.2623037913367605,pure,(operating_income * (1 - effective_tax_rate)) / (total_debt + total_stockholders_equity - cash_and_cash_equivalents),core
TSLA,2023,FY,annual,revenue_yoy_growth,Revenue YoY Growth %,derived,,pure,(revenue - revenue_prior_year) / revenue_prior_year,core
TSLA,2023,FY,annual,eps_yoy_growth,Diluted EPS YoY Growth %,derived,,pure,(eps_diluted - eps_diluted_prior_year) / eps_diluted_prior_year,important
TSLA,2023,FY,annual,diluted_share_count_change,YoY Diluted Share Count Change,derived,,pure,(weighted_avg_shares_diluted / weighted_avg_shares_diluted_prior_year) - 1,optional
TSLA,2023,FY,annual,deferred_revenue_total,Total Deferred Revenue,derived,6115000000,USD,deferred_revenue_current + deferred_revenue_noncurrent,important
TSLA,2023,FY,annual,segment_revenue_mix_pct,Segment Revenue Mix %,derived,,pure,segment_revenue / revenue,important
TSLA,2024,Q1,quarterly,gross_profit_derived,Gross Profit (derived fallback),derived,3696000000,USD,revenue - cost_of_revenue,important
TSLA,2024,Q1,quarterly,gross_margin,Gross Margin %,derived,0.1735129806112389,pure,gross_profit / revenue,core
TSLA,2024,Q1,quarterly,operating_margin,Operating Margin %,derived,0.054973944885216654,pure,operating_income / revenue,core
TSLA,2024,Q1,quarterly,net_margin,Net Margin %,derived,0.05300220646917985,pure,net_income / revenue,core
TSLA,2024,Q1,quarterly,effective_tax_rate,Effective Tax Rate,derived,0.2633612363168062,pure,income_tax_expense / pretax_income,important
TSLA,2024,Q1,quarterly,rd_intensity,R&D Intensity (R&D / Revenue),derived,0.05403502182996103,pure,research_development_expense / revenue,core
TSLA,2024,Q1,quarterly,sbc_pct_revenue,Stock-Based Comp % of Revenue,derived,0.02459978404769729,pure,stock_based_compensation / revenue,important
TSLA,2024,Q1,quarterly,capex_intensity,Capex Intensity (Capex / Revenue),derived,0.13018168161119195,pure,capital_expenditures / revenue,important
TSLA,2024,Q1,quarterly,free_cash_flow,Free Cash Flow (FCF),derived,-2531000000,USD,net_cash_from_operating_activities - capital_expenditures,core
TSLA,2024,Q1,quarterly,fcf_margin,FCF Margin %,derived,-0.11882071264259894,pure,free_cash_flow / revenue,core
TSLA,2024,Q1,quarterly,net_working_capital,Net Working Capital,derived,21082000000,USD,total_current_assets - total_current_liabilities,important
TSLA,2024,Q1,quarterly,total_debt,Total Debt,derived,4874000000,USD,short_term_debt + long_term_debt,core
TSLA,2024,Q1,quarterly,net_debt,Net Debt (Net Cash),derived,-21989000000,USD,total_debt - cash_and_cash_equivalents - short_term_investments,core
TSLA,2024,Q1,quarterly,tangible_book_value,Tangible Book Value,derived,63957000000,USD,total_stockholders_equity - goodwill - intangible_assets_net,optional
TSLA,2024,Q1,quarterly,book_value_per_share,Book Value Per Share,derived,,USD/shares,total_stockholders_equity / shares_outstanding,important
TSLA,2024,Q1,quarterly,inventory_days,Days Inventory Outstanding (DIO),derived,332.4081226924169,days,(inventory_net / cost_of_revenue) * 365,important
TSLA,2024,Q1,quarterly,days_sales_outstanding,Days Sales Outstanding (DSO),derived,66.60508896295948,days,(accounts_receivable_net / revenue) * 365,optional
TSLA,2024,Q1,quarterly,roe,Return on Equity,derived,0.017537046817235703,pure,net_income / total_stockholders_equity,important
TSLA,2024,Q1,quarterly,roa,Return on Assets,derived,0.010336366799113764,pure,net_income / total_assets,optional
TSLA,2024,Q1,quarterly,roic,Return on Invested Capital,derived,0.015015649072588993,pure,(operating_income * (1 - effective_tax_rate)) / (total_debt + total_stockholders_equity - cash_and_cash_equivalents),core
TSLA,2024,Q1,quarterly,revenue_yoy_growth,Revenue YoY Growth %,derived,-0.0869304299369883,pure,(revenue - revenue_prior_year) / revenue_prior_year,core
TSLA,2024,Q1,quarterly,eps_yoy_growth,Diluted EPS YoY Growth %,derived,-0.5342465753424657,pure,(eps_diluted - eps_diluted_prior_year) / eps_diluted_prior_year,important
TSLA,2024,Q1,quarterly,diluted_share_count_change,YoY Diluted Share Count Change,derived,0.0046136101499423265,pure,(weighted_avg_shares_diluted / weighted_avg_shares_diluted_prior_year) - 1,optional
TSLA,2024,Q1,quarterly,deferred_revenue_total,Total Deferred Revenue,derived,6238000000,USD,deferred_revenue_current + deferred_revenue_noncurrent,important
TSLA,2024,Q1,quarterly,segment_revenue_mix_pct,Segment Revenue Mix %,derived,,pure,segment_revenue / revenue,important
TSLA,2024,Q2,quarterly,gross_profit_derived,Gross Profit (derived fallback),derived,4578000000,USD,revenue - cost_of_revenue,important
TSLA,2024,Q2,quarterly,gross_margin,Gross Margin %,derived,0.17952941176470588,pure,gross_profit / revenue,core
TSLA,2024,Q2,quarterly,operating_margin,Operating Margin %,derived,0.06294117647058824,pure,operating_income / revenue,core
TSLA,2024,Q2,quarterly,net_margin,Net Margin %,derived,0.05796078431372549,pure,net_income / revenue,core
TSLA,2024,Q2,quarterly,effective_tax_rate,Effective Tax Rate,derived,0.2082670906200318,pure,income_tax_expense / pretax_income,important
TSLA,2024,Q2,quarterly,rd_intensity,R&D Intensity (R&D / Revenue),derived,0.04211764705882353,pure,research_development_expense / revenue,core
TSLA,2024,Q2,quarterly,sbc_pct_revenue,Stock-Based Comp % of Revenue,derived,0.017215686274509805,pure,stock_based_compensation / revenue,important
TSLA,2024,Q2,quarterly,capex_intensity,Capex Intensity (Capex / Revenue),derived,,pure,capital_expenditures / revenue,important
TSLA,2024,Q2,quarterly,free_cash_flow,Free Cash Flow (FCF),derived,,USD,net_cash_from_operating_activities - capital_expenditures,core
TSLA,2024,Q2,quarterly,fcf_margin,FCF Margin %,derived,,pure,free_cash_flow / revenue,core
TSLA,2024,Q2,quarterly,net_working_capital,Net Working Capital,derived,25248000000,USD,total_current_assets - total_current_liabilities,important
TSLA,2024,Q2,quarterly,total_debt,Total Debt,derived,7362000000,USD,short_term_debt + long_term_debt,core
TSLA,2024,Q2,quarterly,net_debt,Net Debt (Net Cash),derived,-23358000000,USD,total_debt - cash_and_cash_equivalents - short_term_investments,core
TSLA,2024,Q2,quarterly,tangible_book_value,Tangible Book Value,derived,66055000000,USD,total_stockholders_equity - goodwill - intangible_assets_net,optional
TSLA,2024,Q2,quarterly,book_value_per_share,Book Value Per Share,derived,,USD/shares,total_stockholders_equity / shares_outstanding,important
TSLA,2024,Q2,quarterly,inventory_days,Days Inventory Outstanding (DIO),derived,247.6424338017398,days,(inventory_net / cost_of_revenue) * 365,important
TSLA,2024,Q2,quarterly,days_sales_outstanding,Days Sales Outstanding (DSO),derived,53.49039215686275,days,(accounts_receivable_net / revenue) * 365,optional
TSLA,2024,Q2,quarterly,roe,Return on Equity,derived,0.02223626406691942,pure,net_income / total_stockholders_equity,important
TSLA,2024,Q2,quarterly,roa,Return on Assets,derived,0.013099120816789564,pure,net_income / total_assets,optional
TSLA,2024,Q2,quarterly,roic,Return on Invested Capital,derived,0.02146686915372665,pure,(operating_income * (1 - effective_tax_rate)) / (total_debt + total_stockholders_equity - cash_and_cash_equivalents),core
TSLA,2024,Q2,quarterly,revenue_yoy_growth,Revenue YoY Growth %,derived,0.02298712239740041,pure,(revenue - revenue_prior_year) / revenue_prior_year,core
TSLA,2024,Q2,quarterly,eps_yoy_growth,Diluted EPS YoY Growth %,derived,-0.46153846153846156,pure,(eps_diluted - eps_diluted_prior_year) / eps_diluted_prior_year,important
TSLA,2024,Q2,quarterly,diluted_share_count_change,YoY Diluted Share Count Change,derived,0.0008625646923519081,pure,(weighted_avg_shares_diluted / weighted_avg_shares_diluted_prior_year) - 1,optional
TSLA,2024,Q2,quarterly,deferred_revenue_total,Total Deferred Revenue,derived,6150000000,USD,deferred_revenue_current + deferred_revenue_noncurrent,important
TSLA,2024,Q2,quarterly,segment_revenue_mix_pct,Segment Revenue Mix %,derived,,pure,segment_revenue / revenue,important
TSLA,2024,Q3,quarterly,gross_profit_derived,Gross Profit (derived fallback),derived,4997000000,USD,revenue - cost_of_revenue,important
TSLA,2024,Q3,quarterly,gross_margin,Gross Margin %,derived,0.19843539035819235,pure,gross_profit / revenue,core
TSLA,2024,Q3,quarterly,operating_margin,Operating Margin %,derived,0.10789452783734413,pure,operating_income / revenue,core
TSLA,2024,Q3,quarterly,net_margin,Net Margin %,derived,0.08605353029942021,pure,net_income / revenue,core
TSLA,2024,Q3,quarterly,effective_tax_rate,Effective Tax Rate,derived,0.2158764367816092,pure,income_tax_expense / pretax_income,important
TSLA,2024,Q3,quarterly,rd_intensity,R&D Intensity (R&D / Revenue),derived,0.041259629894368995,pure,research_development_expense / revenue,core
TSLA,2024,Q3,quarterly,sbc_pct_revenue,Stock-Based Comp % of Revenue,derived,0.018147883408784052,pure,stock_based_compensation / revenue,important
TSLA,2024,Q3,quarterly,capex_intensity,Capex Intensity (Capex / Revenue),derived,,pure,capital_expenditures / revenue,important
TSLA,2024,Q3,quarterly,free_cash_flow,Free Cash Flow (FCF),derived,,USD,net_cash_from_operating_activities - capital_expenditures,core
TSLA,2024,Q3,quarterly,fcf_margin,FCF Margin %,derived,,pure,free_cash_flow / revenue,core
TSLA,2024,Q3,quarterly,net_working_capital,Net Working Capital,derived,25802000000,USD,total_current_assets - total_current_liabilities,important
TSLA,2024,Q3,quarterly,total_debt,Total Debt,derived,7390000000,USD,short_term_debt + long_term_debt,core
TSLA,2024,Q3,quarterly,net_debt,Net Debt (Net Cash),derived,-26258000000,USD,total_debt - cash_and_cash_equivalents - short_term_investments,core
TSLA,2024,Q3,quarterly,tangible_book_value,Tangible Book Value,derived,69520000000,USD,total_stockholders_equity - goodwill - intangible_assets_net,optional
TSLA,2024,Q3,quarterly,book_value_per_share,Book Value Per Share,derived,,USD/shares,total_stockholders_equity / shares_outstanding,important
TSLA,2024,Q3,quarterly,inventory_days,Days Inventory Outstanding (DIO),derived,262.74213524894725,days,(inventory_net / cost_of_revenue) * 365,important
TSLA,2024,Q3,quarterly,days_sales_outstanding,Days Sales Outstanding (DSO),derived,48.020212850448736,days,(accounts_receivable_net / revenue) * 365,optional
TSLA,2024,Q3,quarterly,roe,Return on Equity,derived,0.03098768786375141,pure,net_income / total_stockholders_equity,important
TSLA,2024,Q3,quarterly,roa,Return on Assets,derived,0.018080632780429196,pure,net_income / total_assets,optional
TSLA,2024,Q3,quarterly,roic,Return on Invested Capital,derived,0.03598148490566404,pure,(operating_income * (1 - effective_tax_rate)) / (total_debt + total_stockholders_equity - cash_and_cash_equivalents),core
TSLA,2024,Q3,quarterly,revenue_yoy_growth,Revenue YoY Growth %,derived,0.07845824411134904,pure,(revenue - revenue_prior_year) / revenue_prior_year,core
TSLA,2024,Q3,quarterly,eps_yoy_growth,Diluted EPS YoY Growth %,derived,0.16981132075471692,pure,(eps_diluted - eps_diluted_prior_year) / eps_diluted_prior_year,important
TSLA,2024,Q3,quarterly,diluted_share_count_change,YoY Diluted Share Count Change,derived,0.001145147437732641,pure,(weighted_avg_shares_diluted / weighted_avg_shares_diluted_prior_year) - 1,optional
TSLA,2024,Q3,quarterly,deferred_revenue_total,Total Deferred Revenue,derived,6381000000,USD,deferred_revenue_current + deferred_revenue_noncurrent,important
TSLA,2024,Q3,quarterly,segment_revenue_mix_pct,Segment Revenue Mix %,derived,,pure,segment_revenue / revenue,important
TSLA,2024,FY,annual,gross_profit_derived,Gross Profit (derived fallback),derived,17450000000,USD,revenue - cost_of_revenue,important
TSLA,2024,FY,annual,gross_margin,Gross Margin %,derived,0.17862626676220697,pure,gross_profit / revenue,core
TSLA,2024,FY,annual,operating_margin,Operating Margin %,derived,0.07243320708363189,pure,operating_income / revenue,core
TSLA,2024,FY,annual,net_margin,Net Margin %,derived,0.07258675401781145,pure,net_income / revenue,core
TSLA,2024,FY,annual,effective_tax_rate,Effective Tax Rate,derived,0.20433815350389323,pure,income_tax_expense / pretax_income,important
TSLA,2024,FY,annual,rd_intensity,R&D Intensity (R&D / Revenue),derived,0.04647353874500972,pure,research_development_expense / revenue,core
TSLA,2024,FY,annual,sbc_pct_revenue,Stock-Based Comp % of Revenue,derived,0.02046268809499437,pure,stock_based_compensation / revenue,important
TSLA,2024,FY,annual,capex_intensity,Capex Intensity (Capex / Revenue),derived,0.11607124577745931,pure,capital_expenditures / revenue,important
TSLA,2024,FY,annual,free_cash_flow,Free Cash Flow (FCF),derived,3584000000,USD,net_cash_from_operating_activities - capital_expenditures,core
TSLA,2024,FY,annual,fcf_margin,FCF Margin %,derived,0.03668748080663323,pure,free_cash_flow / revenue,core
TSLA,2024,FY,annual,net_working_capital,Net Working Capital,derived,29539000000,USD,total_current_assets - total_current_liabilities,important
TSLA,2024,FY,annual,total_debt,Total Debt,derived,7878000000,USD,short_term_debt + long_term_debt,core
TSLA,2024,FY,annual,net_debt,Net Debt (Net Cash),derived,-28685000000,USD,total_debt - cash_and_cash_equivalents - short_term_investments,core
TSLA,2024,FY,annual,tangible_book_value,Tangible Book Value,derived,72519000000,USD,total_stockholders_equity - goodwill - intangible_assets_net,optional
TSLA,2024,FY,annual,book_value_per_share,Book Value Per Share,derived,,USD/shares,total_stockholders_equity / shares_outstanding,important
TSLA,2024,FY,annual,inventory_days,Days Inventory Outstanding (DIO),derived,54.66357178464606,days,(inventory_net / cost_of_revenue) * 365,important
TSLA,2024,FY,annual,days_sales_outstanding,Days Sales Outstanding (DSO),derived,16.507011976660866,days,(accounts_receivable_net / revenue) * 365,optional
TSLA,2024,FY,annual,roe,Return on Equity,derived,0.09725289043106168,pure,net_income / total_stockholders_equity,important
TSLA,2024,FY,annual,roa,Return on Assets,derived,0.05808962070942902,pure,net_income / total_assets,optional
TSLA,2024,FY,annual,roic,Return on Invested Capital,derived,0.08708320277495593,pure,(operating_income * (1 - effective_tax_rate)) / (total_debt + total_stockholders_equity - cash_and_cash_equivalents),core
TSLA,2024,FY,annual,revenue_yoy_growth,Revenue YoY Growth %,derived,0.009475783534663594,pure,(revenue - revenue_prior_year) / revenue_prior_year,core
TSLA,2024,FY,annual,eps_yoy_growth,Diluted EPS YoY Growth %,derived,-0.5255813953488372,pure,(eps_diluted - eps_diluted_prior_year) / eps_diluted_prior_year,important
TSLA,2024,FY,annual,diluted_share_count_change,YoY Diluted Share Count Change,derived,0.0037302725968435535,pure,(weighted_avg_shares_diluted / weighted_avg_shares_diluted_prior_year) - 1,optional
TSLA,2024,FY,annual,deferred_revenue_total,Total Deferred Revenue,derived,6485000000,USD,deferred_revenue_current + deferred_revenue_noncurrent,important
TSLA,2024,FY,annual,segment_revenue_mix_pct,Segment Revenue Mix %,derived,,pure,segment_revenue / revenue,important
TSLA,2025,Q1,quarterly,gross_profit_derived,Gross Profit (derived fallback),derived,3153000000,USD,revenue - cost_of_revenue,important
TSLA,2025,Q1,quarterly,gross_margin,Gross Margin %,derived,0.1630721489526765,pure,gross_profit / revenue,core
TSLA,2025,Q1,quarterly,operating_margin,Operating Margin %,derived,0.020636152055857254,pure,operating_income / revenue,core
TSLA,2025,Q1,quarterly,net_margin,Net Margin %,derived,0.021153348849237134,pure,net_income / revenue,core
TSLA,2025,Q1,quarterly,effective_tax_rate,Effective Tax Rate,derived,0.2869269949066214,pure,income_tax_expense / pretax_income,important
TSLA,2025,Q1,quarterly,rd_intensity,R&D Intensity (R&D / Revenue),derived,0.07287302818722524,pure,research_development_expense / revenue,core
TSLA,2025,Q1,quarterly,sbc_pct_revenue,Stock-Based Comp % of Revenue,derived,0.029635376260667184,pure,stock_based_compensation / revenue,important
TSLA,2025,Q1,quarterly,capex_intensity,Capex Intensity (Capex / Revenue),derived,0.07716576157227825,pure,capital_expenditures / revenue,important
TSLA,2025,Q1,quarterly,free_cash_flow,Free Cash Flow (FCF),derived,664000000,USD,net_cash_from_operating_activities - capital_expenditures,core
TSLA,2025,Q1,quarterly,fcf_margin,FCF Margin %,derived,0.0343418670804241,pure,free_cash_flow / revenue,core
TSLA,2025,Q1,quarterly,net_working_capital,Net Working Capital,derived,29636000000,USD,total_current_assets - total_current_liabilities,important
TSLA,2025,Q1,quarterly,total_debt,Total Debt,derived,7244000000,USD,short_term_debt + long_term_debt,core
TSLA,2025,Q1,quarterly,net_debt,Net Debt (Net Cash),derived,-29752000000,USD,total_debt - cash_and_cash_equivalents - short_term_investments,core
TSLA,2025,Q1,quarterly,tangible_book_value,Tangible Book Value,derived,74261000000,USD,total_stockholders_equity - goodwill - intangible_assets_net,optional
TSLA,2025,Q1,quarterly,book_value_per_share,Book Value Per Share,derived,,USD/shares,total_stockholders_equity / shares_outstanding,important
TSLA,2025,Q1,quarterly,inventory_days,Days Inventory Outstanding (DIO),derived,309.15152638734395,days,(inventory_net / cost_of_revenue) * 365,important
TSLA,2025,Q1,quarterly,days_sales_outstanding,Days Sales Outstanding (DSO),derived,71.39539694853892,days,(accounts_receivable_net / revenue) * 365,optional
TSLA,2025,Q1,quarterly,roe,Return on Equity,derived,0.005478681365785702,pure,net_income / total_stockholders_equity,important
TSLA,2025,Q1,quarterly,roa,Return on Assets,derived,0.003269097041826858,pure,net_income / total_assets,optional
TSLA,2025,Q1,quarterly,roic,Return on Invested Capital,derived,0.004340775482985095,pure,(operating_income * (1 - effective_tax_rate)) / (total_debt + total_stockholders_equity - cash_and_cash_equivalents),core
TSLA,2025,Q1,quarterly,revenue_yoy_growth,Revenue YoY Growth %,derived,-0.09229613633162763,pure,(revenue - revenue_prior_year) / revenue_prior_year,core
TSLA,2025,Q1,quarterly,eps_yoy_growth,Diluted EPS YoY Growth %,derived,-0.6470588235294118,pure,(eps_diluted - eps_diluted_prior_year) / eps_diluted_prior_year,important
TSLA,2025,Q1,quarterly,diluted_share_count_change,YoY Diluted Share Count Change,derived,0.010619977037887418,pure,(weighted_avg_shares_diluted / weighted_avg_shares_diluted_prior_year) - 1,optional
TSLA,2025,Q1,quarterly,deferred_revenue_total,Total Deferred Revenue,derived,6853000000,USD,deferred_revenue_current + deferred_revenue_noncurrent,important
TSLA,2025,Q1,quarterly,segment_revenue_mix_pct,Segment Revenue Mix %,derived,,pure,segment_revenue / revenue,important
TSLA,2025,Q2,quarterly,gross_profit_derived,Gross Profit (derived fallback),derived,3878000000,USD,revenue - cost_of_revenue,important
TSLA,2025,Q2,quarterly,gross_margin,Gross Margin %,derived,0.17238620199146515,pure,gross_profit / revenue,core
TSLA,2025,Q2,quarterly,operating_margin,Operating Margin %,derived,0.041029516358463726,pure,operating_income / revenue,core
TSLA,2025,Q2,quarterly,net_margin,Net Margin %,derived,0.05209815078236131,pure,net_income / revenue,core
TSLA,2025,Q2,quarterly,effective_tax_rate,Effective Tax Rate,derived,0.2317624273724984,pure,income_tax_expense / pretax_income,important
TSLA,2025,Q2,quarterly,rd_intensity,R&D Intensity (R&D / Revenue),derived,0.07063477951635846,pure,research_development_expense / revenue,core
TSLA,2025,Q2,quarterly,sbc_pct_revenue,Stock-Based Comp % of Revenue,derived,0.02822724039829303,pure,stock_based_compensation / revenue,important
TSLA,2025,Q2,quarterly,capex_intensity,Capex Intensity (Capex / Revenue),derived,,pure,capital_expenditures / revenue,important
TSLA,2025,Q2,quarterly,free_cash_flow,Free Cash Flow (FCF),derived,,USD,net_cash_from_operating_activities - capital_expenditures,core
TSLA,2025,Q2,quarterly,fcf_margin,FCF Margin %,derived,,pure,free_cash_flow / revenue,core
TSLA,2025,Q2,quarterly,net_working_capital,Net Working Capital,derived,31125000000,USD,total_current_assets - total_current_liabilities,important
TSLA,2025,Q2,quarterly,total_debt,Total Debt,derived,6956000000,USD,short_term_debt + long_term_debt,core
TSLA,2025,Q2,quarterly,net_debt,Net Debt (Net Cash),derived,-29826000000,USD,total_debt - cash_and_cash_equivalents - short_term_investments,core
TSLA,2025,Q2,quarterly,tangible_book_value,Tangible Book Value,derived,76918000000,USD,total_stockholders_equity - goodwill - intangible_assets_net,optional
TSLA,2025,Q2,quarterly,book_value_per_share,Book Value Per Share,derived,,USD/shares,total_stockholders_equity / shares_outstanding,important
TSLA,2025,Q2,quarterly,inventory_days,Days Inventory Outstanding (DIO),derived,285.64024062734984,days,(inventory_net / cost_of_revenue) * 365,important
TSLA,2025,Q2,quarterly,days_sales_outstanding,Days Sales Outstanding (DSO),derived,62.27195945945946,days,(accounts_receivable_net / revenue) * 365,optional
TSLA,2025,Q2,quarterly,roe,Return on Equity,derived,0.015158962154331686,pure,net_income / total_stockholders_equity,important
TSLA,2025,Q2,quarterly,roa,Return on Assets,derived,0.009115869546617717,pure,net_income / total_assets,optional
TSLA,2025,Q2,quarterly,roic,Return on Invested Capital,derived,0.01032399981851672,pure,(operating_income * (1 - effective_tax_rate)) / (total_debt + total_stockholders_equity - cash_and_cash_equivalents),core
TSLA,2025,Q2,quarterly,revenue_yoy_growth,Revenue YoY Growth %,derived,-0.11780392156862746,pure,(revenue - revenue_prior_year) / revenue_prior_year,core
TSLA,2025,Q2,quarterly,eps_yoy_growth,Diluted EPS YoY Growth %,derived,-0.21428571428571422,pure,(eps_diluted - eps_diluted_prior_year) / eps_diluted_prior_year,important
TSLA,2025,Q2,quarterly,diluted_share_count_change,YoY Diluted Share Count Change,derived,0.010916403332375646,pure,(weighted_avg_shares_diluted / weighted_avg_shares_diluted_prior_year) - 1,optional
TSLA,2025,Q2,quarterly,deferred_revenue_total,Total Deferred Revenue,derived,7001000000,USD,deferred_revenue_current + deferred_revenue_noncurrent,important
TSLA,2025,Q2,quarterly,segment_revenue_mix_pct,Segment Revenue Mix %,derived,,pure,segment_revenue / revenue,important
TSLA,2025,Q3,quarterly,gross_profit_derived,Gross Profit (derived fallback),derived,5054000000,USD,revenue - cost_of_revenue,important
TSLA,2025,Q3,quarterly,gross_margin,Gross Margin %,derived,0.1798896600818651,pure,gross_profit / revenue,core
TSLA,2025,Q3,quarterly,operating_margin,Operating Margin %,derived,0.057803879693895714,pure,operating_income / revenue,core
TSLA,2025,Q3,quarterly,net_margin,Net Margin %,derived,0.04886990567716676,pure,net_income / revenue,core
TSLA,2025,Q3,quarterly,effective_tax_rate,Effective Tax Rate,derived,0.29096477794793263,pure,income_tax_expense / pretax_income,important
TSLA,2025,Q3,quarterly,rd_intensity,R&D Intensity (R&D / Revenue),derived,0.05801744082576971,pure,research_development_expense / revenue,core
TSLA,2025,Q3,quarterly,sbc_pct_revenue,Stock-Based Comp % of Revenue,derived,0.02359850507207688,pure,stock_based_compensation / revenue,important
TSLA,2025,Q3,quarterly,capex_intensity,Capex Intensity (Capex / Revenue),derived,,pure,capital_expenditures / revenue,important
TSLA,2025,Q3,quarterly,free_cash_flow,Free Cash Flow (FCF),derived,,USD,net_cash_from_operating_activities - capital_expenditures,core
TSLA,2025,Q3,quarterly,fcf_margin,FCF Margin %,derived,,pure,free_cash_flow / revenue,core
TSLA,2025,Q3,quarterly,net_working_capital,Net Working Capital,derived,33363000000,USD,total_current_assets - total_current_liabilities,important
TSLA,2025,Q3,quarterly,total_debt,Total Debt,derived,7461000000,USD,short_term_debt + long_term_debt,core
TSLA,2025,Q3,quarterly,net_debt,Net Debt (Net Cash),derived,-34186000000,USD,total_debt - cash_and_cash_equivalents - short_term_investments,core
TSLA,2025,Q3,quarterly,tangible_book_value,Tangible Book Value,derived,79582000000,USD,total_stockholders_equity - goodwill - intangible_assets_net,optional
TSLA,2025,Q3,quarterly,book_value_per_share,Book Value Per Share,derived,,USD/shares,total_stockholders_equity / shares_outstanding,important
TSLA,2025,Q3,quarterly,inventory_days,Days Inventory Outstanding (DIO),derived,194.46812204331408,days,(inventory_net / cost_of_revenue) * 365,important
TSLA,2025,Q3,quarterly,days_sales_outstanding,Days Sales Outstanding (DSO),derived,61.09966186154119,days,(accounts_receivable_net / revenue) * 365,optional
TSLA,2025,Q3,quarterly,roe,Return on Equity,derived,0.017168938351881956,pure,net_income / total_stockholders_equity,important
TSLA,2025,Q3,quarterly,roa,Return on Assets,derived,0.010266571951994615,pure,net_income / total_assets,optional
TSLA,2025,Q3,quarterly,roic,Return on Invested Capital,derived,0.016653744476766038,pure,(operating_income * (1 - effective_tax_rate)) / (total_debt + total_stockholders_equity - cash_and_cash_equivalents),core
TSLA,2025,Q3,quarterly,revenue_yoy_growth,Revenue YoY Growth %,derived,0.11567786514176794,pure,(revenue - revenue_prior_year) / revenue_prior_year,core
TSLA,2025,Q3,quarterly,eps_yoy_growth,Diluted EPS YoY Growth %,derived,-0.3709677419354838,pure,(eps_diluted - eps_diluted_prior_year) / eps_diluted_prior_year,important
TSLA,2025,Q3,quarterly,diluted_share_count_change,YoY Diluted Share Count Change,derived,0.008292822419216472,pure,(weighted_avg_shares_diluted / weighted_avg_shares_diluted_prior_year) - 1,optional
TSLA,2025,Q3,quarterly,deferred_revenue_total,Total Deferred Revenue,derived,7502000000,USD,deferred_revenue_current + deferred_revenue_noncurrent,important
TSLA,2025,Q3,quarterly,segment_revenue_mix_pct,Segment Revenue Mix %,derived,,pure,segment_revenue / revenue,important
TSLA,2025,FY,annual,gross_profit_derived,Gross Profit (derived fallback),derived,17094000000,USD,revenue - cost_of_revenue,important
TSLA,2025,FY,annual,gross_margin,Gross Margin %,derived,0.18026511436616155,pure,gross_profit / revenue,core
TSLA,2025,FY,annual,operating_margin,Operating Margin %,derived,0.04592573845001951,pure,operating_income / revenue,core
TSLA,2025,FY,annual,net_margin,Net Margin %,derived,0.04000970187815706,pure,net_income / revenue,core
TSLA,2025,FY,annual,effective_tax_rate,Effective Tax Rate,derived,0.2696097006441834,pure,income_tax_expense / pretax_income,important
TSLA,2025,FY,annual,rd_intensity,R&D Intensity (R&D / Revenue),derived,0.06760732702711253,pure,research_development_expense / revenue,core
TSLA,2025,FY,annual,sbc_pct_revenue,Stock-Based Comp % of Revenue,derived,0.029791093254031027,pure,stock_based_compensation / revenue,important
TSLA,2025,FY,annual,capex_intensity,Capex Intensity (Capex / Revenue),derived,0.08992164678836197,pure,capital_expenditures / revenue,important
TSLA,2025,FY,annual,free_cash_flow,Free Cash Flow (FCF),derived,6220000000,USD,net_cash_from_operating_activities - capital_expenditures,core
TSLA,2025,FY,annual,fcf_margin,FCF Margin %,derived,0.06559313275754795,pure,free_cash_flow / revenue,core
TSLA,2025,FY,annual,net_working_capital,Net Working Capital,derived,36928000000,USD,total_current_assets - total_current_liabilities,important
TSLA,2025,FY,annual,total_debt,Total Debt,derived,8153000000,USD,short_term_debt + long_term_debt,core
TSLA,2025,FY,annual,net_debt,Net Debt (Net Cash),derived,-35906000000,USD,total_debt - cash_and_cash_equivalents - short_term_investments,core
TSLA,2025,FY,annual,tangible_book_value,Tangible Book Value,derived,81756000000,USD,total_stockholders_equity - goodwill - intangible_assets_net,optional
TSLA,2025,FY,annual,book_value_per_share,Book Value Per Share,derived,,USD/shares,total_stockholders_equity / shares_outstanding,important
TSLA,2025,FY,annual,inventory_days,Days Inventory Outstanding (DIO),derived,58.18738502309187,days,(inventory_net / cost_of_revenue) * 365,important
TSLA,2025,FY,annual,days_sales_outstanding,Days Sales Outstanding (DSO),derived,17.613548883756735,days,(accounts_receivable_net / revenue) * 365,optional
TSLA,2025,FY,annual,roe,Return on Equity,derived,0.04619111971462313,pure,net_income / total_stockholders_equity,important
TSLA,2025,FY,annual,roa,Return on Assets,derived,0.02753145726601164,pure,net_income / total_assets,optional
TSLA,2025,FY,annual,roic,Return on Invested Capital,derived,0.043114381903500844,pure,(operating_income * (1 - effective_tax_rate)) / (total_debt + total_stockholders_equity - cash_and_cash_equivalents),core
TSLA,2025,FY,annual,revenue_yoy_growth,Revenue YoY Growth %,derived,-0.029306991503736307,pure,(revenue - revenue_prior_year) / revenue_prior_year,core
TSLA,2025,FY,annual,eps_yoy_growth,Diluted EPS YoY Growth %,derived,-0.47058823529411764,pure,(eps_diluted - eps_diluted_prior_year) / eps_diluted_prior_year,important
TSLA,2025,FY,annual,diluted_share_count_change,YoY Diluted Share Count Change,derived,0.00857632933104635,pure,(weighted_avg_shares_diluted / weighted_avg_shares_diluted_prior_year) - 1,optional
TSLA,2025,FY,annual,deferred_revenue_total,Total Deferred Revenue,derived,7055000000,USD,deferred_revenue_current + deferred_revenue_noncurrent,important
TSLA,2025,FY,annual,segment_revenue_mix_pct,Segment Revenue Mix %,derived,,pure,segment_revenue / revenue,important
TSLA,2026,Q1,quarterly,gross_profit_derived,Gross Profit (derived fallback),derived,4720000000,USD,revenue - cost_of_revenue,important
TSLA,2026,Q1,quarterly,gross_margin,Gross Margin %,derived,0.21083664626792334,pure,gross_profit / revenue,core
TSLA,2026,Q1,quarterly,operating_margin,Operating Margin %,derived,0.04203332291061777,pure,operating_income / revenue,core
TSLA,2026,Q1,quarterly,net_margin,Net Margin %,derived,0.02130700853173717,pure,net_income / revenue,core
TSLA,2026,Q1,quarterly,effective_tax_rate,Effective Tax Rate,derived,0.34358288770053474,pure,income_tax_expense / pretax_income,important
TSLA,2026,Q1,quarterly,rd_intensity,R&D Intensity (R&D / Revenue),derived,0.08692544780452942,pure,research_development_expense / revenue,core
TSLA,2026,Q1,quarterly,sbc_pct_revenue,Stock-Based Comp % of Revenue,derived,0.046008844418635814,pure,stock_based_compensation / revenue,important
TSLA,2026,Q1,quarterly,capex_intensity,Capex Intensity (Capex / Revenue),derived,0.11135927100549425,pure,capital_expenditures / revenue,important
TSLA,2026,Q1,quarterly,free_cash_flow,Free Cash Flow (FCF),derived,1444000000,USD,net_cash_from_operating_activities - capital_expenditures,core
TSLA,2026,Q1,quarterly,fcf_margin,FCF Margin %,derived,0.06450171974806808,pure,free_cash_flow / revenue,core
TSLA,2026,Q1,quarterly,net_working_capital,Net Working Capital,derived,35610000000,USD,total_current_assets - total_current_liabilities,important
TSLA,2026,Q1,quarterly,total_debt,Total Debt,derived,9019000000,USD,short_term_debt + long_term_debt,core
TSLA,2026,Q1,quarterly,net_debt,Net Debt (Net Cash),derived,-35724000000,USD,total_debt - cash_and_cash_equivalents - short_term_investments,core
TSLA,2026,Q1,quarterly,tangible_book_value,Tangible Book Value,derived,84116000000,USD,total_stockholders_equity - goodwill - intangible_assets_net,optional
TSLA,2026,Q1,quarterly,book_value_per_share,Book Value Per Share,derived,,USD/shares,total_stockholders_equity / shares_outstanding,important
TSLA,2026,Q1,quarterly,inventory_days,Days Inventory Outstanding (DIO),derived,298.20626025924037,days,(inventory_net / cost_of_revenue) * 365,important
TSLA,2026,Q1,quarterly,days_sales_outstanding,Days Sales Outstanding (DSO),derived,64.54795193639166,days,(accounts_receivable_net / revenue) * 365,optional
TSLA,2026,Q1,quarterly,roe,Return on Equity,derived,0.0056707404061058534,pure,net_income / total_stockholders_equity,important
TSLA,2026,Q1,quarterly,roa,Return on Assets,derived,0.0033188611505385324,pure,net_income / total_assets,optional
TSLA,2026,Q1,quarterly,roic,Return on Invested Capital,derived,0.008070983414438364,pure,(operating_income * (1 - effective_tax_rate)) / (total_debt + total_stockholders_equity - cash_and_cash_equivalents),core
TSLA,2026,Q1,quarterly,revenue_yoy_growth,Revenue YoY Growth %,derived,0.1578484613395397,pure,(revenue - revenue_prior_year) / revenue_prior_year,core
TSLA,2026,Q1,quarterly,eps_yoy_growth,Diluted EPS YoY Growth %,derived,0.08333333333333341,pure,(eps_diluted - eps_diluted_prior_year) / eps_diluted_prior_year,important
TSLA,2026,Q1,quarterly,diluted_share_count_change,YoY Diluted Share Count Change,derived,0.004828173814257264,pure,(weighted_avg_shares_diluted / weighted_avg_shares_diluted_prior_year) - 1,optional
TSLA,2026,Q1,quarterly,deferred_revenue_total,Total Deferred Revenue,derived,7288000000,USD,deferred_revenue_current + deferred_revenue_noncurrent,important
TSLA,2026,Q1,quarterly,segment_revenue_mix_pct,Segment Revenue Mix %,derived,,pure,segment_revenue / revenue,important
CEG,2023,Q1,quarterly,gross_profit_derived,Gross Profit (derived fallback),derived,,USD,revenue - cost_of_revenue,important
CEG,2023,Q1,quarterly,gross_margin,Gross Margin %,derived,,pure,gross_profit / revenue,core
CEG,2023,Q1,quarterly,operating_margin,Operating Margin %,derived,0.005314589405108864,pure,operating_income / revenue,core
CEG,2023,Q1,quarterly,net_margin,Net Margin %,derived,0.0164580833190468,pure,net_income / revenue,core
CEG,2023,Q1,quarterly,effective_tax_rate,Effective Tax Rate,derived,0.5504201680672269,pure,income_tax_expense / pretax_income,important
CEG,2023,Q1,quarterly,rd_intensity,R&D Intensity (R&D / Revenue),derived,,pure,research_development_expense / revenue,core
CEG,2023,Q1,quarterly,sbc_pct_revenue,Stock-Based Comp % of Revenue,derived,,pure,stock_based_compensation / revenue,important
CEG,2023,Q1,quarterly,capex_intensity,Capex Intensity (Capex / Revenue),derived,0.11314932281844677,pure,capital_expenditures / revenue,important
CEG,2023,Q1,quarterly,free_cash_flow,Free Cash Flow (FCF),derived,-1594000000,USD,net_cash_from_operating_activities - capital_expenditures,core
CEG,2023,Q1,quarterly,fcf_margin,FCF Margin %,derived,-0.2732727584433396,pure,free_cash_flow / revenue,core
CEG,2023,Q1,quarterly,net_working_capital,Net Working Capital,derived,2161000000,USD,total_current_assets - total_current_liabilities,important
CEG,2023,Q1,quarterly,total_debt,Total Debt,derived,5924000000,USD,short_term_debt + long_term_debt,core
CEG,2023,Q1,quarterly,net_debt,Net Debt (Net Cash),derived,5687000000,USD,total_debt - cash_and_cash_equivalents - short_term_investments,core
CEG,2023,Q1,quarterly,tangible_book_value,Tangible Book Value,derived,10728000000,USD,total_stockholders_equity - goodwill - intangible_assets_net,optional
CEG,2023,Q1,quarterly,book_value_per_share,Book Value Per Share,derived,,USD/shares,total_stockholders_equity / shares_outstanding,important
CEG,2023,Q1,quarterly,inventory_days,Days Inventory Outstanding (DIO),derived,,days,(inventory_net / cost_of_revenue) * 365,important
CEG,2023,Q1,quarterly,days_sales_outstanding,Days Sales Outstanding (DSO),derived,134.3485342019544,days,(accounts_receivable_net / revenue) * 365,optional
CEG,2023,Q1,quarterly,roe,Return on Equity,derived,0.008948545861297539,pure,net_income / total_stockholders_equity,important
CEG,2023,Q1,quarterly,roa,Return on Assets,derived,0.002079812816846484,pure,net_income / total_assets,optional
CEG,2023,Q1,quarterly,roic,Return on Invested Capital,derived,0.000849038975931524,pure,(operating_income * (1 - effective_tax_rate)) / (total_debt + total_stockholders_equity - cash_and_cash_equivalents),core
CEG,2023,Q1,quarterly,revenue_yoy_growth,Revenue YoY Growth %,derived,,pure,(revenue - revenue_prior_year) / revenue_prior_year,core
CEG,2023,Q1,quarterly,eps_yoy_growth,Diluted EPS YoY Growth %,derived,,pure,(eps_diluted - eps_diluted_prior_year) / eps_diluted_prior_year,important
CEG,2023,Q1,quarterly,diluted_share_count_change,YoY Diluted Share Count Change,derived,,pure,(weighted_avg_shares_diluted / weighted_avg_shares_diluted_prior_year) - 1,optional
CEG,2023,Q1,quarterly,deferred_revenue_total,Total Deferred Revenue,derived,0,USD,deferred_revenue_current + deferred_revenue_noncurrent,important
CEG,2023,Q1,quarterly,segment_revenue_mix_pct,Segment Revenue Mix %,derived,,pure,segment_revenue / revenue,important
CEG,2023,Q2,quarterly,gross_profit_derived,Gross Profit (derived fallback),derived,,USD,revenue - cost_of_revenue,important
CEG,2023,Q2,quarterly,gross_margin,Gross Margin %,derived,,pure,gross_profit / revenue,core
CEG,2023,Q2,quarterly,operating_margin,Operating Margin %,derived,0.14231014677728143,pure,operating_income / revenue,core
CEG,2023,Q2,quarterly,net_margin,Net Margin %,derived,0.17719634120399916,pure,net_income / revenue,core
CEG,2023,Q2,quarterly,effective_tax_rate,Effective Tax Rate,derived,0.2920580700256191,pure,income_tax_expense / pretax_income,important
CEG,2023,Q2,quarterly,rd_intensity,R&D Intensity (R&D / Revenue),derived,,pure,research_development_expense / revenue,core
CEG,2023,Q2,quarterly,sbc_pct_revenue,Stock-Based Comp % of Revenue,derived,,pure,stock_based_compensation / revenue,important
CEG,2023,Q2,quarterly,capex_intensity,Capex Intensity (Capex / Revenue),derived,,pure,capital_expenditures / revenue,important
CEG,2023,Q2,quarterly,free_cash_flow,Free Cash Flow (FCF),derived,,USD,net_cash_from_operating_activities - capital_expenditures,core
CEG,2023,Q2,quarterly,fcf_margin,FCF Margin %,derived,,pure,free_cash_flow / revenue,core
CEG,2023,Q2,quarterly,net_working_capital,Net Working Capital,derived,2350000000,USD,total_current_assets - total_current_liabilities,important
CEG,2023,Q2,quarterly,total_debt,Total Debt,derived,6266000000,USD,short_term_debt + long_term_debt,core
CEG,2023,Q2,quarterly,net_debt,Net Debt (Net Cash),derived,5997000000,USD,total_debt - cash_and_cash_equivalents - short_term_investments,core
CEG,2023,Q2,quarterly,tangible_book_value,Tangible Book Value,derived,11256000000,USD,total_stockholders_equity - goodwill - intangible_assets_net,optional
CEG,2023,Q2,quarterly,book_value_per_share,Book Value Per Share,derived,,USD/shares,total_stockholders_equity / shares_outstanding,important
CEG,2023,Q2,quarterly,inventory_days,Days Inventory Outstanding (DIO),derived,,days,(inventory_net / cost_of_revenue) * 365,important
CEG,2023,Q2,quarterly,days_sales_outstanding,Days Sales Outstanding (DSO),derived,101.40182939800043,days,(accounts_receivable_net / revenue) * 365,optional
CEG,2023,Q2,quarterly,roe,Return on Equity,derived,0.0740049751243781,pure,net_income / total_stockholders_equity,important
CEG,2023,Q2,quarterly,roa,Return on Assets,derived,0.0178912777336283,pure,net_income / total_assets,optional
CEG,2023,Q2,quarterly,roic,Return on Invested Capital,derived,0.027451060751919134,pure,(operating_income * (1 - effective_tax_rate)) / (total_debt + total_stockholders_equity - cash_and_cash_equivalents),core
CEG,2023,Q2,quarterly,revenue_yoy_growth,Revenue YoY Growth %,derived,,pure,(revenue - revenue_prior_year) / revenue_prior_year,core
CEG,2023,Q2,quarterly,eps_yoy_growth,Diluted EPS YoY Growth %,derived,,pure,(eps_diluted - eps_diluted_prior_year) / eps_diluted_prior_year,important
CEG,2023,Q2,quarterly,diluted_share_count_change,YoY Diluted Share Count Change,derived,,pure,(weighted_avg_shares_diluted / weighted_avg_shares_diluted_prior_year) - 1,optional
CEG,2023,Q2,quarterly,deferred_revenue_total,Total Deferred Revenue,derived,0,USD,deferred_revenue_current + deferred_revenue_noncurrent,important
CEG,2023,Q2,quarterly,segment_revenue_mix_pct,Segment Revenue Mix %,derived,,pure,segment_revenue / revenue,important
CEG,2023,Q3,quarterly,gross_profit_derived,Gross Profit (derived fallback),derived,,USD,revenue - cost_of_revenue,important
CEG,2023,Q3,quarterly,gross_margin,Gross Margin %,derived,,pure,gross_profit / revenue,core
CEG,2023,Q3,quarterly,operating_margin,Operating Margin %,derived,0.183888575192923,pure,operating_income / revenue,core
CEG,2023,Q3,quarterly,net_margin,Net Margin %,derived,0.1375870506305289,pure,net_income / revenue,core
CEG,2023,Q3,quarterly,effective_tax_rate,Effective Tax Rate,derived,0.22905027932960895,pure,income_tax_expense / pretax_income,important
CEG,2023,Q3,quarterly,rd_intensity,R&D Intensity (R&D / Revenue),derived,,pure,research_development_expense / revenue,core
CEG,2023,Q3,quarterly,sbc_pct_revenue,Stock-Based Comp % of Revenue,derived,,pure,stock_based_compensation / revenue,important
CEG,2023,Q3,quarterly,capex_intensity,Capex Intensity (Capex / Revenue),derived,,pure,capital_expenditures / revenue,important
CEG,2023,Q3,quarterly,free_cash_flow,Free Cash Flow (FCF),derived,,USD,net_cash_from_operating_activities - capital_expenditures,core
CEG,2023,Q3,quarterly,fcf_margin,FCF Margin %,derived,,pure,free_cash_flow / revenue,core
CEG,2023,Q3,quarterly,net_working_capital,Net Working Capital,derived,4639000000,USD,total_current_assets - total_current_liabilities,important
CEG,2023,Q3,quarterly,total_debt,Total Debt,derived,7628000000,USD,short_term_debt + long_term_debt,core
CEG,2023,Q3,quarterly,net_debt,Net Debt (Net Cash),derived,5739000000,USD,total_debt - cash_and_cash_equivalents - short_term_investments,core
CEG,2023,Q3,quarterly,tangible_book_value,Tangible Book Value,derived,11666000000,USD,total_stockholders_equity - goodwill - intangible_assets_net,optional
CEG,2023,Q3,quarterly,book_value_per_share,Book Value Per Share,derived,,USD/shares,total_stockholders_equity / shares_outstanding,important
CEG,2023,Q3,quarterly,inventory_days,Days Inventory Outstanding (DIO),derived,,days,(inventory_net / cost_of_revenue) * 365,important
CEG,2023,Q3,quarterly,days_sales_outstanding,Days Sales Outstanding (DSO),derived,105.86580086580086,days,(accounts_receivable_net / revenue) * 365,optional
CEG,2023,Q3,quarterly,roe,Return on Equity,derived,0.06266072346991257,pure,net_income / total_stockholders_equity,important
CEG,2023,Q3,quarterly,roa,Return on Assets,derived,0.01492903094046768,pure,net_income / total_assets,optional
CEG,2023,Q3,quarterly,roic,Return on Invested Capital,derived,0.043275948123813385,pure,(operating_income * (1 - effective_tax_rate)) / (total_debt + total_stockholders_equity - cash_and_cash_equivalents),core
CEG,2023,Q3,quarterly,revenue_yoy_growth,Revenue YoY Growth %,derived,,pure,(revenue - revenue_prior_year) / revenue_prior_year,core
CEG,2023,Q3,quarterly,eps_yoy_growth,Diluted EPS YoY Growth %,derived,,pure,(eps_diluted - eps_diluted_prior_year) / eps_diluted_prior_year,important
CEG,2023,Q3,quarterly,diluted_share_count_change,YoY Diluted Share Count Change,derived,,pure,(weighted_avg_shares_diluted / weighted_avg_shares_diluted_prior_year) - 1,optional
CEG,2023,Q3,quarterly,deferred_revenue_total,Total Deferred Revenue,derived,0,USD,deferred_revenue_current + deferred_revenue_noncurrent,important
CEG,2023,Q3,quarterly,segment_revenue_mix_pct,Segment Revenue Mix %,derived,,pure,segment_revenue / revenue,important
CEG,2023,FY,annual,gross_profit_derived,Gross Profit (derived fallback),derived,,USD,revenue - cost_of_revenue,important
CEG,2023,FY,annual,gross_margin,Gross Margin %,derived,,pure,gross_profit / revenue,core
CEG,2023,FY,annual,operating_margin,Operating Margin %,derived,0.0772515714217168,pure,operating_income / revenue,core
CEG,2023,FY,annual,net_margin,Net Margin %,derived,0.0778753418741903,pure,net_income / revenue,core
CEG,2023,FY,annual,effective_tax_rate,Effective Tax Rate,derived,0.3510420923579894,pure,income_tax_expense / pretax_income,important
CEG,2023,FY,annual,rd_intensity,R&D Intensity (R&D / Revenue),derived,,pure,research_development_expense / revenue,core
CEG,2023,FY,annual,sbc_pct_revenue,Stock-Based Comp % of Revenue,derived,0.008540856964637014,pure,stock_based_compensation / revenue,important
CEG,2023,FY,annual,capex_intensity,Capex Intensity (Capex / Revenue),derived,0.11621323353006094,pure,capital_expenditures / revenue,important
CEG,2023,FY,annual,free_cash_flow,Free Cash Flow (FCF),derived,-7723000000,USD,net_cash_from_operating_activities - capital_expenditures,core
CEG,2023,FY,annual,fcf_margin,FCF Margin %,derived,-0.3705676311117509,pure,free_cash_flow / revenue,core
CEG,2023,FY,annual,net_working_capital,Net Working Capital,derived,1980000000,USD,total_current_assets - total_current_liabilities,important
CEG,2023,FY,annual,total_debt,Total Debt,derived,7617000000,USD,short_term_debt + long_term_debt,core
CEG,2023,FY,annual,net_debt,Net Debt (Net Cash),derived,7249000000,USD,total_debt - cash_and_cash_equivalents - short_term_investments,core
CEG,2023,FY,annual,tangible_book_value,Tangible Book Value,derived,10164000000,USD,total_stockholders_equity - goodwill - intangible_assets_net,optional
CEG,2023,FY,annual,book_value_per_share,Book Value Per Share,derived,,USD/shares,total_stockholders_equity / shares_outstanding,important
CEG,2023,FY,annual,inventory_days,Days Inventory Outstanding (DIO),derived,,days,(inventory_net / cost_of_revenue) * 365,important
CEG,2023,FY,annual,days_sales_outstanding,Days Sales Outstanding (DSO),derived,33.87121539273547,days,(accounts_receivable_net / revenue) * 365,optional
CEG,2023,FY,annual,roe,Return on Equity,derived,0.148558352402746,pure,net_income / total_stockholders_equity,important
CEG,2023,FY,annual,roa,Return on Assets,derived,0.03197525513219591,pure,net_income / total_assets,optional
CEG,2023,FY,annual,roic,Return on Invested Capital,derived,0.05748994339736091,pure,(operating_income * (1 - effective_tax_rate)) / (total_debt + total_stockholders_equity - cash_and_cash_equivalents),core
CEG,2023,FY,annual,revenue_yoy_growth,Revenue YoY Growth %,derived,,pure,(revenue - revenue_prior_year) / revenue_prior_year,core
CEG,2023,FY,annual,eps_yoy_growth,Diluted EPS YoY Growth %,derived,,pure,(eps_diluted - eps_diluted_prior_year) / eps_diluted_prior_year,important
CEG,2023,FY,annual,diluted_share_count_change,YoY Diluted Share Count Change,derived,,pure,(weighted_avg_shares_diluted / weighted_avg_shares_diluted_prior_year) - 1,optional
CEG,2023,FY,annual,deferred_revenue_total,Total Deferred Revenue,derived,0,USD,deferred_revenue_current + deferred_revenue_noncurrent,important
CEG,2023,FY,annual,segment_revenue_mix_pct,Segment Revenue Mix %,derived,,pure,segment_revenue / revenue,important
CEG,2024,Q1,quarterly,gross_profit_derived,Gross Profit (derived fallback),derived,,USD,revenue - cost_of_revenue,important
CEG,2024,Q1,quarterly,gross_margin,Gross Margin %,derived,,pure,gross_profit / revenue,core
CEG,2024,Q1,quarterly,operating_margin,Operating Margin %,derived,0.15456273764258555,pure,operating_income / revenue,core
CEG,2024,Q1,quarterly,net_margin,Net Margin %,derived,0.16787072243346007,pure,net_income / revenue,core
CEG,2024,Q1,quarterly,effective_tax_rate,Effective Tax Rate,derived,0.15744274809160305,pure,income_tax_expense / pretax_income,important
CEG,2024,Q1,quarterly,rd_intensity,R&D Intensity (R&D / Revenue),derived,,pure,research_development_expense / revenue,core
CEG,2024,Q1,quarterly,sbc_pct_revenue,Stock-Based Comp % of Revenue,derived,,pure,stock_based_compensation / revenue,important
CEG,2024,Q1,quarterly,capex_intensity,Capex Intensity (Capex / Revenue),derived,0.14030418250950571,pure,capital_expenditures / revenue,important
CEG,2024,Q1,quarterly,free_cash_flow,Free Cash Flow (FCF),derived,-1461000000,USD,net_cash_from_operating_activities - capital_expenditures,core
CEG,2024,Q1,quarterly,fcf_margin,FCF Margin %,derived,-0.27775665399239546,pure,free_cash_flow / revenue,core
CEG,2024,Q1,quarterly,net_working_capital,Net Working Capital,derived,2538000000,USD,total_current_assets - total_current_liabilities,important
CEG,2024,Q1,quarterly,total_debt,Total Debt,derived,8474000000,USD,short_term_debt + long_term_debt,core
CEG,2024,Q1,quarterly,net_debt,Net Debt (Net Cash),derived,7912000000,USD,total_debt - cash_and_cash_equivalents - short_term_investments,core
CEG,2024,Q1,quarterly,tangible_book_value,Tangible Book Value,derived,10774000000,USD,total_stockholders_equity - goodwill - intangible_assets_net,optional
CEG,2024,Q1,quarterly,book_value_per_share,Book Value Per Share,derived,,USD/shares,total_stockholders_equity / shares_outstanding,important
CEG,2024,Q1,quarterly,inventory_days,Days Inventory Outstanding (DIO),derived,,days,(inventory_net / cost_of_revenue) * 365,important
CEG,2024,Q1,quarterly,days_sales_outstanding,Days Sales Outstanding (DSO),derived,128.72148288973384,days,(accounts_receivable_net / revenue) * 365,optional
CEG,2024,Q1,quarterly,roe,Return on Equity,derived,0.07884632556478258,pure,net_income / total_stockholders_equity,important
CEG,2024,Q1,quarterly,roa,Return on Assets,derived,0.01697619871573038,pure,net_income / total_assets,optional
CEG,2024,Q1,quarterly,roic,Return on Invested Capital,derived,0.03584318171741545,pure,(operating_income * (1 - effective_tax_rate)) / (total_debt + total_stockholders_equity - cash_and_cash_equivalents),core
CEG,2024,Q1,quarterly,revenue_yoy_growth,Revenue YoY Growth %,derived,-0.0982341848105606,pure,(revenue - revenue_prior_year) / revenue_prior_year,core
CEG,2024,Q1,quarterly,eps_yoy_growth,Diluted EPS YoY Growth %,derived,8.586206896551724,pure,(eps_diluted - eps_diluted_prior_year) / eps_diluted_prior_year,important
CEG,2024,Q1,quarterly,diluted_share_count_change,YoY Diluted Share Count Change,derived,-0.030487804878048808,pure,(weighted_avg_shares_diluted / weighted_avg_shares_diluted_prior_year) - 1,optional
CEG,2024,Q1,quarterly,deferred_revenue_total,Total Deferred Revenue,derived,0,USD,deferred_revenue_current + deferred_revenue_noncurrent,important
CEG,2024,Q1,quarterly,segment_revenue_mix_pct,Segment Revenue Mix %,derived,,pure,segment_revenue / revenue,important
CEG,2024,Q2,quarterly,gross_profit_derived,Gross Profit (derived fallback),derived,,USD,revenue - cost_of_revenue,important
CEG,2024,Q2,quarterly,gross_margin,Gross Margin %,derived,,pure,gross_profit / revenue,core
CEG,2024,Q2,quarterly,operating_margin,Operating Margin %,derived,0.24965955515206537,pure,operating_income / revenue,core
CEG,2024,Q2,quarterly,net_margin,Net Margin %,derived,0.18474807081252836,pure,net_income / revenue,core
CEG,2024,Q2,quarterly,effective_tax_rate,Effective Tax Rate,derived,0.15975103734439833,pure,income_tax_expense / pretax_income,important
CEG,2024,Q2,quarterly,rd_intensity,R&D Intensity (R&D / Revenue),derived,,pure,research_development_expense / revenue,core
CEG,2024,Q2,quarterly,sbc_pct_revenue,Stock-Based Comp % of Revenue,derived,,pure,stock_based_compensation / revenue,important
CEG,2024,Q2,quarterly,capex_intensity,Capex Intensity (Capex / Revenue),derived,,pure,capital_expenditures / revenue,important
CEG,2024,Q2,quarterly,free_cash_flow,Free Cash Flow (FCF),derived,,USD,net_cash_from_operating_activities - capital_expenditures,core
CEG,2024,Q2,quarterly,fcf_margin,FCF Margin %,derived,,pure,free_cash_flow / revenue,core
CEG,2024,Q2,quarterly,net_working_capital,Net Working Capital,derived,2051000000,USD,total_current_assets - total_current_liabilities,important
CEG,2024,Q2,quarterly,total_debt,Total Debt,derived,8444000000,USD,short_term_debt + long_term_debt,core
CEG,2024,Q2,quarterly,net_debt,Net Debt (Net Cash),derived,8133000000,USD,total_debt - cash_and_cash_equivalents - short_term_investments,core
CEG,2024,Q2,quarterly,tangible_book_value,Tangible Book Value,derived,11005000000,USD,total_stockholders_equity - goodwill - intangible_assets_net,optional
CEG,2024,Q2,quarterly,book_value_per_share,Book Value Per Share,derived,,USD/shares,total_stockholders_equity / shares_outstanding,important
CEG,2024,Q2,quarterly,inventory_days,Days Inventory Outstanding (DIO),derived,,days,(inventory_net / cost_of_revenue) * 365,important
CEG,2024,Q2,quarterly,days_sales_outstanding,Days Sales Outstanding (DSO),derived,130.72401270994098,days,(accounts_receivable_net / revenue) * 365,optional
CEG,2024,Q2,quarterly,roe,Return on Equity,derived,0.0712472647702407,pure,net_income / total_stockholders_equity,important
CEG,2024,Q2,quarterly,roa,Return on Assets,derived,0.015855083755356447,pure,net_income / total_assets,optional
CEG,2024,Q2,quarterly,roic,Return on Invested Capital,derived,0.04725809688726669,pure,(operating_income * (1 - effective_tax_rate)) / (total_debt + total_stockholders_equity - cash_and_cash_equivalents),core
CEG,2024,Q2,quarterly,revenue_yoy_growth,Revenue YoY Growth %,derived,-0.06275260582854712,pure,(revenue - revenue_prior_year) / revenue_prior_year,core
CEG,2024,Q2,quarterly,eps_yoy_growth,Diluted EPS YoY Growth %,derived,0.007812500000000007,pure,(eps_diluted - eps_diluted_prior_year) / eps_diluted_prior_year,important
CEG,2024,Q2,quarterly,diluted_share_count_change,YoY Diluted Share Count Change,derived,-0.027692307692307683,pure,(weighted_avg_shares_diluted / weighted_avg_shares_diluted_prior_year) - 1,optional
CEG,2024,Q2,quarterly,deferred_revenue_total,Total Deferred Revenue,derived,0,USD,deferred_revenue_current + deferred_revenue_noncurrent,important
CEG,2024,Q2,quarterly,segment_revenue_mix_pct,Segment Revenue Mix %,derived,,pure,segment_revenue / revenue,important
CEG,2024,Q3,quarterly,gross_profit_derived,Gross Profit (derived fallback),derived,,USD,revenue - cost_of_revenue,important
CEG,2024,Q3,quarterly,gross_margin,Gross Margin %,derived,,pure,gross_profit / revenue,core
CEG,2024,Q3,quarterly,operating_margin,Operating Margin %,derived,0.3073538654934004,pure,operating_income / revenue,core
CEG,2024,Q3,quarterly,net_margin,Net Margin %,derived,0.251414204902577,pure,net_income / revenue,core
CEG,2024,Q3,quarterly,effective_tax_rate,Effective Tax Rate,derived,0.2729483282674772,pure,income_tax_expense / pretax_income,important
CEG,2024,Q3,quarterly,rd_intensity,R&D Intensity (R&D / Revenue),derived,,pure,research_development_expense / revenue,core
CEG,2024,Q3,quarterly,sbc_pct_revenue,Stock-Based Comp % of Revenue,derived,,pure,stock_based_compensation / revenue,important
CEG,2024,Q3,quarterly,capex_intensity,Capex Intensity (Capex / Revenue),derived,,pure,capital_expenditures / revenue,important
CEG,2024,Q3,quarterly,free_cash_flow,Free Cash Flow (FCF),derived,,USD,net_cash_from_operating_activities - capital_expenditures,core
CEG,2024,Q3,quarterly,fcf_margin,FCF Margin %,derived,,pure,free_cash_flow / revenue,core
CEG,2024,Q3,quarterly,net_working_capital,Net Working Capital,derived,3818000000,USD,total_current_assets - total_current_liabilities,important
CEG,2024,Q3,quarterly,total_debt,Total Debt,derived,8412000000,USD,short_term_debt + long_term_debt,core
CEG,2024,Q3,quarterly,net_debt,Net Debt (Net Cash),derived,6619000000,USD,total_debt - cash_and_cash_equivalents - short_term_investments,core
CEG,2024,Q3,quarterly,tangible_book_value,Tangible Book Value,derived,12150000000,USD,total_stockholders_equity - goodwill - intangible_assets_net,optional
CEG,2024,Q3,quarterly,book_value_per_share,Book Value Per Share,derived,,USD/shares,total_stockholders_equity / shares_outstanding,important
CEG,2024,Q3,quarterly,inventory_days,Days Inventory Outstanding (DIO),derived,,days,(inventory_net / cost_of_revenue) * 365,important
CEG,2024,Q3,quarterly,days_sales_outstanding,Days Sales Outstanding (DSO),derived,92.37795935470355,days,(accounts_receivable_net / revenue) * 365,optional
CEG,2024,Q3,quarterly,roe,Return on Equity,derived,0.0954653937947494,pure,net_income / total_stockholders_equity,important
CEG,2024,Q3,quarterly,roa,Return on Assets,derived,0.023150827642088204,pure,net_income / total_assets,optional
CEG,2024,Q3,quarterly,roic,Return on Invested Capital,derived,0.055583136298484076,pure,(operating_income * (1 - effective_tax_rate)) / (total_debt + total_stockholders_equity - cash_and_cash_equivalents),core
CEG,2024,Q3,quarterly,revenue_yoy_growth,Revenue YoY Growth %,derived,-0.10163749294184077,pure,(revenue - revenue_prior_year) / revenue_prior_year,core
CEG,2024,Q3,quarterly,eps_yoy_growth,Diluted EPS YoY Growth %,derived,0.6902654867256638,pure,(eps_diluted - eps_diluted_prior_year) / eps_diluted_prior_year,important
CEG,2024,Q3,quarterly,diluted_share_count_change,YoY Diluted Share Count Change,derived,-0.02786377708978327,pure,(weighted_avg_shares_diluted / weighted_avg_shares_diluted_prior_year) - 1,optional
CEG,2024,Q3,quarterly,deferred_revenue_total,Total Deferred Revenue,derived,0,USD,deferred_revenue_current + deferred_revenue_noncurrent,important
CEG,2024,Q3,quarterly,segment_revenue_mix_pct,Segment Revenue Mix %,derived,,pure,segment_revenue / revenue,important
CEG,2024,FY,annual,gross_profit_derived,Gross Profit (derived fallback),derived,,USD,revenue - cost_of_revenue,important
CEG,2024,FY,annual,gross_margin,Gross Margin %,derived,,pure,gross_profit / revenue,core
CEG,2024,FY,annual,operating_margin,Operating Margin %,derived,0.22948744990508332,pure,operating_income / revenue,core
CEG,2024,FY,annual,net_margin,Net Margin %,derived,0.19769036068340012,pure,net_income / revenue,core
CEG,2024,FY,annual,effective_tax_rate,Effective Tax Rate,derived,0.17139061116031887,pure,income_tax_expense / pretax_income,important
CEG,2024,FY,annual,rd_intensity,R&D Intensity (R&D / Revenue),derived,,pure,research_development_expense / revenue,core
CEG,2024,FY,annual,sbc_pct_revenue,Stock-Based Comp % of Revenue,derived,0.017506855093862055,pure,stock_based_compensation / revenue,important
CEG,2024,FY,annual,capex_intensity,Capex Intensity (Capex / Revenue),derived,0.13525627504745835,pure,capital_expenditures / revenue,important
CEG,2024,FY,annual,free_cash_flow,Free Cash Flow (FCF),derived,-5029000000,USD,net_cash_from_operating_activities - capital_expenditures,core
CEG,2024,FY,annual,fcf_margin,FCF Margin %,derived,-0.26518666947901287,pure,free_cash_flow / revenue,core
CEG,2024,FY,annual,net_working_capital,Net Working Capital,derived,3930000000,USD,total_current_assets - total_current_liabilities,important
CEG,2024,FY,annual,total_debt,Total Debt,derived,8412000000,USD,short_term_debt + long_term_debt,core
CEG,2024,FY,annual,net_debt,Net Debt (Net Cash),derived,5390000000,USD,total_debt - cash_and_cash_equivalents - short_term_investments,core
CEG,2024,FY,annual,tangible_book_value,Tangible Book Value,derived,12510000000,USD,total_stockholders_equity - goodwill - intangible_assets_net,optional
CEG,2024,FY,annual,book_value_per_share,Book Value Per Share,derived,,USD/shares,total_stockholders_equity / shares_outstanding,important
CEG,2024,FY,annual,inventory_days,Days Inventory Outstanding (DIO),derived,,days,(inventory_net / cost_of_revenue) * 365,important
CEG,2024,FY,annual,days_sales_outstanding,Days Sales Outstanding (DSO),derived,59.97363425437671,days,(accounts_receivable_net / revenue) * 365,optional
CEG,2024,FY,annual,roe,Return on Equity,derived,0.2847485948655628,pure,net_income / total_stockholders_equity,important
CEG,2024,FY,annual,roa,Return on Assets,derived,0.07083475040622757,pure,net_income / total_assets,optional
CEG,2024,FY,annual,roic,Return on Invested Capital,derived,0.19433649818011922,pure,(operating_income * (1 - effective_tax_rate)) / (total_debt + total_stockholders_equity - cash_and_cash_equivalents),core
CEG,2024,FY,annual,revenue_yoy_growth,Revenue YoY Growth %,derived,-0.09006285686867233,pure,(revenue - revenue_prior_year) / revenue_prior_year,core
CEG,2024,FY,annual,eps_yoy_growth,Diluted EPS YoY Growth %,derived,1.3732534930139724,pure,(eps_diluted - eps_diluted_prior_year) / eps_diluted_prior_year,important
CEG,2024,FY,annual,diluted_share_count_change,YoY Diluted Share Count Change,derived,-0.02777777777777779,pure,(weighted_avg_shares_diluted / weighted_avg_shares_diluted_prior_year) - 1,optional
CEG,2024,FY,annual,deferred_revenue_total,Total Deferred Revenue,derived,0,USD,deferred_revenue_current + deferred_revenue_noncurrent,important
CEG,2024,FY,annual,segment_revenue_mix_pct,Segment Revenue Mix %,derived,,pure,segment_revenue / revenue,important
CEG,2025,Q1,quarterly,gross_profit_derived,Gross Profit (derived fallback),derived,,USD,revenue - cost_of_revenue,important
CEG,2025,Q1,quarterly,gross_margin,Gross Margin %,derived,,pure,gross_profit / revenue,core
CEG,2025,Q1,quarterly,operating_margin,Operating Margin %,derived,0.07386177530298067,pure,operating_income / revenue,core
CEG,2025,Q1,quarterly,net_margin,Net Margin %,derived,0.019325253848673438,pure,net_income / revenue,core
CEG,2025,Q1,quarterly,effective_tax_rate,Effective Tax Rate,derived,0.1456953642384106,pure,income_tax_expense / pretax_income,important
CEG,2025,Q1,quarterly,rd_intensity,R&D Intensity (R&D / Revenue),derived,,pure,research_development_expense / revenue,core
CEG,2025,Q1,quarterly,sbc_pct_revenue,Stock-Based Comp % of Revenue,derived,,pure,stock_based_compensation / revenue,important
CEG,2025,Q1,quarterly,capex_intensity,Capex Intensity (Capex / Revenue),derived,0.1320013101867016,pure,capital_expenditures / revenue,important
CEG,2025,Q1,quarterly,free_cash_flow,Free Cash Flow (FCF),derived,-699000000,USD,net_cash_from_operating_activities - capital_expenditures,core
CEG,2025,Q1,quarterly,fcf_margin,FCF Margin %,derived,-0.11447756305273502,pure,free_cash_flow / revenue,core
CEG,2025,Q1,quarterly,net_working_capital,Net Working Capital,derived,3086000000,USD,total_current_assets - total_current_liabilities,important
CEG,2025,Q1,quarterly,total_debt,Total Debt,derived,8358000000,USD,short_term_debt + long_term_debt,core
CEG,2025,Q1,quarterly,net_debt,Net Debt (Net Cash),derived,6512000000,USD,total_debt - cash_and_cash_equivalents - short_term_investments,core
CEG,2025,Q1,quarterly,tangible_book_value,Tangible Book Value,derived,12536000000,USD,total_stockholders_equity - goodwill - intangible_assets_net,optional
CEG,2025,Q1,quarterly,book_value_per_share,Book Value Per Share,derived,,USD/shares,total_stockholders_equity / shares_outstanding,important
CEG,2025,Q1,quarterly,inventory_days,Days Inventory Outstanding (DIO),derived,,days,(inventory_net / cost_of_revenue) * 365,important
CEG,2025,Q1,quarterly,days_sales_outstanding,Days Sales Outstanding (DSO),derived,190.86881755650182,days,(accounts_receivable_net / revenue) * 365,optional
CEG,2025,Q1,quarterly,roe,Return on Equity,derived,0.009107749305341155,pure,net_income / total_stockholders_equity,important
CEG,2025,Q1,quarterly,roa,Return on Assets,derived,0.0022582867641429993,pure,net_income / total_assets,optional
CEG,2025,Q1,quarterly,roic,Return on Invested Capital,derived,0.019791010413420837,pure,(operating_income * (1 - effective_tax_rate)) / (total_debt + total_stockholders_equity - cash_and_cash_equivalents),core
CEG,2025,Q1,quarterly,revenue_yoy_growth,Revenue YoY Growth %,derived,0.16083650190114068,pure,(revenue - revenue_prior_year) / revenue_prior_year,core
CEG,2025,Q1,quarterly,eps_yoy_growth,Diluted EPS YoY Growth %,derived,-0.8633093525179857,pure,(eps_diluted - eps_diluted_prior_year) / eps_diluted_prior_year,important
CEG,2025,Q1,quarterly,diluted_share_count_change,YoY Diluted Share Count Change,derived,-0.012578616352201255,pure,(weighted_avg_shares_diluted / weighted_avg_shares_diluted_prior_year) - 1,optional
CEG,2025,Q1,quarterly,deferred_revenue_total,Total Deferred Revenue,derived,0,USD,deferred_revenue_current + deferred_revenue_noncurrent,important
CEG,2025,Q1,quarterly,segment_revenue_mix_pct,Segment Revenue Mix %,derived,,pure,segment_revenue / revenue,important
CEG,2025,Q2,quarterly,gross_profit_derived,Gross Profit (derived fallback),derived,,USD,revenue - cost_of_revenue,important
CEG,2025,Q2,quarterly,gross_margin,Gross Margin %,derived,,pure,gross_profit / revenue,core
CEG,2025,Q2,quarterly,operating_margin,Operating Margin %,derived,0.1842666149970936,pure,operating_income / revenue,core
CEG,2025,Q2,quarterly,net_margin,Net Margin %,derived,0.16256539430342956,pure,net_income / revenue,core
CEG,2025,Q2,quarterly,effective_tax_rate,Effective Tax Rate,derived,0.34564021995286726,pure,income_tax_expense / pretax_income,important
CEG,2025,Q2,quarterly,rd_intensity,R&D Intensity (R&D / Revenue),derived,,pure,research_development_expense / revenue,core
CEG,2025,Q2,quarterly,sbc_pct_revenue,Stock-Based Comp % of Revenue,derived,,pure,stock_based_compensation / revenue,important
CEG,2025,Q2,quarterly,capex_intensity,Capex Intensity (Capex / Revenue),derived,,pure,capital_expenditures / revenue,important
CEG,2025,Q2,quarterly,free_cash_flow,Free Cash Flow (FCF),derived,,USD,net_cash_from_operating_activities - capital_expenditures,core
CEG,2025,Q2,quarterly,fcf_margin,FCF Margin %,derived,,pure,free_cash_flow / revenue,core
CEG,2025,Q2,quarterly,net_working_capital,Net Working Capital,derived,2977000000,USD,total_current_assets - total_current_liabilities,important
CEG,2025,Q2,quarterly,total_debt,Total Debt,derived,7411000000,USD,short_term_debt + long_term_debt,core
CEG,2025,Q2,quarterly,net_debt,Net Debt (Net Cash),derived,5437000000,USD,total_debt - cash_and_cash_equivalents - short_term_investments,core
CEG,2025,Q2,quarterly,tangible_book_value,Tangible Book Value,derived,13026000000,USD,total_stockholders_equity - goodwill - intangible_assets_net,optional
CEG,2025,Q2,quarterly,book_value_per_share,Book Value Per Share,derived,,USD/shares,total_stockholders_equity / shares_outstanding,important
CEG,2025,Q2,quarterly,inventory_days,Days Inventory Outstanding (DIO),derived,,days,(inventory_net / cost_of_revenue) * 365,important
CEG,2025,Q2,quarterly,days_sales_outstanding,Days Sales Outstanding (DSO),derived,208.4198798682426,days,(accounts_receivable_net / revenue) * 365,optional
CEG,2025,Q2,quarterly,roe,Return on Equity,derived,0.06239773910456641,pure,net_income / total_stockholders_equity,important
CEG,2025,Q2,quarterly,roa,Return on Assets,derived,0.015818846864512237,pure,net_income / total_assets,optional
CEG,2025,Q2,quarterly,roic,Return on Invested Capital,derived,0.03295536465735441,pure,(operating_income * (1 - effective_tax_rate)) / (total_debt + total_stockholders_equity - cash_and_cash_equivalents),core
CEG,2025,Q2,quarterly,revenue_yoy_growth,Revenue YoY Growth %,derived,0.1713572401270994,pure,(revenue - revenue_prior_year) / revenue_prior_year,core
CEG,2025,Q2,quarterly,eps_yoy_growth,Diluted EPS YoY Growth %,derived,0.0348837209302325,pure,(eps_diluted - eps_diluted_prior_year) / eps_diluted_prior_year,important
CEG,2025,Q2,quarterly,diluted_share_count_change,YoY Diluted Share Count Change,derived,-0.006329113924050667,pure,(weighted_avg_shares_diluted / weighted_avg_shares_diluted_prior_year) - 1,optional
CEG,2025,Q2,quarterly,deferred_revenue_total,Total Deferred Revenue,derived,0,USD,deferred_revenue_current + deferred_revenue_noncurrent,important
CEG,2025,Q2,quarterly,segment_revenue_mix_pct,Segment Revenue Mix %,derived,,pure,segment_revenue / revenue,important
CEG,2025,Q3,quarterly,gross_profit_derived,Gross Profit (derived fallback),derived,,USD,revenue - cost_of_revenue,important
CEG,2025,Q3,quarterly,gross_margin,Gross Margin %,derived,,pure,gross_profit / revenue,core
CEG,2025,Q3,quarterly,operating_margin,Operating Margin %,derived,0.19042609153077328,pure,operating_income / revenue,core
CEG,2025,Q3,quarterly,net_margin,Net Margin %,derived,0.16307206733298263,pure,net_income / revenue,core
CEG,2025,Q3,quarterly,effective_tax_rate,Effective Tax Rate,derived,0.3340501792114695,pure,income_tax_expense / pretax_income,important
CEG,2025,Q3,quarterly,rd_intensity,R&D Intensity (R&D / Revenue),derived,,pure,research_development_expense / revenue,core
CEG,2025,Q3,quarterly,sbc_pct_revenue,Stock-Based Comp % of Revenue,derived,,pure,stock_based_compensation / revenue,important
CEG,2025,Q3,quarterly,capex_intensity,Capex Intensity (Capex / Revenue),derived,,pure,capital_expenditures / revenue,important
CEG,2025,Q3,quarterly,free_cash_flow,Free Cash Flow (FCF),derived,,USD,net_cash_from_operating_activities - capital_expenditures,core
CEG,2025,Q3,quarterly,fcf_margin,FCF Margin %,derived,,pure,free_cash_flow / revenue,core
CEG,2025,Q3,quarterly,net_working_capital,Net Working Capital,derived,4194000000,USD,total_current_assets - total_current_liabilities,important
CEG,2025,Q3,quarterly,total_debt,Total Debt,derived,7387000000,USD,short_term_debt + long_term_debt,core
CEG,2025,Q3,quarterly,net_debt,Net Debt (Net Cash),derived,3428000000,USD,total_debt - cash_and_cash_equivalents - short_term_investments,core
CEG,2025,Q3,quarterly,tangible_book_value,Tangible Book Value,derived,13930000000,USD,total_stockholders_equity - goodwill - intangible_assets_net,optional
CEG,2025,Q3,quarterly,book_value_per_share,Book Value Per Share,derived,,USD/shares,total_stockholders_equity / shares_outstanding,important
CEG,2025,Q3,quarterly,inventory_days,Days Inventory Outstanding (DIO),derived,,days,(inventory_net / cost_of_revenue) * 365,important
CEG,2025,Q3,quarterly,days_sales_outstanding,Days Sales Outstanding (DSO),derived,202.75644397685429,days,(accounts_receivable_net / revenue) * 365,optional
CEG,2025,Q3,quarterly,roe,Return on Equity,derived,0.06480836236933799,pure,net_income / total_stockholders_equity,important
CEG,2025,Q3,quarterly,roa,Return on Assets,derived,0.016559534196328413,pure,net_income / total_assets,optional
CEG,2025,Q3,quarterly,roic,Return on Invested Capital,derived,0.04068070116865475,pure,(operating_income * (1 - effective_tax_rate)) / (total_debt + total_stockholders_equity - cash_and_cash_equivalents),core
CEG,2025,Q3,quarterly,revenue_yoy_growth,Revenue YoY Growth %,derived,0.19484600879949718,pure,(revenue - revenue_prior_year) / revenue_prior_year,core
CEG,2025,Q3,quarterly,eps_yoy_growth,Diluted EPS YoY Growth %,derived,-0.22251308900523553,pure,(eps_diluted - eps_diluted_prior_year) / eps_diluted_prior_year,important
CEG,2025,Q3,quarterly,diluted_share_count_change,YoY Diluted Share Count Change,derived,-0.0031847133757961776,pure,(weighted_avg_shares_diluted / weighted_avg_shares_diluted_prior_year) - 1,optional
CEG,2025,Q3,quarterly,deferred_revenue_total,Total Deferred Revenue,derived,0,USD,deferred_revenue_current + deferred_revenue_noncurrent,important
CEG,2025,Q3,quarterly,segment_revenue_mix_pct,Segment Revenue Mix %,derived,,pure,segment_revenue / revenue,important
CEG,2025,FY,annual,gross_profit_derived,Gross Profit (derived fallback),derived,,USD,revenue - cost_of_revenue,important
CEG,2025,FY,annual,gross_margin,Gross Margin %,derived,,pure,gross_profit / revenue,core
CEG,2025,FY,annual,operating_margin,Operating Margin %,derived,0.1361690861757049,pure,operating_income / revenue,core
CEG,2025,FY,annual,net_margin,Net Margin %,derived,0.1023253761637912,pure,net_income / revenue,core
CEG,2025,FY,annual,effective_tax_rate,Effective Tax Rate,derived,0.3380803189974366,pure,income_tax_expense / pretax_income,important
CEG,2025,FY,annual,rd_intensity,R&D Intensity (R&D / Revenue),derived,,pure,research_development_expense / revenue,core
CEG,2025,FY,annual,sbc_pct_revenue,Stock-Based Comp % of Revenue,derived,0.016988042183294357,pure,stock_based_compensation / revenue,important
CEG,2025,FY,annual,capex_intensity,Capex Intensity (Capex / Revenue),derived,0.1301239906455456,pure,capital_expenditures / revenue,important
CEG,2025,FY,annual,free_cash_flow,Free Cash Flow (FCF),derived,1288000000,USD,net_cash_from_operating_activities - capital_expenditures,core
CEG,2025,FY,annual,fcf_margin,FCF Margin %,derived,0.056832722940475665,pure,free_cash_flow / revenue,core
CEG,2025,FY,annual,net_working_capital,Net Working Capital,derived,4175000000,USD,total_current_assets - total_current_liabilities,important
CEG,2025,FY,annual,total_debt,Total Debt,derived,7342000000,USD,short_term_debt + long_term_debt,core
CEG,2025,FY,annual,net_debt,Net Debt (Net Cash),derived,3701000000,USD,total_debt - cash_and_cash_equivalents - short_term_investments,core
CEG,2025,FY,annual,tangible_book_value,Tangible Book Value,derived,13896000000,USD,total_stockholders_equity - goodwill - intangible_assets_net,optional
CEG,2025,FY,annual,book_value_per_share,Book Value Per Share,derived,,USD/shares,total_stockholders_equity / shares_outstanding,important
CEG,2025,FY,annual,inventory_days,Days Inventory Outstanding (DIO),derived,,days,(inventory_net / cost_of_revenue) * 365,important
CEG,2025,FY,annual,days_sales_outstanding,Days Sales Outstanding (DSO),derived,68.70626130697613,days,(accounts_receivable_net / revenue) * 365,optional
CEG,2025,FY,annual,roe,Return on Equity,derived,0.15974374870841082,pure,net_income / total_stockholders_equity,important
CEG,2025,FY,annual,roa,Return on Assets,derived,0.04050725776869465,pure,net_income / total_assets,optional
CEG,2025,FY,annual,roic,Return on Invested Capital,derived,0.11212449970215778,pure,(operating_income * (1 - effective_tax_rate)) / (total_debt + total_stockholders_equity - cash_and_cash_equivalents),core
CEG,2025,FY,annual,revenue_yoy_growth,Revenue YoY Growth %,derived,0.1950537861210715,pure,(revenue - revenue_prior_year) / revenue_prior_year,core
CEG,2025,FY,annual,eps_yoy_growth,Diluted EPS YoY Growth %,derived,-0.3776282590412111,pure,(eps_diluted - eps_diluted_prior_year) / eps_diluted_prior_year,important
CEG,2025,FY,annual,diluted_share_count_change,YoY Diluted Share Count Change,derived,-0.0031746031746031633,pure,(weighted_avg_shares_diluted / weighted_avg_shares_diluted_prior_year) - 1,optional
CEG,2025,FY,annual,deferred_revenue_total,Total Deferred Revenue,derived,0,USD,deferred_revenue_current + deferred_revenue_noncurrent,important
CEG,2025,FY,annual,segment_revenue_mix_pct,Segment Revenue Mix %,derived,,pure,segment_revenue / revenue,important
CEG,2026,Q1,quarterly,gross_profit_derived,Gross Profit (derived fallback),derived,,USD,revenue - cost_of_revenue,important
CEG,2026,Q1,quarterly,gross_margin,Gross Margin %,derived,,pure,gross_profit / revenue,core
CEG,2026,Q1,quarterly,operating_margin,Operating Margin %,derived,0.3092428059939,pure,operating_income / revenue,core
CEG,2026,Q1,quarterly,net_margin,Net Margin %,derived,0.21084736772311363,pure,net_income / revenue,core
CEG,2026,Q1,quarterly,effective_tax_rate,Effective Tax Rate,derived,0.24941176470588236,pure,income_tax_expense / pretax_income,important
CEG,2026,Q1,quarterly,rd_intensity,R&D Intensity (R&D / Revenue),derived,,pure,research_development_expense / revenue,core
CEG,2026,Q1,quarterly,sbc_pct_revenue,Stock-Based Comp % of Revenue,derived,,pure,stock_based_compensation / revenue,important
CEG,2026,Q1,quarterly,capex_intensity,Capex Intensity (Capex / Revenue),derived,0.16907571940061,pure,capital_expenditures / revenue,important
CEG,2026,Q1,quarterly,free_cash_flow,Free Cash Flow (FCF),derived,-850000000,USD,net_cash_from_operating_activities - capital_expenditures,core
CEG,2026,Q1,quarterly,fcf_margin,FCF Margin %,derived,-0.11271714626707333,pure,free_cash_flow / revenue,core
CEG,2026,Q1,quarterly,net_working_capital,Net Working Capital,derived,4794000000,USD,total_current_assets - total_current_liabilities,important
CEG,2026,Q1,quarterly,total_debt,Total Debt,derived,17364000000,USD,short_term_debt + long_term_debt,core
CEG,2026,Q1,quarterly,net_debt,Net Debt (Net Cash),derived,16564000000,USD,total_debt - cash_and_cash_equivalents - short_term_investments,core
CEG,2026,Q1,quarterly,tangible_book_value,Tangible Book Value,derived,21956000000,USD,total_stockholders_equity - goodwill - intangible_assets_net,optional
CEG,2026,Q1,quarterly,book_value_per_share,Book Value Per Share,derived,,USD/shares,total_stockholders_equity / shares_outstanding,important
CEG,2026,Q1,quarterly,inventory_days,Days Inventory Outstanding (DIO),derived,,days,(inventory_net / cost_of_revenue) * 365,important
CEG,2026,Q1,quarterly,days_sales_outstanding,Days Sales Outstanding (DSO),derived,213.64673120275825,days,(accounts_receivable_net / revenue) * 365,optional
CEG,2026,Q1,quarterly,roe,Return on Equity,derived,0.04748678433832094,pure,net_income / total_stockholders_equity,important
CEG,2026,Q1,quarterly,roa,Return on Assets,derived,0.01640680624490512,pure,net_income / total_assets,optional
CEG,2026,Q1,quarterly,roic,Return on Invested Capital,derived,0.034974559208461695,pure,(operating_income * (1 - effective_tax_rate)) / (total_debt + total_stockholders_equity - cash_and_cash_equivalents),core
CEG,2026,Q1,quarterly,revenue_yoy_growth,Revenue YoY Growth %,derived,0.23501473960039307,pure,(revenue - revenue_prior_year) / revenue_prior_year,core
CEG,2026,Q1,quarterly,eps_yoy_growth,Diluted EPS YoY Growth %,derived,10.81578947368421,pure,(eps_diluted - eps_diluted_prior_year) / eps_diluted_prior_year,important
CEG,2026,Q1,quarterly,diluted_share_count_change,YoY Diluted Share Count Change,derived,0.1273885350318471,pure,(weighted_avg_shares_diluted / weighted_avg_shares_diluted_prior_year) - 1,optional
CEG,2026,Q1,quarterly,deferred_revenue_total,Total Deferred Revenue,derived,0,USD,deferred_revenue_current + deferred_revenue_noncurrent,important
CEG,2026,Q1,quarterly,segment_revenue_mix_pct,Segment Revenue Mix %,derived,,pure,segment_revenue / revenue,important
BE,2023,Q1,quarterly,gross_profit_derived,Gross Profit (derived fallback),derived,37847000,USD,revenue - cost_of_revenue,important
BE,2023,Q1,quarterly,gross_margin,Gross Margin %,derived,0.2097105162479567,pure,gross_profit / revenue,core
BE,2023,Q1,quarterly,operating_margin,Operating Margin %,derived,-0.2460901723918059,pure,operating_income / revenue,core
BE,2023,Q1,quarterly,net_margin,Net Margin %,derived,-0.28951080298797005,pure,net_income / revenue,core
BE,2023,Q1,quarterly,effective_tax_rate,Effective Tax Rate,derived,-0.003469152669506282,pure,income_tax_expense / pretax_income,important
BE,2023,Q1,quarterly,rd_intensity,R&D Intensity (R&D / Revenue),derived,0.17656538020102716,pure,research_development_expense / revenue,core
BE,2023,Q1,quarterly,sbc_pct_revenue,Stock-Based Comp % of Revenue,derived,,pure,stock_based_compensation / revenue,important
BE,2023,Q1,quarterly,capex_intensity,Capex Intensity (Capex / Revenue),derived,0.1026931147617005,pure,capital_expenditures / revenue,important
BE,2023,Q1,quarterly,free_cash_flow,Free Cash Flow (FCF),derived,-341284000,USD,net_cash_from_operating_activities - capital_expenditures,core
BE,2023,Q1,quarterly,fcf_margin,FCF Margin %,derived,-1.3188649423621657,pure,free_cash_flow / revenue,core
BE,2023,Q1,quarterly,net_working_capital,Net Working Capital,derived,473338000,USD,total_current_assets - total_current_liabilities,important
BE,2023,Q1,quarterly,total_debt,Total Debt,derived,402352000,USD,short_term_debt + long_term_debt,core
BE,2023,Q1,quarterly,net_debt,Net Debt (Net Cash),derived,81921000,USD,total_debt - cash_and_cash_equivalents - short_term_investments,core
BE,2023,Q1,quarterly,tangible_book_value,Tangible Book Value,derived,399315000,USD,total_stockholders_equity - goodwill - intangible_assets_net,optional
BE,2023,Q1,quarterly,book_value_per_share,Book Value Per Share,derived,,USD/shares,total_stockholders_equity / shares_outstanding,important
BE,2023,Q1,quarterly,inventory_days,Days Inventory Outstanding (DIO),derived,657.0426255182778,days,(inventory_net / cost_of_revenue) * 365,important
BE,2023,Q1,quarterly,days_sales_outstanding,Days Sales Outstanding (DSO),derived,465.1267143536177,days,(accounts_receivable_net / revenue) * 365,optional
BE,2023,Q1,quarterly,roe,Return on Equity,derived,-0.18761378861299977,pure,net_income / total_stockholders_equity,important
BE,2023,Q1,quarterly,roa,Return on Assets,derived,-0.034174189516515296,pure,net_income / total_assets,optional
BE,2023,Q1,quarterly,roic,Return on Invested Capital,derived,-0.13278707143926646,pure,(operating_income * (1 - effective_tax_rate)) / (total_debt + total_stockholders_equity - cash_and_cash_equivalents),core
BE,2023,Q1,quarterly,revenue_yoy_growth,Revenue YoY Growth %,derived,,pure,(revenue - revenue_prior_year) / revenue_prior_year,core
BE,2023,Q1,quarterly,eps_yoy_growth,Diluted EPS YoY Growth %,derived,,pure,(eps_diluted - eps_diluted_prior_year) / eps_diluted_prior_year,important
BE,2023,Q1,quarterly,diluted_share_count_change,YoY Diluted Share Count Change,derived,,pure,(weighted_avg_shares_diluted / weighted_avg_shares_diluted_prior_year) - 1,optional
BE,2023,Q1,quarterly,deferred_revenue_total,Total Deferred Revenue,derived,0,USD,deferred_revenue_current + deferred_revenue_noncurrent,important
BE,2023,Q1,quarterly,segment_revenue_mix_pct,Segment Revenue Mix %,derived,,pure,segment_revenue / revenue,important
BE,2023,Q2,quarterly,gross_profit_derived,Gross Profit (derived fallback),derived,40546000,USD,revenue - cost_of_revenue,important
BE,2023,Q2,quarterly,gross_margin,Gross Margin %,derived,0.19751762235752268,pure,gross_profit / revenue,core
BE,2023,Q2,quarterly,operating_margin,Operating Margin %,derived,-0.19087878692282617,pure,operating_income / revenue,core
BE,2023,Q2,quarterly,net_margin,Net Margin %,derived,-0.24206511947450146,pure,net_income / revenue,core
BE,2023,Q2,quarterly,effective_tax_rate,Effective Tax Rate,derived,-0.0025841668965316997,pure,income_tax_expense / pretax_income,important
BE,2023,Q2,quarterly,rd_intensity,R&D Intensity (R&D / Revenue),derived,0.1454409707982376,pure,research_development_expense / revenue,core
BE,2023,Q2,quarterly,sbc_pct_revenue,Stock-Based Comp % of Revenue,derived,,pure,stock_based_compensation / revenue,important
BE,2023,Q2,quarterly,capex_intensity,Capex Intensity (Capex / Revenue),derived,,pure,capital_expenditures / revenue,important
BE,2023,Q2,quarterly,free_cash_flow,Free Cash Flow (FCF),derived,,USD,net_cash_from_operating_activities - capital_expenditures,core
BE,2023,Q2,quarterly,fcf_margin,FCF Margin %,derived,,pure,free_cash_flow / revenue,core
BE,2023,Q2,quarterly,net_working_capital,Net Working Capital,derived,947851000,USD,total_current_assets - total_current_liabilities,important
BE,2023,Q2,quarterly,total_debt,Total Debt,derived,957830000,USD,short_term_debt + long_term_debt,core
BE,2023,Q2,quarterly,net_debt,Net Debt (Net Cash),derived,190775000,USD,total_debt - cash_and_cash_equivalents - short_term_investments,core
BE,2023,Q2,quarterly,tangible_book_value,Tangible Book Value,derived,307756000,USD,total_stockholders_equity - goodwill - intangible_assets_net,optional
BE,2023,Q2,quarterly,book_value_per_share,Book Value Per Share,derived,,USD/shares,total_stockholders_equity / shares_outstanding,important
BE,2023,Q2,quarterly,inventory_days,Days Inventory Outstanding (DIO),derived,698.3476271221067,days,(inventory_net / cost_of_revenue) * 365,important
BE,2023,Q2,quarterly,days_sales_outstanding,Days Sales Outstanding (DSO),derived,449.09466124062794,days,(accounts_receivable_net / revenue) * 365,optional
BE,2023,Q2,quarterly,roe,Return on Equity,derived,-0.22439530017286421,pure,net_income / total_stockholders_equity,important
BE,2023,Q2,quarterly,roa,Return on Assets,derived,-0.025390253031175387,pure,net_income / total_assets,optional
BE,2023,Q2,quarterly,roic,Return on Invested Capital,derived,-0.10951520244983266,pure,(operating_income * (1 - effective_tax_rate)) / (total_debt + total_stockholders_equity - cash_and_cash_equivalents),core
BE,2023,Q2,quarterly,revenue_yoy_growth,Revenue YoY Growth %,derived,,pure,(revenue - revenue_prior_year) / revenue_prior_year,core
BE,2023,Q2,quarterly,eps_yoy_growth,Diluted EPS YoY Growth %,derived,,pure,(eps_diluted - eps_diluted_prior_year) / eps_diluted_prior_year,important
BE,2023,Q2,quarterly,diluted_share_count_change,YoY Diluted Share Count Change,derived,,pure,(weighted_avg_shares_diluted / weighted_avg_shares_diluted_prior_year) - 1,optional
BE,2023,Q2,quarterly,deferred_revenue_total,Total Deferred Revenue,derived,0,USD,deferred_revenue_current + deferred_revenue_noncurrent,important
BE,2023,Q2,quarterly,segment_revenue_mix_pct,Segment Revenue Mix %,derived,,pure,segment_revenue / revenue,important
BE,2023,Q3,quarterly,gross_profit_derived,Gross Profit (derived fallback),derived,-22043000,USD,revenue - cost_of_revenue,important
BE,2023,Q3,quarterly,gross_margin,Gross Margin %,derived,-0.013597990814705859,pure,gross_profit / revenue,core
BE,2023,Q3,quarterly,operating_margin,Operating Margin %,derived,-0.2704680535887064,pure,operating_income / revenue,core
BE,2023,Q3,quarterly,net_margin,Net Margin %,derived,-0.4383435174825722,pure,net_income / revenue,core
BE,2023,Q3,quarterly,effective_tax_rate,Effective Tax Rate,derived,-0.0038582827655406376,pure,income_tax_expense / pretax_income,important
BE,2023,Q3,quarterly,rd_intensity,R&D Intensity (R&D / Revenue),derived,0.09160779159136134,pure,research_development_expense / revenue,core
BE,2023,Q3,quarterly,sbc_pct_revenue,Stock-Based Comp % of Revenue,derived,,pure,stock_based_compensation / revenue,important
BE,2023,Q3,quarterly,capex_intensity,Capex Intensity (Capex / Revenue),derived,,pure,capital_expenditures / revenue,important
BE,2023,Q3,quarterly,free_cash_flow,Free Cash Flow (FCF),derived,,USD,net_cash_from_operating_activities - capital_expenditures,core
BE,2023,Q3,quarterly,fcf_margin,FCF Margin %,derived,,pure,free_cash_flow / revenue,core
BE,2023,Q3,quarterly,net_working_capital,Net Working Capital,derived,1220746000,USD,total_current_assets - total_current_liabilities,important
BE,2023,Q3,quarterly,total_debt,Total Debt,derived,841975000,USD,short_term_debt + long_term_debt,core
BE,2023,Q3,quarterly,net_debt,Net Debt (Net Cash),derived,284591000,USD,total_debt - cash_and_cash_equivalents - short_term_investments,core
BE,2023,Q3,quarterly,tangible_book_value,Tangible Book Value,derived,486613000,USD,total_stockholders_equity - goodwill - intangible_assets_net,optional
BE,2023,Q3,quarterly,book_value_per_share,Book Value Per Share,derived,,USD/shares,total_stockholders_equity / shares_outstanding,important
BE,2023,Q3,quarterly,inventory_days,Days Inventory Outstanding (DIO),derived,428.1617556389679,days,(inventory_net / cost_of_revenue) * 365,important
BE,2023,Q3,quarterly,days_sales_outstanding,Days Sales Outstanding (DSO),derived,318.409642733264,days,(accounts_receivable_net / revenue) * 365,optional
BE,2023,Q3,quarterly,roe,Return on Equity,derived,-0.3454038424785199,pure,net_income / total_stockholders_equity,important
BE,2023,Q3,quarterly,roa,Return on Assets,derived,-0.07073477845879844,pure,net_income / total_assets,optional
BE,2023,Q3,quarterly,roic,Return on Invested Capital,derived,-0.13499428787849738,pure,(operating_income * (1 - effective_tax_rate)) / (total_debt + total_stockholders_equity - cash_and_cash_equivalents),core
BE,2023,Q3,quarterly,revenue_yoy_growth,Revenue YoY Growth %,derived,,pure,(revenue - revenue_prior_year) / revenue_prior_year,core
BE,2023,Q3,quarterly,eps_yoy_growth,Diluted EPS YoY Growth %,derived,,pure,(eps_diluted - eps_diluted_prior_year) / eps_diluted_prior_year,important
BE,2023,Q3,quarterly,diluted_share_count_change,YoY Diluted Share Count Change,derived,,pure,(weighted_avg_shares_diluted / weighted_avg_shares_diluted_prior_year) - 1,optional
BE,2023,Q3,quarterly,deferred_revenue_total,Total Deferred Revenue,derived,0,USD,deferred_revenue_current + deferred_revenue_noncurrent,important
BE,2023,Q3,quarterly,segment_revenue_mix_pct,Segment Revenue Mix %,derived,,pure,segment_revenue / revenue,important
BE,2023,FY,annual,gross_profit_derived,Gross Profit (derived fallback),derived,133106000,USD,revenue - cost_of_revenue,important
BE,2023,FY,annual,gross_margin,Gross Margin %,derived,0.15589281689052967,pure,gross_profit / revenue,core
BE,2023,FY,annual,operating_margin,Operating Margin %,derived,-0.16465161075740356,pure,operating_income / revenue,core
BE,2023,FY,annual,net_margin,Net Margin %,derived,-0.23811497956307703,pure,net_income / revenue,core
BE,2023,FY,annual,effective_tax_rate,Effective Tax Rate,derived,-0.006188672833556069,pure,income_tax_expense / pretax_income,important
BE,2023,FY,annual,rd_intensity,R&D Intensity (R&D / Revenue),derived,0.12284616269776841,pure,research_development_expense / revenue,core
BE,2023,FY,annual,sbc_pct_revenue,Stock-Based Comp % of Revenue,derived,,pure,stock_based_compensation / revenue,important
BE,2023,FY,annual,capex_intensity,Capex Intensity (Capex / Revenue),derived,0.06599951764763372,pure,capital_expenditures / revenue,important
BE,2023,FY,annual,free_cash_flow,Free Cash Flow (FCF),derived,-456270000,USD,net_cash_from_operating_activities - capital_expenditures,core
BE,2023,FY,annual,fcf_margin,FCF Margin %,derived,-0.3596126048446463,pure,free_cash_flow / revenue,core
BE,2023,FY,annual,net_working_capital,Net Working Capital,derived,1222745000,USD,total_current_assets - total_current_liabilities,important
BE,2023,FY,annual,total_debt,Total Debt,derived,846633000,USD,short_term_debt + long_term_debt,core
BE,2023,FY,annual,net_debt,Net Debt (Net Cash),derived,182040000,USD,total_debt - cash_and_cash_equivalents - short_term_investments,core
BE,2023,FY,annual,tangible_book_value,Tangible Book Value,derived,502078000,USD,total_stockholders_equity - goodwill - intangible_assets_net,optional
BE,2023,FY,annual,book_value_per_share,Book Value Per Share,derived,,USD/shares,total_stockholders_equity / shares_outstanding,important
BE,2023,FY,annual,inventory_days,Days Inventory Outstanding (DIO),derived,161.5055482373494,days,(inventory_net / cost_of_revenue) * 365,important
BE,2023,FY,annual,days_sales_outstanding,Days Sales Outstanding (DSO),derived,98.02322227143829,days,(accounts_receivable_net / revenue) * 365,optional
BE,2023,FY,annual,roe,Return on Equity,derived,-0.6017312051115564,pure,net_income / total_stockholders_equity,important
BE,2023,FY,annual,roa,Return on Assets,derived,-0.12516836345542506,pure,net_income / total_assets,optional
BE,2023,FY,annual,roic,Return on Invested Capital,derived,-0.3072567262893824,pure,(operating_income * (1 - effective_tax_rate)) / (total_debt + total_stockholders_equity - cash_and_cash_equivalents),core
BE,2023,FY,annual,revenue_yoy_growth,Revenue YoY Growth %,derived,,pure,(revenue - revenue_prior_year) / revenue_prior_year,core
BE,2023,FY,annual,eps_yoy_growth,Diluted EPS YoY Growth %,derived,,pure,(eps_diluted - eps_diluted_prior_year) / eps_diluted_prior_year,important
BE,2023,FY,annual,diluted_share_count_change,YoY Diluted Share Count Change,derived,,pure,(weighted_avg_shares_diluted / weighted_avg_shares_diluted_prior_year) - 1,optional
BE,2023,FY,annual,deferred_revenue_total,Total Deferred Revenue,derived,0,USD,deferred_revenue_current + deferred_revenue_noncurrent,important
BE,2023,FY,annual,segment_revenue_mix_pct,Segment Revenue Mix %,derived,,pure,segment_revenue / revenue,important
BE,2024,Q1,quarterly,gross_profit_derived,Gross Profit (derived fallback),derived,28873000,USD,revenue - cost_of_revenue,important
BE,2024,Q1,quarterly,gross_margin,Gross Margin %,derived,0.16840708551714986,pure,gross_profit / revenue,core
BE,2024,Q1,quarterly,operating_margin,Operating Margin %,derived,-0.2167982485238506,pure,operating_income / revenue,core
BE,2024,Q1,quarterly,net_margin,Net Margin %,derived,-0.2500851412017073,pure,net_income / revenue,core
BE,2024,Q1,quarterly,effective_tax_rate,Effective Tax Rate,derived,0.008782694060725054,pure,income_tax_expense / pretax_income,important
BE,2024,Q1,quarterly,rd_intensity,R&D Intensity (R&D / Revenue),derived,0.1569473009133329,pure,research_development_expense / revenue,core
BE,2024,Q1,quarterly,sbc_pct_revenue,Stock-Based Comp % of Revenue,derived,,pure,stock_based_compensation / revenue,important
BE,2024,Q1,quarterly,capex_intensity,Capex Intensity (Capex / Revenue),derived,0.09480528096596563,pure,capital_expenditures / revenue,important
BE,2024,Q1,quarterly,free_cash_flow,Free Cash Flow (FCF),derived,-168701000,USD,net_cash_from_operating_activities - capital_expenditures,core
BE,2024,Q1,quarterly,fcf_margin,FCF Margin %,derived,-0.7461509542448971,pure,free_cash_flow / revenue,core
BE,2024,Q1,quarterly,net_working_capital,Net Working Capital,derived,1224924000,USD,total_current_assets - total_current_liabilities,important
BE,2024,Q1,quarterly,total_debt,Total Debt,derived,847935000,USD,short_term_debt + long_term_debt,core
BE,2024,Q1,quarterly,net_debt,Net Debt (Net Cash),derived,331978000,USD,total_debt - cash_and_cash_equivalents - short_term_investments,core
BE,2024,Q1,quarterly,tangible_book_value,Tangible Book Value,derived,466115000,USD,total_stockholders_equity - goodwill - intangible_assets_net,optional
BE,2024,Q1,quarterly,book_value_per_share,Book Value Per Share,derived,,USD/shares,total_stockholders_equity / shares_outstanding,important
BE,2024,Q1,quarterly,inventory_days,Days Inventory Outstanding (DIO),derived,974.1211173195688,days,(inventory_net / cost_of_revenue) * 365,important
BE,2024,Q1,quarterly,days_sales_outstanding,Days Sales Outstanding (DSO),derived,562.4805059819987,days,(accounts_receivable_net / revenue) * 365,optional
BE,2024,Q1,quarterly,roe,Return on Equity,derived,-0.1213069736009354,pure,net_income / total_stockholders_equity,important
BE,2024,Q1,quarterly,roa,Return on Assets,derived,-0.024733886426129916,pure,net_income / total_assets,optional
BE,2024,Q1,quarterly,roic,Return on Invested Capital,derived,-0.06087824186557888,pure,(operating_income * (1 - effective_tax_rate)) / (total_debt + total_stockholders_equity - cash_and_cash_equivalents),core
BE,2024,Q1,quarterly,revenue_yoy_growth,Revenue YoY Growth %,derived,-0.12627380966182455,pure,(revenue - revenue_prior_year) / revenue_prior_year,core
BE,2024,Q1,quarterly,eps_yoy_growth,Diluted EPS YoY Growth %,derived,-0.28571428571428564,pure,(eps_diluted - eps_diluted_prior_year) / eps_diluted_prior_year,important
BE,2024,Q1,quarterly,diluted_share_count_change,YoY Diluted Share Count Change,derived,0.0912472668872506,pure,(weighted_avg_shares_diluted / weighted_avg_shares_diluted_prior_year) - 1,optional
BE,2024,Q1,quarterly,deferred_revenue_total,Total Deferred Revenue,derived,0,USD,deferred_revenue_current + deferred_revenue_noncurrent,important
BE,2024,Q1,quarterly,segment_revenue_mix_pct,Segment Revenue Mix %,derived,,pure,segment_revenue / revenue,important
BE,2024,Q2,quarterly,gross_profit_derived,Gross Profit (derived fallback),derived,59220000,USD,revenue - cost_of_revenue,important
BE,2024,Q2,quarterly,gross_margin,Gross Margin %,derived,0.20989079993261145,pure,gross_profit / revenue,core
BE,2024,Q2,quarterly,operating_margin,Operating Margin %,derived,-0.07084373516303433,pure,operating_income / revenue,core
BE,2024,Q2,quarterly,net_margin,Net Margin %,derived,-0.18741672154748595,pure,net_income / revenue,core
BE,2024,Q2,quarterly,effective_tax_rate,Effective Tax Rate,derived,-0.014188864393575229,pure,income_tax_expense / pretax_income,important
BE,2024,Q2,quarterly,rd_intensity,R&D Intensity (R&D / Revenue),derived,0.1144502473465762,pure,research_development_expense / revenue,core
BE,2024,Q2,quarterly,sbc_pct_revenue,Stock-Based Comp % of Revenue,derived,,pure,stock_based_compensation / revenue,important
BE,2024,Q2,quarterly,capex_intensity,Capex Intensity (Capex / Revenue),derived,,pure,capital_expenditures / revenue,important
BE,2024,Q2,quarterly,free_cash_flow,Free Cash Flow (FCF),derived,,USD,net_cash_from_operating_activities - capital_expenditures,core
BE,2024,Q2,quarterly,fcf_margin,FCF Margin %,derived,,pure,free_cash_flow / revenue,core
BE,2024,Q2,quarterly,net_working_capital,Net Working Capital,derived,1436539000,USD,total_current_assets - total_current_liabilities,important
BE,2024,Q2,quarterly,total_debt,Total Debt,derived,1125358000,USD,short_term_debt + long_term_debt,core
BE,2024,Q2,quarterly,net_debt,Net Debt (Net Cash),derived,543674000,USD,total_debt - cash_and_cash_equivalents - short_term_investments,core
BE,2024,Q2,quarterly,tangible_book_value,Tangible Book Value,derived,423253000,USD,total_stockholders_equity - goodwill - intangible_assets_net,optional
BE,2024,Q2,quarterly,book_value_per_share,Book Value Per Share,derived,,USD/shares,total_stockholders_equity / shares_outstanding,important
BE,2024,Q2,quarterly,inventory_days,Days Inventory Outstanding (DIO),derived,710.504742838968,days,(inventory_net / cost_of_revenue) * 365,important
BE,2024,Q2,quarterly,days_sales_outstanding,Days Sales Outstanding (DSO),derived,585.8514695296586,days,(accounts_receivable_net / revenue) * 365,optional
BE,2024,Q2,quarterly,roe,Return on Equity,derived,-0.14455892811155502,pure,net_income / total_stockholders_equity,important
BE,2024,Q2,quarterly,roa,Return on Assets,derived,-0.024012536675190852,pure,net_income / total_assets,optional
BE,2024,Q2,quarterly,roic,Return on Invested Capital,derived,-0.024258460106807038,pure,(operating_income * (1 - effective_tax_rate)) / (total_debt + total_stockholders_equity - cash_and_cash_equivalents),core
BE,2024,Q2,quarterly,revenue_yoy_growth,Revenue YoY Growth %,derived,0.14432281424931034,pure,(revenue - revenue_prior_year) / revenue_prior_year,core
BE,2024,Q2,quarterly,eps_yoy_growth,Diluted EPS YoY Growth %,derived,-0.15624999999999997,pure,(eps_diluted - eps_diluted_prior_year) / eps_diluted_prior_year,important
BE,2024,Q2,quarterly,diluted_share_count_change,YoY Diluted Share Count Change,derived,0.08852759089950735,pure,(weighted_avg_shares_diluted / weighted_avg_shares_diluted_prior_year) - 1,optional
BE,2024,Q2,quarterly,deferred_revenue_total,Total Deferred Revenue,derived,0,USD,deferred_revenue_current + deferred_revenue_noncurrent,important
BE,2024,Q2,quarterly,segment_revenue_mix_pct,Segment Revenue Mix %,derived,,pure,segment_revenue / revenue,important
BE,2024,Q3,quarterly,gross_profit_derived,Gross Profit (derived fallback),derived,70131000,USD,revenue - cost_of_revenue,important
BE,2024,Q3,quarterly,gross_margin,Gross Margin %,derived,0.24467053661325808,pure,gross_profit / revenue,core
BE,2024,Q3,quarterly,operating_margin,Operating Margin %,derived,-0.029991050230580865,pure,operating_income / revenue,core
BE,2024,Q3,quarterly,net_margin,Net Margin %,derived,-0.04546980074332807,pure,net_income / revenue,core
BE,2024,Q3,quarterly,effective_tax_rate,Effective Tax Rate,derived,-0.007505336363010397,pure,income_tax_expense / pretax_income,important
BE,2024,Q3,quarterly,rd_intensity,R&D Intensity (R&D / Revenue),derived,0.1128509987694067,pure,research_development_expense / revenue,core
BE,2024,Q3,quarterly,sbc_pct_revenue,Stock-Based Comp % of Revenue,derived,,pure,stock_based_compensation / revenue,important
BE,2024,Q3,quarterly,capex_intensity,Capex Intensity (Capex / Revenue),derived,,pure,capital_expenditures / revenue,important
BE,2024,Q3,quarterly,free_cash_flow,Free Cash Flow (FCF),derived,,USD,net_cash_from_operating_activities - capital_expenditures,core
BE,2024,Q3,quarterly,fcf_margin,FCF Margin %,derived,,pure,free_cash_flow / revenue,core
BE,2024,Q3,quarterly,net_working_capital,Net Working Capital,derived,1335965000,USD,total_current_assets - total_current_liabilities,important
BE,2024,Q3,quarterly,total_debt,Total Debt,derived,1127436000,USD,short_term_debt + long_term_debt,core
BE,2024,Q3,quarterly,net_debt,Net Debt (Net Cash),derived,631759000,USD,total_debt - cash_and_cash_equivalents - short_term_investments,core
BE,2024,Q3,quarterly,tangible_book_value,Tangible Book Value,derived,430944000,USD,total_stockholders_equity - goodwill - intangible_assets_net,optional
BE,2024,Q3,quarterly,book_value_per_share,Book Value Per Share,derived,,USD/shares,total_stockholders_equity / shares_outstanding,important
BE,2024,Q3,quarterly,inventory_days,Days Inventory Outstanding (DIO),derived,847.7009516619316,days,(inventory_net / cost_of_revenue) * 365,important
BE,2024,Q3,quarterly,days_sales_outstanding,Days Sales Outstanding (DSO),derived,670.1133948215639,days,(accounts_receivable_net / revenue) * 365,optional
BE,2024,Q3,quarterly,roe,Return on Equity,derived,-0.03395336749090369,pure,net_income / total_stockholders_equity,important
BE,2024,Q3,quarterly,roa,Return on Assets,derived,-0.005617932230812853,pure,net_income / total_assets,optional
BE,2024,Q3,quarterly,roic,Return on Invested Capital,derived,-0.009149719160705685,pure,(operating_income * (1 - effective_tax_rate)) / (total_debt + total_stockholders_equity - cash_and_cash_equivalents),core
BE,2024,Q3,quarterly,revenue_yoy_growth,Revenue YoY Growth %,derived,-0.16076351127558752,pure,(revenue - revenue_prior_year) / revenue_prior_year,core
BE,2024,Q3,quarterly,eps_yoy_growth,Diluted EPS YoY Growth %,derived,-0.9249999999999999,pure,(eps_diluted - eps_diluted_prior_year) / eps_diluted_prior_year,important
BE,2024,Q3,quarterly,diluted_share_count_change,YoY Diluted Share Count Change,derived,0.0807234627601574,pure,(weighted_avg_shares_diluted / weighted_avg_shares_diluted_prior_year) - 1,optional
BE,2024,Q3,quarterly,deferred_revenue_total,Total Deferred Revenue,derived,0,USD,deferred_revenue_current + deferred_revenue_noncurrent,important
BE,2024,Q3,quarterly,segment_revenue_mix_pct,Segment Revenue Mix %,derived,,pure,segment_revenue / revenue,important
BE,2024,FY,annual,gross_profit_derived,Gross Profit (derived fallback),derived,372186000,USD,revenue - cost_of_revenue,important
BE,2024,FY,annual,gross_margin,Gross Margin %,derived,0.2807337896508519,pure,gross_profit / revenue,core
BE,2024,FY,annual,operating_margin,Operating Margin %,derived,0.015893641849487373,pure,operating_income / revenue,core
BE,2024,FY,annual,net_margin,Net Margin %,derived,-0.01887270239781767,pure,net_income / revenue,core
BE,2024,FY,annual,effective_tax_rate,Effective Tax Rate,derived,-0.03209773494707288,pure,income_tax_expense / pretax_income,important
BE,2024,FY,annual,rd_intensity,R&D Intensity (R&D / Revenue),derived,0.10311476251462126,pure,research_development_expense / revenue,core
BE,2024,FY,annual,sbc_pct_revenue,Stock-Based Comp % of Revenue,derived,,pure,stock_based_compensation / revenue,important
BE,2024,FY,annual,capex_intensity,Capex Intensity (Capex / Revenue),derived,0.04082991881470299,pure,capital_expenditures / revenue,important
BE,2024,FY,annual,free_cash_flow,Free Cash Flow (FCF),derived,33146000,USD,net_cash_from_operating_activities - capital_expenditures,core
BE,2024,FY,annual,fcf_margin,FCF Margin %,derived,0.022995794349081514,pure,free_cash_flow / revenue,core
BE,2024,FY,annual,net_working_capital,Net Working Capital,derived,1407369000,USD,total_current_assets - total_current_liabilities,important
BE,2024,FY,annual,total_debt,Total Debt,derived,1128792000,USD,short_term_debt + long_term_debt,core
BE,2024,FY,annual,net_debt,Net Debt (Net Cash),derived,325941000,USD,total_debt - cash_and_cash_equivalents - short_term_investments,core
BE,2024,FY,annual,tangible_book_value,Tangible Book Value,derived,562471000,USD,total_stockholders_equity - goodwill - intangible_assets_net,optional
BE,2024,FY,annual,book_value_per_share,Book Value Per Share,derived,,USD/shares,total_stockholders_equity / shares_outstanding,important
BE,2024,FY,annual,inventory_days,Days Inventory Outstanding (DIO),derived,185.93149321740952,days,(inventory_net / cost_of_revenue) * 365,important
BE,2024,FY,annual,days_sales_outstanding,Days Sales Outstanding (DSO),derived,85.04403723062535,days,(accounts_receivable_net / revenue) * 365,optional
BE,2024,FY,annual,roe,Return on Equity,derived,-0.048363382289931395,pure,net_income / total_stockholders_equity,important
BE,2024,FY,annual,roa,Return on Assets,derived,-0.01023687472576104,pure,net_income / total_assets,optional
BE,2024,FY,annual,roic,Return on Invested Capital,derived,0.02661414637567085,pure,(operating_income * (1 - effective_tax_rate)) / (total_debt + total_stockholders_equity - cash_and_cash_equivalents),core
BE,2024,FY,annual,revenue_yoy_growth,Revenue YoY Growth %,derived,0.13604543570132616,pure,(revenue - revenue_prior_year) / revenue_prior_year,core
BE,2024,FY,annual,eps_yoy_growth,Diluted EPS YoY Growth %,derived,-0.9084507042253522,pure,(eps_diluted - eps_diluted_prior_year) / eps_diluted_prior_year,important
BE,2024,FY,annual,diluted_share_count_change,YoY Diluted Share Count Change,derived,0.06904236861778901,pure,(weighted_avg_shares_diluted / weighted_avg_shares_diluted_prior_year) - 1,optional
BE,2024,FY,annual,deferred_revenue_total,Total Deferred Revenue,derived,0,USD,deferred_revenue_current + deferred_revenue_noncurrent,important
BE,2024,FY,annual,segment_revenue_mix_pct,Segment Revenue Mix %,derived,,pure,segment_revenue / revenue,important
BE,2025,Q1,quarterly,gross_profit_derived,Gross Profit (derived fallback),derived,81948000,USD,revenue - cost_of_revenue,important
BE,2025,Q1,quarterly,gross_margin,Gross Margin %,derived,0.27785016694752274,pure,gross_profit / revenue,core
BE,2025,Q1,quarterly,operating_margin,Operating Margin %,derived,-0.05973150578521716,pure,operating_income / revenue,core
BE,2025,Q1,quarterly,net_margin,Net Margin %,derived,-0.07333788549843076,pure,net_income / revenue,core
BE,2025,Q1,quarterly,effective_tax_rate,Effective Tax Rate,derived,-0.018752991341426273,pure,income_tax_expense / pretax_income,important
BE,2025,Q1,quarterly,rd_intensity,R&D Intensity (R&D / Revenue),derived,0.12720586853430724,pure,research_development_expense / revenue,core
BE,2025,Q1,quarterly,sbc_pct_revenue,Stock-Based Comp % of Revenue,derived,,pure,stock_based_compensation / revenue,important
BE,2025,Q1,quarterly,capex_intensity,Capex Intensity (Capex / Revenue),derived,0.044662377608359276,pure,capital_expenditures / revenue,important
BE,2025,Q1,quarterly,free_cash_flow,Free Cash Flow (FCF),derived,-124941000,USD,net_cash_from_operating_activities - capital_expenditures,core
BE,2025,Q1,quarterly,fcf_margin,FCF Margin %,derived,-0.3913431601631262,pure,free_cash_flow / revenue,core
BE,2025,Q1,quarterly,net_working_capital,Net Working Capital,derived,1424459000,USD,total_current_assets - total_current_liabilities,important
BE,2025,Q1,quarterly,total_debt,Total Debt,derived,1130813000,USD,short_term_debt + long_term_debt,core
BE,2025,Q1,quarterly,net_debt,Net Debt (Net Cash),derived,336062000,USD,total_debt - cash_and_cash_equivalents - short_term_investments,core
BE,2025,Q1,quarterly,tangible_book_value,Tangible Book Value,derived,578271000,USD,total_stockholders_equity - goodwill - intangible_assets_net,optional
BE,2025,Q1,quarterly,book_value_per_share,Book Value Per Share,derived,,USD/shares,total_stockholders_equity / shares_outstanding,important
BE,2025,Q1,quarterly,inventory_days,Days Inventory Outstanding (DIO),derived,942.0597183478429,days,(inventory_net / cost_of_revenue) * 365,important
BE,2025,Q1,quarterly,days_sales_outstanding,Days Sales Outstanding (DSO),derived,381.82766818475113,days,(accounts_receivable_net / revenue) * 365,optional
BE,2025,Q1,quarterly,roe,Return on Equity,derived,-0.040489666609599996,pure,net_income / total_stockholders_equity,important
BE,2025,Q1,quarterly,roa,Return on Assets,derived,-0.00897781581482095,pure,net_income / total_assets,optional
BE,2025,Q1,quarterly,roic,Return on Invested Capital,derived,-0.021247859964456058,pure,(operating_income * (1 - effective_tax_rate)) / (total_debt + total_stockholders_equity - cash_and_cash_equivalents),core
BE,2025,Q1,quarterly,revenue_yoy_growth,Revenue YoY Growth %,derived,0.41207014750436766,pure,(revenue - revenue_prior_year) / revenue_prior_year,core
BE,2025,Q1,quarterly,eps_yoy_growth,Diluted EPS YoY Growth %,derived,-0.6,pure,(eps_diluted - eps_diluted_prior_year) / eps_diluted_prior_year,important
BE,2025,Q1,quarterly,diluted_share_count_change,YoY Diluted Share Count Change,derived,0.020493202179203696,pure,(weighted_avg_shares_diluted / weighted_avg_shares_diluted_prior_year) - 1,optional
BE,2025,Q1,quarterly,deferred_revenue_total,Total Deferred Revenue,derived,0,USD,deferred_revenue_current + deferred_revenue_noncurrent,important
BE,2025,Q1,quarterly,segment_revenue_mix_pct,Segment Revenue Mix %,derived,,pure,segment_revenue / revenue,important
BE,2025,Q2,quarterly,gross_profit_derived,Gross Profit (derived fallback),derived,102137000,USD,revenue - cost_of_revenue,important
BE,2025,Q2,quarterly,gross_margin,Gross Margin %,derived,0.27033786239198904,pure,gross_profit / revenue,core
BE,2025,Q2,quarterly,operating_margin,Operating Margin %,derived,-0.00884024469030122,pure,operating_income / revenue,core
BE,2025,Q2,quarterly,net_margin,Net Margin %,derived,-0.10647662117419042,pure,net_income / revenue,core
BE,2025,Q2,quarterly,effective_tax_rate,Effective Tax Rate,derived,-0.024699453551912567,pure,income_tax_expense / pretax_income,important
BE,2025,Q2,quarterly,rd_intensity,R&D Intensity (R&D / Revenue),derived,0.10288298473713962,pure,research_development_expense / revenue,core
BE,2025,Q2,quarterly,sbc_pct_revenue,Stock-Based Comp % of Revenue,derived,,pure,stock_based_compensation / revenue,important
BE,2025,Q2,quarterly,capex_intensity,Capex Intensity (Capex / Revenue),derived,,pure,capital_expenditures / revenue,important
BE,2025,Q2,quarterly,free_cash_flow,Free Cash Flow (FCF),derived,,USD,net_cash_from_operating_activities - capital_expenditures,core
BE,2025,Q2,quarterly,fcf_margin,FCF Margin %,derived,,pure,free_cash_flow / revenue,core
BE,2025,Q2,quarterly,net_working_capital,Net Working Capital,derived,1545947000,USD,total_current_assets - total_current_liabilities,important
BE,2025,Q2,quarterly,total_debt,Total Debt,derived,1132897000,USD,short_term_debt + long_term_debt,core
BE,2025,Q2,quarterly,net_debt,Net Debt (Net Cash),derived,558133000,USD,total_debt - cash_and_cash_equivalents - short_term_investments,core
BE,2025,Q2,quarterly,tangible_book_value,Tangible Book Value,derived,594581000,USD,total_stockholders_equity - goodwill - intangible_assets_net,optional
BE,2025,Q2,quarterly,book_value_per_share,Book Value Per Share,derived,,USD/shares,total_stockholders_equity / shares_outstanding,important
BE,2025,Q2,quarterly,inventory_days,Days Inventory Outstanding (DIO),derived,856.2401442953362,days,(inventory_net / cost_of_revenue) * 365,important
BE,2025,Q2,quarterly,days_sales_outstanding,Days Sales Outstanding (DSO),derived,430.19883610595167,days,(accounts_receivable_net / revenue) * 365,optional
BE,2025,Q2,quarterly,roe,Return on Equity,derived,-0.0709608951513755,pure,net_income / total_stockholders_equity,important
BE,2025,Q2,quarterly,roa,Return on Assets,derived,-0.016673898661962314,pure,net_income / total_assets,optional
BE,2025,Q2,quarterly,roic,Return on Invested Capital,derived,-0.0031139746596227243,pure,(operating_income * (1 - effective_tax_rate)) / (total_debt + total_stockholders_equity - cash_and_cash_equivalents),core
BE,2025,Q2,quarterly,revenue_yoy_growth,Revenue YoY Growth %,derived,0.21377789349547424,pure,(revenue - revenue_prior_year) / revenue_prior_year,core
BE,2025,Q2,quarterly,eps_yoy_growth,Diluted EPS YoY Growth %,derived,-0.3333333333333334,pure,(eps_diluted - eps_diluted_prior_year) / eps_diluted_prior_year,important
BE,2025,Q2,quarterly,diluted_share_count_change,YoY Diluted Share Count Change,derived,0.02366100710050323,pure,(weighted_avg_shares_diluted / weighted_avg_shares_diluted_prior_year) - 1,optional
BE,2025,Q2,quarterly,deferred_revenue_total,Total Deferred Revenue,derived,0,USD,deferred_revenue_current + deferred_revenue_noncurrent,important
BE,2025,Q2,quarterly,segment_revenue_mix_pct,Segment Revenue Mix %,derived,,pure,segment_revenue / revenue,important
BE,2025,Q3,quarterly,gross_profit_derived,Gross Profit (derived fallback),derived,145958000,USD,revenue - cost_of_revenue,important
BE,2025,Q3,quarterly,gross_margin,Gross Margin %,derived,0.2954721222758805,pure,gross_profit / revenue,core
BE,2025,Q3,quarterly,operating_margin,Operating Margin %,derived,0.015284485059347673,pure,operating_income / revenue,core
BE,2025,Q3,quarterly,net_margin,Net Margin %,derived,-0.04472747603398197,pure,net_income / revenue,core
BE,2025,Q3,quarterly,effective_tax_rate,Effective Tax Rate,derived,-0.01485148514851485,pure,income_tax_expense / pretax_income,important
BE,2025,Q3,quarterly,rd_intensity,R&D Intensity (R&D / Revenue),derived,0.09491731455922202,pure,research_development_expense / revenue,core
BE,2025,Q3,quarterly,sbc_pct_revenue,Stock-Based Comp % of Revenue,derived,,pure,stock_based_compensation / revenue,important
BE,2025,Q3,quarterly,capex_intensity,Capex Intensity (Capex / Revenue),derived,,pure,capital_expenditures / revenue,important
BE,2025,Q3,quarterly,free_cash_flow,Free Cash Flow (FCF),derived,,USD,net_cash_from_operating_activities - capital_expenditures,core
BE,2025,Q3,quarterly,fcf_margin,FCF Margin %,derived,,pure,free_cash_flow / revenue,core
BE,2025,Q3,quarterly,net_working_capital,Net Working Capital,derived,1581945000,USD,total_current_assets - total_current_liabilities,important
BE,2025,Q3,quarterly,total_debt,Total Debt,derived,1132316000,USD,short_term_debt + long_term_debt,core
BE,2025,Q3,quarterly,net_debt,Net Debt (Net Cash),derived,537261000,USD,total_debt - cash_and_cash_equivalents - short_term_investments,core
BE,2025,Q3,quarterly,tangible_book_value,Tangible Book Value,derived,653070000,USD,total_stockholders_equity - goodwill - intangible_assets_net,optional
BE,2025,Q3,quarterly,book_value_per_share,Book Value Per Share,derived,,USD/shares,total_stockholders_equity / shares_outstanding,important
BE,2025,Q3,quarterly,inventory_days,Days Inventory Outstanding (DIO),derived,700.4421664085276,days,(inventory_net / cost_of_revenue) * 365,important
BE,2025,Q3,quarterly,days_sales_outstanding,Days Sales Outstanding (DSO),derived,292.70265189517096,days,(accounts_receivable_net / revenue) * 365,optional
BE,2025,Q3,quarterly,roe,Return on Equity,derived,-0.03515702757744193,pure,net_income / total_stockholders_equity,important
BE,2025,Q3,quarterly,roa,Return on Assets,derived,-0.008702906793611855,pure,net_income / total_assets,optional
BE,2025,Q3,quarterly,roic,Return on Invested Capital,derived,0.006689336623573819,pure,(operating_income * (1 - effective_tax_rate)) / (total_debt + total_stockholders_equity - cash_and_cash_equivalents),core
BE,2025,Q3,quarterly,revenue_yoy_growth,Revenue YoY Growth %,derived,0.5952062797548757,pure,(revenue - revenue_prior_year) / revenue_prior_year,core
BE,2025,Q3,quarterly,eps_yoy_growth,Diluted EPS YoY Growth %,derived,1665.6666666666667,pure,(eps_diluted - eps_diluted_prior_year) / eps_diluted_prior_year,important
BE,2025,Q3,quarterly,diluted_share_count_change,YoY Diluted Share Count Change,derived,0.03059348912294868,pure,(weighted_avg_shares_diluted / weighted_avg_shares_diluted_prior_year) - 1,optional
BE,2025,Q3,quarterly,deferred_revenue_total,Total Deferred Revenue,derived,0,USD,deferred_revenue_current + deferred_revenue_noncurrent,important
BE,2025,Q3,quarterly,segment_revenue_mix_pct,Segment Revenue Mix %,derived,,pure,segment_revenue / revenue,important
BE,2025,FY,annual,gross_profit_derived,Gross Profit (derived fallback),derived,565020000,USD,revenue - cost_of_revenue,important
BE,2025,FY,annual,gross_margin,Gross Margin %,derived,0.2934631752175994,pure,gross_profit / revenue,core
BE,2025,FY,annual,operating_margin,Operating Margin %,derived,0.03637164807999944,pure,operating_income / revenue,core
BE,2025,FY,annual,net_margin,Net Margin %,derived,-0.043534867362038834,pure,net_income / revenue,core
BE,2025,FY,annual,effective_tax_rate,Effective Tax Rate,derived,-0.03241552533055306,pure,income_tax_expense / pretax_income,important
BE,2025,FY,annual,rd_intensity,R&D Intensity (R&D / Revenue),derived,0.09292151233954199,pure,research_development_expense / revenue,core
BE,2025,FY,annual,sbc_pct_revenue,Stock-Based Comp % of Revenue,derived,,pure,stock_based_compensation / revenue,important
BE,2025,FY,annual,capex_intensity,Capex Intensity (Capex / Revenue),derived,0.02835661621071795,pure,capital_expenditures / revenue,important
BE,2025,FY,annual,free_cash_flow,Free Cash Flow (FCF),derived,57190000,USD,net_cash_from_operating_activities - capital_expenditures,core
BE,2025,FY,annual,fcf_margin,FCF Margin %,derived,0.028571942442448945,pure,free_cash_flow / revenue,core
BE,2025,FY,annual,net_working_capital,Net Working Capital,derived,3106735000,USD,total_current_assets - total_current_liabilities,important
BE,2025,FY,annual,total_debt,Total Debt,derived,2617879000,USD,short_term_debt + long_term_debt,core
BE,2025,FY,annual,net_debt,Net Debt (Net Cash),derived,163771000,USD,total_debt - cash_and_cash_equivalents - short_term_investments,core
BE,2025,FY,annual,tangible_book_value,Tangible Book Value,derived,768641000,USD,total_stockholders_equity - goodwill - intangible_assets_net,optional
BE,2025,FY,annual,book_value_per_share,Book Value Per Share,derived,,USD/shares,total_stockholders_equity / shares_outstanding,important
BE,2025,FY,annual,inventory_days,Days Inventory Outstanding (DIO),derived,163.4467984691569,days,(inventory_net / cost_of_revenue) * 365,important
BE,2025,FY,annual,days_sales_outstanding,Days Sales Outstanding (DSO),derived,67.7980569680268,days,(accounts_receivable_net / revenue) * 365,optional
BE,2025,FY,annual,roe,Return on Equity,derived,-0.11336891995092638,pure,net_income / total_stockholders_equity,important
BE,2025,FY,annual,roa,Return on Assets,derived,-0.019819360426464237,pure,net_income / total_assets,optional
BE,2025,FY,annual,roic,Return on Invested Capital,derived,0.08061019707502148,pure,(operating_income * (1 - effective_tax_rate)) / (total_debt + total_stockholders_equity - cash_and_cash_equivalents),core
BE,2025,FY,annual,revenue_yoy_growth,Revenue YoY Growth %,derived,0.38866541695053536,pure,(revenue - revenue_prior_year) / revenue_prior_year,core
BE,2025,FY,annual,eps_yoy_growth,Diluted EPS YoY Growth %,derived,1.846153846153846,pure,(eps_diluted - eps_diluted_prior_year) / eps_diluted_prior_year,important
BE,2025,FY,annual,diluted_share_count_change,YoY Diluted Share Count Change,derived,0.05733952015481725,pure,(weighted_avg_shares_diluted / weighted_avg_shares_diluted_prior_year) - 1,optional
BE,2025,FY,annual,deferred_revenue_total,Total Deferred Revenue,derived,0,USD,deferred_revenue_current + deferred_revenue_noncurrent,important
BE,2025,FY,annual,segment_revenue_mix_pct,Segment Revenue Mix %,derived,,pure,segment_revenue / revenue,important
BE,2026,Q1,quarterly,gross_profit_derived,Gross Profit (derived fallback),derived,220891000,USD,revenue - cost_of_revenue,important
BE,2026,Q1,quarterly,gross_margin,Gross Margin %,derived,0.3021753722194906,pure,gross_profit / revenue,core
BE,2026,Q1,quarterly,operating_margin,Operating Margin %,derived,0.09671744812774903,pure,operating_income / revenue,core
BE,2026,Q1,quarterly,net_margin,Net Margin %,derived,0.0987284314999578,pure,net_income / revenue,core
BE,2026,Q1,quarterly,effective_tax_rate,Effective Tax Rate,derived,0.0060024819251106075,pure,income_tax_expense / pretax_income,important
BE,2026,Q1,quarterly,rd_intensity,R&D Intensity (R&D / Revenue),derived,0.07616415304909828,pure,research_development_expense / revenue,core
BE,2026,Q1,quarterly,sbc_pct_revenue,Stock-Based Comp % of Revenue,derived,,pure,stock_based_compensation / revenue,important
BE,2026,Q1,quarterly,capex_intensity,Capex Intensity (Capex / Revenue),derived,0.03507765932789479,pure,capital_expenditures / revenue,important
BE,2026,Q1,quarterly,free_cash_flow,Free Cash Flow (FCF),derived,47428000,USD,net_cash_from_operating_activities - capital_expenditures,core
BE,2026,Q1,quarterly,fcf_margin,FCF Margin %,derived,0.06354225141713368,pure,free_cash_flow / revenue,core
BE,2026,Q1,quarterly,net_working_capital,Net Working Capital,derived,3167732000,USD,total_current_assets - total_current_liabilities,important
BE,2026,Q1,quarterly,total_debt,Total Debt,derived,2602635000,USD,short_term_debt + long_term_debt,core
BE,2026,Q1,quarterly,net_debt,Net Debt (Net Cash),derived,111202000,USD,total_debt - cash_and_cash_equivalents - short_term_investments,core
BE,2026,Q1,quarterly,tangible_book_value,Tangible Book Value,derived,921469000,USD,total_stockholders_equity - goodwill - intangible_assets_net,optional
BE,2026,Q1,quarterly,book_value_per_share,Book Value Per Share,derived,,USD/shares,total_stockholders_equity / shares_outstanding,important
BE,2026,Q1,quarterly,inventory_days,Days Inventory Outstanding (DIO),derived,508.7871210823771,days,(inventory_net / cost_of_revenue) * 365,important
BE,2026,Q1,quarterly,days_sales_outstanding,Days Sales Outstanding (DSO),derived,175.7543063313152,days,(accounts_receivable_net / revenue) * 365,optional
BE,2026,Q1,quarterly,roe,Return on Equity,derived,0.07997121986740736,pure,net_income / total_stockholders_equity,important
BE,2026,Q1,quarterly,roa,Return on Assets,derived,0.0157974879140889,pure,net_income / total_assets,optional
BE,2026,Q1,quarterly,roic,Return on Invested Capital,derived,0.06948648778732652,pure,(operating_income * (1 - effective_tax_rate)) / (total_debt + total_stockholders_equity - cash_and_cash_equivalents),core
BE,2026,Q1,quarterly,revenue_yoy_growth,Revenue YoY Growth %,derived,1.3378948951018286,pure,(revenue - revenue_prior_year) / revenue_prior_year,core
BE,2026,Q1,quarterly,eps_yoy_growth,Diluted EPS YoY Growth %,derived,-3.3,pure,(eps_diluted - eps_diluted_prior_year) / eps_diluted_prior_year,important
BE,2026,Q1,quarterly,diluted_share_count_change,YoY Diluted Share Count Change,derived,0.38876677815907223,pure,(weighted_avg_shares_diluted / weighted_avg_shares_diluted_prior_year) - 1,optional
BE,2026,Q1,quarterly,deferred_revenue_total,Total Deferred Revenue,derived,0,USD,deferred_revenue_current + deferred_revenue_noncurrent,important
BE,2026,Q1,quarterly,segment_revenue_mix_pct,Segment Revenue Mix %,derived,,pure,segment_revenue / revenue,important
AAOI,2023,Q1,quarterly,gross_profit_derived,Gross Profit (derived fallback),derived,9244000,USD,revenue - cost_of_revenue,important
AAOI,2023,Q1,quarterly,gross_margin,Gross Margin %,derived,0.1743164246652838,pure,gross_profit / revenue,core
AAOI,2023,Q1,quarterly,operating_margin,Operating Margin %,derived,-0.26715066943239674,pure,operating_income / revenue,core
AAOI,2023,Q1,quarterly,net_margin,Net Margin %,derived,-0.3072223269847256,pure,net_income / revenue,core
AAOI,2023,Q1,quarterly,effective_tax_rate,Effective Tax Rate,derived,-0.0,pure,income_tax_expense / pretax_income,important
AAOI,2023,Q1,quarterly,rd_intensity,R&D Intensity (R&D / Revenue),derived,0.16096549123137846,pure,research_development_expense / revenue,core
AAOI,2023,Q1,quarterly,sbc_pct_revenue,Stock-Based Comp % of Revenue,derived,0.04318310390345088,pure,stock_based_compensation / revenue,important
AAOI,2023,Q1,quarterly,capex_intensity,Capex Intensity (Capex / Revenue),derived,0.010842919102394872,pure,capital_expenditures / revenue,important
AAOI,2023,Q1,quarterly,free_cash_flow,Free Cash Flow (FCF),derived,-9965000,USD,net_cash_from_operating_activities - capital_expenditures,core
AAOI,2023,Q1,quarterly,fcf_margin,FCF Margin %,derived,-0.1879125023571563,pure,free_cash_flow / revenue,core
AAOI,2023,Q1,quarterly,net_working_capital,Net Working Capital,derived,-44078000,USD,total_current_assets - total_current_liabilities,important
AAOI,2023,Q1,quarterly,total_debt,Total Debt,derived,50921000,USD,short_term_debt + long_term_debt,core
AAOI,2023,Q1,quarterly,net_debt,Net Debt (Net Cash),derived,34818000,USD,total_debt - cash_and_cash_equivalents - short_term_investments,core
AAOI,2023,Q1,quarterly,tangible_book_value,Tangible Book Value,derived,168982000,USD,total_stockholders_equity - goodwill - intangible_assets_net,optional
AAOI,2023,Q1,quarterly,book_value_per_share,Book Value Per Share,derived,,USD/shares,total_stockholders_equity / shares_outstanding,important
AAOI,2023,Q1,quarterly,inventory_days,Days Inventory Outstanding (DIO),derived,585.0703421184854,days,(inventory_net / cost_of_revenue) * 365,important
AAOI,2023,Q1,quarterly,days_sales_outstanding,Days Sales Outstanding (DSO),derived,390.9416368093532,days,(accounts_receivable_net / revenue) * 365,optional
AAOI,2023,Q1,quarterly,roe,Return on Equity,derived,-0.09437142675092824,pure,net_income / total_stockholders_equity,important
AAOI,2023,Q1,quarterly,roa,Return on Assets,derived,-0.042476750158388324,pure,net_income / total_assets,optional
AAOI,2023,Q1,quarterly,roic,Return on Invested Capital,derived,-0.06828950856812321,pure,(operating_income * (1 - effective_tax_rate)) / (total_debt + total_stockholders_equity - cash_and_cash_equivalents),core
AAOI,2023,Q1,quarterly,revenue_yoy_growth,Revenue YoY Growth %,derived,,pure,(revenue - revenue_prior_year) / revenue_prior_year,core
AAOI,2023,Q1,quarterly,eps_yoy_growth,Diluted EPS YoY Growth %,derived,,pure,(eps_diluted - eps_diluted_prior_year) / eps_diluted_prior_year,important
AAOI,2023,Q1,quarterly,diluted_share_count_change,YoY Diluted Share Count Change,derived,,pure,(weighted_avg_shares_diluted / weighted_avg_shares_diluted_prior_year) - 1,optional
AAOI,2023,Q1,quarterly,deferred_revenue_total,Total Deferred Revenue,derived,200000,USD,deferred_revenue_current + deferred_revenue_noncurrent,important
AAOI,2023,Q1,quarterly,segment_revenue_mix_pct,Segment Revenue Mix %,derived,,pure,segment_revenue / revenue,important
AAOI,2023,Q2,quarterly,gross_profit_derived,Gross Profit (derived fallback),derived,7898000,USD,revenue - cost_of_revenue,important
AAOI,2023,Q2,quarterly,gross_margin,Gross Margin %,derived,0.18978733629700828,pure,gross_profit / revenue,core
AAOI,2023,Q2,quarterly,operating_margin,Operating Margin %,derived,-0.38363570827826504,pure,operating_income / revenue,core
AAOI,2023,Q2,quarterly,net_margin,Net Margin %,derived,-0.4071608794905683,pure,net_income / revenue,core
AAOI,2023,Q2,quarterly,effective_tax_rate,Effective Tax Rate,derived,-0.0004723665564478035,pure,income_tax_expense / pretax_income,important
AAOI,2023,Q2,quarterly,rd_intensity,R&D Intensity (R&D / Revenue),derived,0.2076174456325844,pure,research_development_expense / revenue,core
AAOI,2023,Q2,quarterly,sbc_pct_revenue,Stock-Based Comp % of Revenue,derived,0.07357923825543675,pure,stock_based_compensation / revenue,important
AAOI,2023,Q2,quarterly,capex_intensity,Capex Intensity (Capex / Revenue),derived,,pure,capital_expenditures / revenue,important
AAOI,2023,Q2,quarterly,free_cash_flow,Free Cash Flow (FCF),derived,,USD,net_cash_from_operating_activities - capital_expenditures,core
AAOI,2023,Q2,quarterly,fcf_margin,FCF Margin %,derived,,pure,free_cash_flow / revenue,core
AAOI,2023,Q2,quarterly,net_working_capital,Net Working Capital,derived,-42924000,USD,total_current_assets - total_current_liabilities,important
AAOI,2023,Q2,quarterly,total_debt,Total Debt,derived,37276000,USD,short_term_debt + long_term_debt,core
AAOI,2023,Q2,quarterly,net_debt,Net Debt (Net Cash),derived,15698000,USD,total_debt - cash_and_cash_equivalents - short_term_investments,core
AAOI,2023,Q2,quarterly,tangible_book_value,Tangible Book Value,derived,159634000,USD,total_stockholders_equity - goodwill - intangible_assets_net,optional
AAOI,2023,Q2,quarterly,book_value_per_share,Book Value Per Share,derived,,USD/shares,total_stockholders_equity / shares_outstanding,important
AAOI,2023,Q2,quarterly,inventory_days,Days Inventory Outstanding (DIO),derived,717.9513301895187,days,(inventory_net / cost_of_revenue) * 365,important
AAOI,2023,Q2,quarterly,days_sales_outstanding,Days Sales Outstanding (DSO),derived,373.6217709960351,days,(accounts_receivable_net / revenue) * 365,optional
AAOI,2023,Q2,quarterly,roe,Return on Equity,derived,-0.10378600873458738,pure,net_income / total_stockholders_equity,important
AAOI,2023,Q2,quarterly,roa,Return on Assets,derived,-0.04747854302742962,pure,net_income / total_assets,optional
AAOI,2023,Q2,quarterly,roic,Return on Invested Capital,derived,-0.08925351526944289,pure,(operating_income * (1 - effective_tax_rate)) / (total_debt + total_stockholders_equity - cash_and_cash_equivalents),core
AAOI,2023,Q2,quarterly,revenue_yoy_growth,Revenue YoY Growth %,derived,,pure,(revenue - revenue_prior_year) / revenue_prior_year,core
AAOI,2023,Q2,quarterly,eps_yoy_growth,Diluted EPS YoY Growth %,derived,,pure,(eps_diluted - eps_diluted_prior_year) / eps_diluted_prior_year,important
AAOI,2023,Q2,quarterly,diluted_share_count_change,YoY Diluted Share Count Change,derived,,pure,(weighted_avg_shares_diluted / weighted_avg_shares_diluted_prior_year) - 1,optional
AAOI,2023,Q2,quarterly,deferred_revenue_total,Total Deferred Revenue,derived,11720000,USD,deferred_revenue_current + deferred_revenue_noncurrent,important
AAOI,2023,Q2,quarterly,segment_revenue_mix_pct,Segment Revenue Mix %,derived,,pure,segment_revenue / revenue,important
AAOI,2023,Q3,quarterly,gross_profit_derived,Gross Profit (derived fallback),derived,20174000,USD,revenue - cost_of_revenue,important
AAOI,2023,Q3,quarterly,gross_margin,Gross Margin %,derived,0.32254144883047947,pure,gross_profit / revenue,core
AAOI,2023,Q3,quarterly,operating_margin,Operating Margin %,derived,-0.10689561449789758,pure,operating_income / revenue,core
AAOI,2023,Q3,quarterly,net_margin,Net Margin %,derived,-0.14314035845044526,pure,net_income / revenue,core
AAOI,2023,Q3,quarterly,effective_tax_rate,Effective Tax Rate,derived,-0.0,pure,income_tax_expense / pretax_income,important
AAOI,2023,Q3,quarterly,rd_intensity,R&D Intensity (R&D / Revenue),derived,0.1511982988792428,pure,research_development_expense / revenue,core
AAOI,2023,Q3,quarterly,sbc_pct_revenue,Stock-Based Comp % of Revenue,derived,0.05172110572849217,pure,stock_based_compensation / revenue,important
AAOI,2023,Q3,quarterly,capex_intensity,Capex Intensity (Capex / Revenue),derived,,pure,capital_expenditures / revenue,important
AAOI,2023,Q3,quarterly,free_cash_flow,Free Cash Flow (FCF),derived,,USD,net_cash_from_operating_activities - capital_expenditures,core
AAOI,2023,Q3,quarterly,fcf_margin,FCF Margin %,derived,,pure,free_cash_flow / revenue,core
AAOI,2023,Q3,quarterly,net_working_capital,Net Working Capital,derived,-23850000,USD,total_current_assets - total_current_liabilities,important
AAOI,2023,Q3,quarterly,total_debt,Total Debt,derived,31323000,USD,short_term_debt + long_term_debt,core
AAOI,2023,Q3,quarterly,net_debt,Net Debt (Net Cash),derived,9383000,USD,total_debt - cash_and_cash_equivalents - short_term_investments,core
AAOI,2023,Q3,quarterly,tangible_book_value,Tangible Book Value,derived,174727000,USD,total_stockholders_equity - goodwill - intangible_assets_net,optional
AAOI,2023,Q3,quarterly,book_value_per_share,Book Value Per Share,derived,,USD/shares,total_stockholders_equity / shares_outstanding,important
AAOI,2023,Q3,quarterly,inventory_days,Days Inventory Outstanding (DIO),derived,581.7276331626272,days,(inventory_net / cost_of_revenue) * 365,important
AAOI,2023,Q3,quarterly,days_sales_outstanding,Days Sales Outstanding (DSO),derived,354.51924153036913,days,(accounts_receivable_net / revenue) * 365,optional
AAOI,2023,Q3,quarterly,roe,Return on Equity,derived,-0.05019820244122611,pure,net_income / total_stockholders_equity,important
AAOI,2023,Q3,quarterly,roa,Return on Assets,derived,-0.023951823474017635,pure,net_income / total_assets,optional
AAOI,2023,Q3,quarterly,roic,Return on Invested Capital,derived,-0.03561384071248988,pure,(operating_income * (1 - effective_tax_rate)) / (total_debt + total_stockholders_equity - cash_and_cash_equivalents),core
AAOI,2023,Q3,quarterly,revenue_yoy_growth,Revenue YoY Growth %,derived,,pure,(revenue - revenue_prior_year) / revenue_prior_year,core
AAOI,2023,Q3,quarterly,eps_yoy_growth,Diluted EPS YoY Growth %,derived,,pure,(eps_diluted - eps_diluted_prior_year) / eps_diluted_prior_year,important
AAOI,2023,Q3,quarterly,diluted_share_count_change,YoY Diluted Share Count Change,derived,,pure,(weighted_avg_shares_diluted / weighted_avg_shares_diluted_prior_year) - 1,optional
AAOI,2023,Q3,quarterly,deferred_revenue_total,Total Deferred Revenue,derived,12497000,USD,deferred_revenue_current + deferred_revenue_noncurrent,important
AAOI,2023,Q3,quarterly,segment_revenue_mix_pct,Segment Revenue Mix %,derived,,pure,segment_revenue / revenue,important
AAOI,2023,FY,annual,gross_profit_derived,Gross Profit (derived fallback),derived,58921000,USD,revenue - cost_of_revenue,important
AAOI,2023,FY,annual,gross_margin,Gross Margin %,derived,0.27071942512152763,pure,gross_profit / revenue,core
AAOI,2023,FY,annual,operating_margin,Operating Margin %,derived,-0.18998281613261903,pure,operating_income / revenue,core
AAOI,2023,FY,annual,net_margin,Net Margin %,derived,-0.2575190906334139,pure,net_income / revenue,core
AAOI,2023,FY,annual,effective_tax_rate,Effective Tax Rate,derived,-0.00016060243758810828,pure,income_tax_expense / pretax_income,important
AAOI,2023,FY,annual,rd_intensity,R&D Intensity (R&D / Revenue),derived,0.16529134466059564,pure,research_development_expense / revenue,core
AAOI,2023,FY,annual,sbc_pct_revenue,Stock-Based Comp % of Revenue,derived,0.05460242779559468,pure,stock_based_compensation / revenue,important
AAOI,2023,FY,annual,capex_intensity,Capex Intensity (Capex / Revenue),derived,0.04171452725986235,pure,capital_expenditures / revenue,important
AAOI,2023,FY,annual,free_cash_flow,Free Cash Flow (FCF),derived,-17008000,USD,net_cash_from_operating_activities - capital_expenditures,core
AAOI,2023,FY,annual,fcf_margin,FCF Margin %,derived,-0.07814524503092177,pure,free_cash_flow / revenue,core
AAOI,2023,FY,annual,net_working_capital,Net Working Capital,derived,79247000,USD,total_current_assets - total_current_liabilities,important
AAOI,2023,FY,annual,total_debt,Total Debt,derived,23197000,USD,short_term_debt + long_term_debt,core
AAOI,2023,FY,annual,net_debt,Net Debt (Net Cash),derived,-22169000,USD,total_debt - cash_and_cash_equivalents - short_term_investments,core
AAOI,2023,FY,annual,tangible_book_value,Tangible Book Value,derived,211241000,USD,total_stockholders_equity - goodwill - intangible_assets_net,optional
AAOI,2023,FY,annual,book_value_per_share,Book Value Per Share,derived,,USD/shares,total_stockholders_equity / shares_outstanding,important
AAOI,2023,FY,annual,inventory_days,Days Inventory Outstanding (DIO),derived,146.86464010080326,days,(inventory_net / cost_of_revenue) * 365,important
AAOI,2023,FY,annual,days_sales_outstanding,Days Sales Outstanding (DSO),derived,80.6167584058517,days,(accounts_receivable_net / revenue) * 365,optional
AAOI,2023,FY,annual,roe,Return on Equity,derived,-0.26084730696377795,pure,net_income / total_stockholders_equity,important
AAOI,2023,FY,annual,roa,Return on Assets,derived,-0.14401340233204687,pure,net_income / total_assets,optional
AAOI,2023,FY,annual,roic,Return on Invested Capital,derived,-0.21461152439123943,pure,(operating_income * (1 - effective_tax_rate)) / (total_debt + total_stockholders_equity - cash_and_cash_equivalents),core
AAOI,2023,FY,annual,revenue_yoy_growth,Revenue YoY Growth %,derived,,pure,(revenue - revenue_prior_year) / revenue_prior_year,core
AAOI,2023,FY,annual,eps_yoy_growth,Diluted EPS YoY Growth %,derived,,pure,(eps_diluted - eps_diluted_prior_year) / eps_diluted_prior_year,important
AAOI,2023,FY,annual,diluted_share_count_change,YoY Diluted Share Count Change,derived,,pure,(weighted_avg_shares_diluted / weighted_avg_shares_diluted_prior_year) - 1,optional
AAOI,2023,FY,annual,deferred_revenue_total,Total Deferred Revenue,derived,1803000,USD,deferred_revenue_current + deferred_revenue_noncurrent,important
AAOI,2023,FY,annual,segment_revenue_mix_pct,Segment Revenue Mix %,derived,,pure,segment_revenue / revenue,important
AAOI,2024,Q1,quarterly,gross_profit_derived,Gross Profit (derived fallback),derived,7591000,USD,revenue - cost_of_revenue,important
AAOI,2024,Q1,quarterly,gross_margin,Gross Margin %,derived,0.18663486834017654,pure,gross_profit / revenue,core
AAOI,2024,Q1,quarterly,operating_margin,Operating Margin %,derived,-0.5321958055712634,pure,operating_income / revenue,core
AAOI,2024,Q1,quarterly,net_margin,Net Margin %,derived,-0.5696653799818061,pure,net_income / revenue,core
AAOI,2024,Q1,quarterly,effective_tax_rate,Effective Tax Rate,derived,-0.0,pure,income_tax_expense / pretax_income,important
AAOI,2024,Q1,quarterly,rd_intensity,R&D Intensity (R&D / Revenue),derived,0.28795515452511494,pure,research_development_expense / revenue,core
AAOI,2024,Q1,quarterly,sbc_pct_revenue,Stock-Based Comp % of Revenue,derived,0.06980060482383892,pure,stock_based_compensation / revenue,important
AAOI,2024,Q1,quarterly,capex_intensity,Capex Intensity (Capex / Revenue),derived,0.1416418754456273,pure,capital_expenditures / revenue,important
AAOI,2024,Q1,quarterly,free_cash_flow,Free Cash Flow (FCF),derived,-34242000,USD,net_cash_from_operating_activities - capital_expenditures,core
AAOI,2024,Q1,quarterly,fcf_margin,FCF Margin %,derived,-0.8418852801612864,pure,free_cash_flow / revenue,core
AAOI,2024,Q1,quarterly,net_working_capital,Net Working Capital,derived,59026000,USD,total_current_assets - total_current_liabilities,important
AAOI,2024,Q1,quarterly,total_debt,Total Debt,derived,24129000,USD,short_term_debt + long_term_debt,core
AAOI,2024,Q1,quarterly,net_debt,Net Debt (Net Cash),derived,15696000,USD,total_debt - cash_and_cash_equivalents - short_term_investments,core
AAOI,2024,Q1,quarterly,tangible_book_value,Tangible Book Value,derived,192116000,USD,total_stockholders_equity - goodwill - intangible_assets_net,optional
AAOI,2024,Q1,quarterly,book_value_per_share,Book Value Per Share,derived,,USD/shares,total_stockholders_equity / shares_outstanding,important
AAOI,2024,Q1,quarterly,inventory_days,Days Inventory Outstanding (DIO),derived,599.344961005985,days,(inventory_net / cost_of_revenue) * 365,important
AAOI,2024,Q1,quarterly,days_sales_outstanding,Days Sales Outstanding (DSO),derived,515.7903277358445,days,(accounts_receivable_net / revenue) * 365,optional
AAOI,2024,Q1,quarterly,roe,Return on Equity,derived,-0.11837977580903916,pure,net_income / total_stockholders_equity,important
AAOI,2024,Q1,quarterly,roa,Return on Assets,derived,-0.06602719739196845,pure,net_income / total_assets,optional
AAOI,2024,Q1,quarterly,roic,Return on Invested Capital,derived,-0.10238291190131585,pure,(operating_income * (1 - effective_tax_rate)) / (total_debt + total_stockholders_equity - cash_and_cash_equivalents),core
AAOI,2024,Q1,quarterly,revenue_yoy_growth,Revenue YoY Growth %,derived,-0.233019045823119,pure,(revenue - revenue_prior_year) / revenue_prior_year,core
AAOI,2024,Q1,quarterly,eps_yoy_growth,Diluted EPS YoY Growth %,derived,0.07142857142857129,pure,(eps_diluted - eps_diluted_prior_year) / eps_diluted_prior_year,important
AAOI,2024,Q1,quarterly,diluted_share_count_change,YoY Diluted Share Count Change,derived,0.3287028264236693,pure,(weighted_avg_shares_diluted / weighted_avg_shares_diluted_prior_year) - 1,optional
AAOI,2024,Q1,quarterly,deferred_revenue_total,Total Deferred Revenue,derived,1689000,USD,deferred_revenue_current + deferred_revenue_noncurrent,important
AAOI,2024,Q1,quarterly,segment_revenue_mix_pct,Segment Revenue Mix %,derived,,pure,segment_revenue / revenue,important
AAOI,2024,Q2,quarterly,gross_profit_derived,Gross Profit (derived fallback),derived,9562000,USD,revenue - cost_of_revenue,important
AAOI,2024,Q2,quarterly,gross_margin,Gross Margin %,derived,0.22098451583082968,pure,gross_profit / revenue,core
AAOI,2024,Q2,quarterly,operating_margin,Operating Margin %,derived,-0.6065172174716894,pure,operating_income / revenue,core
AAOI,2024,Q2,quarterly,net_margin,Net Margin %,derived,-0.6035359371388953,pure,net_income / revenue,core
AAOI,2024,Q2,quarterly,effective_tax_rate,Effective Tax Rate,derived,-0.0,pure,income_tax_expense / pretax_income,important
AAOI,2024,Q2,quarterly,rd_intensity,R&D Intensity (R&D / Revenue),derived,0.30224173792465914,pure,research_development_expense / revenue,core
AAOI,2024,Q2,quarterly,sbc_pct_revenue,Stock-Based Comp % of Revenue,derived,0.14000462214005086,pure,stock_based_compensation / revenue,important
AAOI,2024,Q2,quarterly,capex_intensity,Capex Intensity (Capex / Revenue),derived,,pure,capital_expenditures / revenue,important
AAOI,2024,Q2,quarterly,free_cash_flow,Free Cash Flow (FCF),derived,,USD,net_cash_from_operating_activities - capital_expenditures,core
AAOI,2024,Q2,quarterly,fcf_margin,FCF Margin %,derived,,pure,free_cash_flow / revenue,core
AAOI,2024,Q2,quarterly,net_working_capital,Net Working Capital,derived,52030000,USD,total_current_assets - total_current_liabilities,important
AAOI,2024,Q2,quarterly,total_debt,Total Debt,derived,22506000,USD,short_term_debt + long_term_debt,core
AAOI,2024,Q2,quarterly,net_debt,Net Debt (Net Cash),derived,11853000,USD,total_debt - cash_and_cash_equivalents - short_term_investments,core
AAOI,2024,Q2,quarterly,tangible_book_value,Tangible Book Value,derived,182878000,USD,total_stockholders_equity - goodwill - intangible_assets_net,optional
AAOI,2024,Q2,quarterly,book_value_per_share,Book Value Per Share,derived,,USD/shares,total_stockholders_equity / shares_outstanding,important
AAOI,2024,Q2,quarterly,inventory_days,Days Inventory Outstanding (DIO),derived,588.2143704758514,days,(inventory_net / cost_of_revenue) * 365,important
AAOI,2024,Q2,quarterly,days_sales_outstanding,Days Sales Outstanding (DSO),derived,486.39392188583315,days,(accounts_receivable_net / revenue) * 365,optional
AAOI,2024,Q2,quarterly,roe,Return on Equity,derived,-0.14003131468036506,pure,net_income / total_stockholders_equity,important
AAOI,2024,Q2,quarterly,roa,Return on Assets,derived,-0.07503447879554075,pure,net_income / total_assets,optional
AAOI,2024,Q2,quarterly,roic,Return on Invested Capital,derived,-0.13231357166985133,pure,(operating_income * (1 - effective_tax_rate)) / (total_debt + total_stockholders_equity - cash_and_cash_equivalents),core
AAOI,2024,Q2,quarterly,revenue_yoy_growth,Revenue YoY Growth %,derived,0.03976931394929713,pure,(revenue - revenue_prior_year) / revenue_prior_year,core
AAOI,2024,Q2,quarterly,eps_yoy_growth,Diluted EPS YoY Growth %,derived,0.15789473684210542,pure,(eps_diluted - eps_diluted_prior_year) / eps_diluted_prior_year,important
AAOI,2024,Q2,quarterly,diluted_share_count_change,YoY Diluted Share Count Change,derived,0.3349149183644464,pure,(weighted_avg_shares_diluted / weighted_avg_shares_diluted_prior_year) - 1,optional
AAOI,2024,Q2,quarterly,deferred_revenue_total,Total Deferred Revenue,derived,1570000,USD,deferred_revenue_current + deferred_revenue_noncurrent,important
AAOI,2024,Q2,quarterly,segment_revenue_mix_pct,Segment Revenue Mix %,derived,,pure,segment_revenue / revenue,important
AAOI,2024,Q3,quarterly,gross_profit_derived,Gross Profit (derived fallback),derived,15917000,USD,revenue - cost_of_revenue,important
AAOI,2024,Q3,quarterly,gross_margin,Gross Margin %,derived,0.24430937360900062,pure,gross_profit / revenue,core
AAOI,2024,Q3,quarterly,operating_margin,Operating Margin %,derived,-0.25397921751009195,pure,operating_income / revenue,core
AAOI,2024,Q3,quarterly,net_margin,Net Margin %,derived,-0.2725514573836165,pure,net_income / revenue,core
AAOI,2024,Q3,quarterly,effective_tax_rate,Effective Tax Rate,derived,-0.0,pure,income_tax_expense / pretax_income,important
AAOI,2024,Q3,quarterly,rd_intensity,R&D Intensity (R&D / Revenue),derived,0.20610581572040337,pure,research_development_expense / revenue,core
AAOI,2024,Q3,quarterly,sbc_pct_revenue,Stock-Based Comp % of Revenue,derived,0.045171985080812264,pure,stock_based_compensation / revenue,important
AAOI,2024,Q3,quarterly,capex_intensity,Capex Intensity (Capex / Revenue),derived,,pure,capital_expenditures / revenue,important
AAOI,2024,Q3,quarterly,free_cash_flow,Free Cash Flow (FCF),derived,,USD,net_cash_from_operating_activities - capital_expenditures,core
AAOI,2024,Q3,quarterly,fcf_margin,FCF Margin %,derived,,pure,free_cash_flow / revenue,core
AAOI,2024,Q3,quarterly,net_working_capital,Net Working Capital,derived,71261000,USD,total_current_assets - total_current_liabilities,important
AAOI,2024,Q3,quarterly,total_debt,Total Debt,derived,29483000,USD,short_term_debt + long_term_debt,core
AAOI,2024,Q3,quarterly,net_debt,Net Debt (Net Cash),derived,-4641000,USD,total_debt - cash_and_cash_equivalents - short_term_investments,core
AAOI,2024,Q3,quarterly,tangible_book_value,Tangible Book Value,derived,208423000,USD,total_stockholders_equity - goodwill - intangible_assets_net,optional
AAOI,2024,Q3,quarterly,book_value_per_share,Book Value Per Share,derived,,USD/shares,total_stockholders_equity / shares_outstanding,important
AAOI,2024,Q3,quarterly,inventory_days,Days Inventory Outstanding (DIO),derived,477.30084900678395,days,(inventory_net / cost_of_revenue) * 365,important
AAOI,2024,Q3,quarterly,days_sales_outstanding,Days Sales Outstanding (DSO),derived,421.0405059016746,days,(accounts_receivable_net / revenue) * 365,optional
AAOI,2024,Q3,quarterly,roe,Return on Equity,derived,-0.08372546985656762,pure,net_income / total_stockholders_equity,important
AAOI,2024,Q3,quarterly,roa,Return on Assets,derived,-0.04331271403900754,pure,net_income / total_assets,optional
AAOI,2024,Q3,quarterly,roic,Return on Invested Capital,derived,-0.07976572103449107,pure,(operating_income * (1 - effective_tax_rate)) / (total_debt + total_stockholders_equity - cash_and_cash_equivalents),core
AAOI,2024,Q3,quarterly,revenue_yoy_growth,Revenue YoY Growth %,derived,0.04163269221545398,pure,(revenue - revenue_prior_year) / revenue_prior_year,core
AAOI,2024,Q3,quarterly,eps_yoy_growth,Diluted EPS YoY Growth %,derived,0.5555555555555554,pure,(eps_diluted - eps_diluted_prior_year) / eps_diluted_prior_year,important
AAOI,2024,Q3,quarterly,diluted_share_count_change,YoY Diluted Share Count Change,derived,0.2910117755006172,pure,(weighted_avg_shares_diluted / weighted_avg_shares_diluted_prior_year) - 1,optional
AAOI,2024,Q3,quarterly,deferred_revenue_total,Total Deferred Revenue,derived,1439000,USD,deferred_revenue_current + deferred_revenue_noncurrent,important
AAOI,2024,Q3,quarterly,segment_revenue_mix_pct,Segment Revenue Mix %,derived,,pure,segment_revenue / revenue,important
AAOI,2024,FY,annual,gross_profit_derived,Gross Profit (derived fallback),derived,61800000,USD,revenue - cost_of_revenue,important
AAOI,2024,FY,annual,gross_margin,Gross Margin %,derived,0.24782948689671766,pure,gross_profit / revenue,core
AAOI,2024,FY,annual,operating_margin,Operating Margin %,derived,-0.28435425981994267,pure,operating_income / revenue,core
AAOI,2024,FY,annual,net_margin,Net Margin %,derived,-0.7488340384576825,pure,net_income / revenue,core
AAOI,2024,FY,annual,effective_tax_rate,Effective Tax Rate,derived,-1.0710594384435363e-05,pure,income_tax_expense / pretax_income,important
AAOI,2024,FY,annual,rd_intensity,R&D Intensity (R&D / Revenue),derived,0.2203797646020893,pure,research_development_expense / revenue,core
AAOI,2024,FY,annual,sbc_pct_revenue,Stock-Based Comp % of Revenue,derived,0.0593106490485834,pure,stock_based_compensation / revenue,important
AAOI,2024,FY,annual,capex_intensity,Capex Intensity (Capex / Revenue),derived,0.17406612796503118,pure,capital_expenditures / revenue,important
AAOI,2024,FY,annual,free_cash_flow,Free Cash Flow (FCF),derived,-112932000,USD,net_cash_from_operating_activities - capital_expenditures,core
AAOI,2024,FY,annual,fcf_margin,FCF Margin %,derived,-0.45287831090971065,pure,free_cash_flow / revenue,core
AAOI,2024,FY,annual,net_working_capital,Net Working Capital,derived,131199000,USD,total_current_assets - total_current_liabilities,important
AAOI,2024,FY,annual,total_debt,Total Debt,derived,26682000,USD,short_term_debt + long_term_debt,core
AAOI,2024,FY,annual,net_debt,Net Debt (Net Cash),derived,-40746000,USD,total_debt - cash_and_cash_equivalents - short_term_investments,core
AAOI,2024,FY,annual,tangible_book_value,Tangible Book Value,derived,225432000,USD,total_stockholders_equity - goodwill - intangible_assets_net,optional
AAOI,2024,FY,annual,book_value_per_share,Book Value Per Share,derived,,USD/shares,total_stockholders_equity / shares_outstanding,important
AAOI,2024,FY,annual,inventory_days,Days Inventory Outstanding (DIO),derived,171.5100098632474,days,(inventory_net / cost_of_revenue) * 365,important
AAOI,2024,FY,annual,days_sales_outstanding,Days Sales Outstanding (DSO),derived,170.96370781785737,days,(accounts_receivable_net / revenue) * 365,optional
AAOI,2024,FY,annual,roe,Return on Equity,derived,-0.8150293306330528,pure,net_income / total_stockholders_equity,important
AAOI,2024,FY,annual,roa,Return on Assets,derived,-0.3413566299594905,pure,net_income / total_assets,optional
AAOI,2024,FY,annual,roic,Return on Invested Capital,derived,-0.3764413931751304,pure,(operating_income * (1 - effective_tax_rate)) / (total_debt + total_stockholders_equity - cash_and_cash_equivalents),core
AAOI,2024,FY,annual,revenue_yoy_growth,Revenue YoY Growth %,derived,0.14573665493507806,pure,(revenue - revenue_prior_year) / revenue_prior_year,core
AAOI,2024,FY,annual,eps_yoy_growth,Diluted EPS YoY Growth %,derived,1.5714285714285714,pure,(eps_diluted - eps_diluted_prior_year) / eps_diluted_prior_year,important
AAOI,2024,FY,annual,diluted_share_count_change,YoY Diluted Share Count Change,derived,0.3003447974798852,pure,(weighted_avg_shares_diluted / weighted_avg_shares_diluted_prior_year) - 1,optional
AAOI,2024,FY,annual,deferred_revenue_total,Total Deferred Revenue,derived,0,USD,deferred_revenue_current + deferred_revenue_noncurrent,important
AAOI,2024,FY,annual,segment_revenue_mix_pct,Segment Revenue Mix %,derived,,pure,segment_revenue / revenue,important
AAOI,2025,Q1,quarterly,gross_profit_derived,Gross Profit (derived fallback),derived,30544000,USD,revenue - cost_of_revenue,important
AAOI,2025,Q1,quarterly,gross_margin,Gross Margin %,derived,0.3058712785026888,pure,gross_profit / revenue,core
AAOI,2025,Q1,quarterly,operating_margin,Operating Margin %,derived,-0.0894961896273746,pure,operating_income / revenue,core
AAOI,2025,Q1,quarterly,net_margin,Net Margin %,derived,-0.09184950780600647,pure,net_income / revenue,core
AAOI,2025,Q1,quarterly,effective_tax_rate,Effective Tax Rate,derived,-0.0,pure,income_tax_expense / pretax_income,important
AAOI,2025,Q1,quarterly,rd_intensity,R&D Intensity (R&D / Revenue),derived,0.1783514755805686,pure,research_development_expense / revenue,core
AAOI,2025,Q1,quarterly,sbc_pct_revenue,Stock-Based Comp % of Revenue,derived,0.02565617520704193,pure,stock_based_compensation / revenue,important
AAOI,2025,Q1,quarterly,capex_intensity,Capex Intensity (Capex / Revenue),derived,0.2842908500986391,pure,capital_expenditures / revenue,important
AAOI,2025,Q1,quarterly,free_cash_flow,Free Cash Flow (FCF),derived,-79304000,USD,net_cash_from_operating_activities - capital_expenditures,core
AAOI,2025,Q1,quarterly,fcf_margin,FCF Margin %,derived,-0.7941597652690293,pure,free_cash_flow / revenue,core
AAOI,2025,Q1,quarterly,net_working_capital,Net Working Capital,derived,167835000,USD,total_current_assets - total_current_liabilities,important
AAOI,2025,Q1,quarterly,total_debt,Total Debt,derived,22123000,USD,short_term_debt + long_term_debt,core
AAOI,2025,Q1,quarterly,net_debt,Net Debt (Net Cash),derived,-29021000,USD,total_debt - cash_and_cash_equivalents - short_term_investments,core
AAOI,2025,Q1,quarterly,tangible_book_value,Tangible Book Value,derived,305379000,USD,total_stockholders_equity - goodwill - intangible_assets_net,optional
AAOI,2025,Q1,quarterly,book_value_per_share,Book Value Per Share,derived,,USD/shares,total_stockholders_equity / shares_outstanding,important
AAOI,2025,Q1,quarterly,inventory_days,Days Inventory Outstanding (DIO),derived,538.7613792108491,days,(inventory_net / cost_of_revenue) * 365,important
AAOI,2025,Q1,quarterly,days_sales_outstanding,Days Sales Outstanding (DSO),derived,625.4004646551638,days,(accounts_receivable_net / revenue) * 365,optional
AAOI,2025,Q1,quarterly,roe,Return on Equity,derived,-0.029681599156022562,pure,net_income / total_stockholders_equity,important
AAOI,2025,Q1,quarterly,roa,Return on Assets,derived,-0.014227478329931065,pure,net_income / total_assets,optional
AAOI,2025,Q1,quarterly,roic,Return on Invested Capital,derived,-0.03191876910768879,pure,(operating_income * (1 - effective_tax_rate)) / (total_debt + total_stockholders_equity - cash_and_cash_equivalents),core
AAOI,2025,Q1,quarterly,revenue_yoy_growth,Revenue YoY Growth %,derived,1.4551668182823987,pure,(revenue - revenue_prior_year) / revenue_prior_year,core
AAOI,2025,Q1,quarterly,eps_yoy_growth,Diluted EPS YoY Growth %,derived,-0.7,pure,(eps_diluted - eps_diluted_prior_year) / eps_diluted_prior_year,important
AAOI,2025,Q1,quarterly,diluted_share_count_change,YoY Diluted Share Count Change,derived,0.3044378832263641,pure,(weighted_avg_shares_diluted / weighted_avg_shares_diluted_prior_year) - 1,optional
AAOI,2025,Q1,quarterly,deferred_revenue_total,Total Deferred Revenue,derived,0,USD,deferred_revenue_current + deferred_revenue_noncurrent,important
AAOI,2025,Q1,quarterly,segment_revenue_mix_pct,Segment Revenue Mix %,derived,,pure,segment_revenue / revenue,important
AAOI,2025,Q2,quarterly,gross_profit_derived,Gross Profit (derived fallback),derived,31162000,USD,revenue - cost_of_revenue,important
AAOI,2025,Q2,quarterly,gross_margin,Gross Margin %,derived,0.302684746289533,pure,gross_profit / revenue,core
AAOI,2025,Q2,quarterly,operating_margin,Operating Margin %,derived,-0.15517911259616132,pure,operating_income / revenue,core
AAOI,2025,Q2,quarterly,net_margin,Net Margin %,derived,-0.08837127981972182,pure,net_income / revenue,core
AAOI,2025,Q2,quarterly,effective_tax_rate,Effective Tax Rate,derived,-0.0,pure,income_tax_expense / pretax_income,important
AAOI,2025,Q2,quarterly,rd_intensity,R&D Intensity (R&D / Revenue),derived,0.20020980651177248,pure,research_development_expense / revenue,core
AAOI,2025,Q2,quarterly,sbc_pct_revenue,Stock-Based Comp % of Revenue,derived,0.030732768668894243,pure,stock_based_compensation / revenue,important
AAOI,2025,Q2,quarterly,capex_intensity,Capex Intensity (Capex / Revenue),derived,,pure,capital_expenditures / revenue,important
AAOI,2025,Q2,quarterly,free_cash_flow,Free Cash Flow (FCF),derived,,USD,net_cash_from_operating_activities - capital_expenditures,core
AAOI,2025,Q2,quarterly,fcf_margin,FCF Margin %,derived,,pure,free_cash_flow / revenue,core
AAOI,2025,Q2,quarterly,net_working_capital,Net Working Capital,derived,241495000,USD,total_current_assets - total_current_liabilities,important
AAOI,2025,Q2,quarterly,total_debt,Total Debt,derived,22183000,USD,short_term_debt + long_term_debt,core
AAOI,2025,Q2,quarterly,net_debt,Net Debt (Net Cash),derived,-42516000,USD,total_debt - cash_and_cash_equivalents - short_term_investments,core
AAOI,2025,Q2,quarterly,tangible_book_value,Tangible Book Value,derived,421342000,USD,total_stockholders_equity - goodwill - intangible_assets_net,optional
AAOI,2025,Q2,quarterly,book_value_per_share,Book Value Per Share,derived,,USD/shares,total_stockholders_equity / shares_outstanding,important
AAOI,2025,Q2,quarterly,inventory_days,Days Inventory Outstanding (DIO),derived,706.0378186376932,days,(inventory_net / cost_of_revenue) * 365,important
AAOI,2025,Q2,quarterly,days_sales_outstanding,Days Sales Outstanding (DSO),derived,749.6695547439583,days,(accounts_receivable_net / revenue) * 365,optional
AAOI,2025,Q2,quarterly,roe,Return on Equity,derived,-0.0214080158877691,pure,net_income / total_stockholders_equity,important
AAOI,2025,Q2,quarterly,roa,Return on Assets,derived,-0.011417456233921064,pure,net_income / total_assets,optional
AAOI,2025,Q2,quarterly,roic,Return on Invested Capital,derived,-0.04177114245747977,pure,(operating_income * (1 - effective_tax_rate)) / (total_debt + total_stockholders_equity - cash_and_cash_equivalents),core
AAOI,2025,Q2,quarterly,revenue_yoy_growth,Revenue YoY Growth %,derived,1.379292812572221,pure,(revenue - revenue_prior_year) / revenue_prior_year,core
AAOI,2025,Q2,quarterly,eps_yoy_growth,Diluted EPS YoY Growth %,derived,-0.7575757575757576,pure,(eps_diluted - eps_diluted_prior_year) / eps_diluted_prior_year,important
AAOI,2025,Q2,quarterly,diluted_share_count_change,YoY Diluted Share Count Change,derived,0.44220510142076463,pure,(weighted_avg_shares_diluted / weighted_avg_shares_diluted_prior_year) - 1,optional
AAOI,2025,Q2,quarterly,deferred_revenue_total,Total Deferred Revenue,derived,0,USD,deferred_revenue_current + deferred_revenue_noncurrent,important
AAOI,2025,Q2,quarterly,segment_revenue_mix_pct,Segment Revenue Mix %,derived,,pure,segment_revenue / revenue,important
AAOI,2025,Q3,quarterly,gross_profit_derived,Gross Profit (derived fallback),derived,33263000,USD,revenue - cost_of_revenue,important
AAOI,2025,Q3,quarterly,gross_margin,Gross Margin %,derived,0.28039281800556354,pure,gross_profit / revenue,core
AAOI,2025,Q3,quarterly,operating_margin,Operating Margin %,derived,-0.15330860659192447,pure,operating_income / revenue,core
AAOI,2025,Q3,quarterly,net_margin,Net Margin %,derived,-0.15119278428727978,pure,net_income / revenue,core
AAOI,2025,Q3,quarterly,effective_tax_rate,Effective Tax Rate,derived,-0.0,pure,income_tax_expense / pretax_income,important
AAOI,2025,Q3,quarterly,rd_intensity,R&D Intensity (R&D / Revenue),derived,0.1792548259293602,pure,research_development_expense / revenue,core
AAOI,2025,Q3,quarterly,sbc_pct_revenue,Stock-Based Comp % of Revenue,derived,0.02626654303295962,pure,stock_based_compensation / revenue,important
AAOI,2025,Q3,quarterly,capex_intensity,Capex Intensity (Capex / Revenue),derived,,pure,capital_expenditures / revenue,important
AAOI,2025,Q3,quarterly,free_cash_flow,Free Cash Flow (FCF),derived,,USD,net_cash_from_operating_activities - capital_expenditures,core
AAOI,2025,Q3,quarterly,fcf_margin,FCF Margin %,derived,,pure,free_cash_flow / revenue,core
AAOI,2025,Q3,quarterly,net_working_capital,Net Working Capital,derived,326170000,USD,total_current_assets - total_current_liabilities,important
AAOI,2025,Q3,quarterly,total_debt,Total Debt,derived,27978000,USD,short_term_debt + long_term_debt,core
AAOI,2025,Q3,quarterly,net_debt,Net Debt (Net Cash),derived,-108983000,USD,total_debt - cash_and_cash_equivalents - short_term_investments,core
AAOI,2025,Q3,quarterly,tangible_book_value,Tangible Book Value,derived,555445000,USD,total_stockholders_equity - goodwill - intangible_assets_net,optional
AAOI,2025,Q3,quarterly,book_value_per_share,Book Value Per Share,derived,,USD/shares,total_stockholders_equity / shares_outstanding,important
AAOI,2025,Q3,quarterly,inventory_days,Days Inventory Outstanding (DIO),derived,727.7766584277297,days,(inventory_net / cost_of_revenue) * 365,important
AAOI,2025,Q3,quarterly,days_sales_outstanding,Days Sales Outstanding (DSO),derived,689.2878698474248,days,(accounts_receivable_net / revenue) * 365,optional
AAOI,2025,Q3,quarterly,roe,Return on Equity,derived,-0.03208098947387249,pure,net_income / total_stockholders_equity,important
AAOI,2025,Q3,quarterly,roa,Return on Assets,derived,-0.018329572582491252,pure,net_income / total_assets,optional
AAOI,2025,Q3,quarterly,roic,Return on Invested Capital,derived,-0.04040639677228717,pure,(operating_income * (1 - effective_tax_rate)) / (total_debt + total_stockholders_equity - cash_and_cash_equivalents),core
AAOI,2025,Q3,quarterly,revenue_yoy_growth,Revenue YoY Growth %,derived,0.8208469555340671,pure,(revenue - revenue_prior_year) / revenue_prior_year,core
AAOI,2025,Q3,quarterly,eps_yoy_growth,Diluted EPS YoY Growth %,derived,-0.33333333333333326,pure,(eps_diluted - eps_diluted_prior_year) / eps_diluted_prior_year,important
AAOI,2025,Q3,quarterly,diluted_share_count_change,YoY Diluted Share Count Change,derived,0.49672156552221325,pure,(weighted_avg_shares_diluted / weighted_avg_shares_diluted_prior_year) - 1,optional
AAOI,2025,Q3,quarterly,deferred_revenue_total,Total Deferred Revenue,derived,0,USD,deferred_revenue_current + deferred_revenue_noncurrent,important
AAOI,2025,Q3,quarterly,segment_revenue_mix_pct,Segment Revenue Mix %,derived,,pure,segment_revenue / revenue,important
AAOI,2025,FY,annual,gross_profit_derived,Gross Profit (derived fallback),derived,136913000,USD,revenue - cost_of_revenue,important
AAOI,2025,FY,annual,gross_margin,Gross Margin %,derived,0.300435579254578,pure,gross_profit / revenue,core
AAOI,2025,FY,annual,operating_margin,Operating Margin %,derived,-0.1198161131408885,pure,operating_income / revenue,core
AAOI,2025,FY,annual,net_margin,Net Margin %,derived,-0.08388576193454242,pure,net_income / revenue,core
AAOI,2025,FY,annual,effective_tax_rate,Effective Tax Rate,derived,0.18148338472079478,pure,income_tax_expense / pretax_income,important
AAOI,2025,FY,annual,rd_intensity,R&D Intensity (R&D / Revenue),derived,0.1876326212654839,pure,research_development_expense / revenue,core
AAOI,2025,FY,annual,sbc_pct_revenue,Stock-Based Comp % of Revenue,derived,0.025695884489209266,pure,stock_based_compensation / revenue,important
AAOI,2025,FY,annual,capex_intensity,Capex Intensity (Capex / Revenue),derived,0.39311411737599156,pure,capital_expenditures / revenue,important
AAOI,2025,FY,annual,free_cash_flow,Free Cash Flow (FCF),derived,-353576000,USD,net_cash_from_operating_activities - capital_expenditures,core
AAOI,2025,FY,annual,fcf_margin,FCF Margin %,derived,-0.775870884214915,pure,free_cash_flow / revenue,core
AAOI,2025,FY,annual,net_working_capital,Net Working Capital,derived,418444000,USD,total_current_assets - total_current_liabilities,important
AAOI,2025,FY,annual,total_debt,Total Debt,derived,33975000,USD,short_term_debt + long_term_debt,core
AAOI,2025,FY,annual,net_debt,Net Debt (Net Cash),derived,-172165000,USD,total_debt - cash_and_cash_equivalents - short_term_investments,core
AAOI,2025,FY,annual,tangible_book_value,Tangible Book Value,derived,730295000,USD,total_stockholders_equity - goodwill - intangible_assets_net,optional
AAOI,2025,FY,annual,book_value_per_share,Book Value Per Share,derived,,USD/shares,total_stockholders_equity / shares_outstanding,important
AAOI,2025,FY,annual,inventory_days,Days Inventory Outstanding (DIO),derived,209.63897654343447,days,(inventory_net / cost_of_revenue) * 365,important
AAOI,2025,FY,annual,days_sales_outstanding,Days Sales Outstanding (DSO),derived,195.75274019946676,days,(accounts_receivable_net / revenue) * 365,optional
AAOI,2025,FY,annual,roe,Return on Equity,derived,-0.05208756291574808,pure,net_income / total_stockholders_equity,important
AAOI,2025,FY,annual,roa,Return on Assets,derived,-0.03271760312831911,pure,net_income / total_assets,optional
AAOI,2025,FY,annual,roic,Return on Invested Capital,derived,-0.07955924441431583,pure,(operating_income * (1 - effective_tax_rate)) / (total_debt + total_stockholders_equity - cash_and_cash_equivalents),core
AAOI,2025,FY,annual,revenue_yoy_growth,Revenue YoY Growth %,derived,0.8275018547109658,pure,(revenue - revenue_prior_year) / revenue_prior_year,core
AAOI,2025,FY,annual,eps_yoy_growth,Diluted EPS YoY Growth %,derived,-0.8577777777777778,pure,(eps_diluted - eps_diluted_prior_year) / eps_diluted_prior_year,important
AAOI,2025,FY,annual,diluted_share_count_change,YoY Diluted Share Count Change,derived,0.44887064067304605,pure,(weighted_avg_shares_diluted / weighted_avg_shares_diluted_prior_year) - 1,optional
AAOI,2025,FY,annual,deferred_revenue_total,Total Deferred Revenue,derived,0,USD,deferred_revenue_current + deferred_revenue_noncurrent,important
AAOI,2025,FY,annual,segment_revenue_mix_pct,Segment Revenue Mix %,derived,,pure,segment_revenue / revenue,important
AAOI,2026,Q1,quarterly,gross_profit_derived,Gross Profit (derived fallback),derived,43916000,USD,revenue - cost_of_revenue,important
AAOI,2026,Q1,quarterly,gross_margin,Gross Margin %,derived,0.29055734928280313,pure,gross_profit / revenue,core
AAOI,2026,Q1,quarterly,operating_margin,Operating Margin %,derived,-0.08595114592706293,pure,operating_income / revenue,core
AAOI,2026,Q1,quarterly,net_margin,Net Margin %,derived,-0.0944860530355158,pure,net_income / revenue,core
AAOI,2026,Q1,quarterly,effective_tax_rate,Effective Tax Rate,derived,-0.07927750906892382,pure,income_tax_expense / pretax_income,important
AAOI,2026,Q1,quarterly,rd_intensity,R&D Intensity (R&D / Revenue),derived,0.1697454083522998,pure,research_development_expense / revenue,core
AAOI,2026,Q1,quarterly,sbc_pct_revenue,Stock-Based Comp % of Revenue,derived,0.029051765204043827,pure,stock_based_compensation / revenue,important
AAOI,2026,Q1,quarterly,capex_intensity,Capex Intensity (Capex / Revenue),derived,0.3852286561160218,pure,capital_expenditures / revenue,important
AAOI,2026,Q1,quarterly,free_cash_flow,Free Cash Flow (FCF),derived,-143578000,USD,net_cash_from_operating_activities - capital_expenditures,core
AAOI,2026,Q1,quarterly,fcf_margin,FCF Margin %,derived,-0.9499417773778648,pure,free_cash_flow / revenue,core
AAOI,2026,Q1,quarterly,net_working_capital,Net Working Capital,derived,733149000,USD,total_current_assets - total_current_liabilities,important
AAOI,2026,Q1,quarterly,total_debt,Total Debt,derived,41225000,USD,short_term_debt + long_term_debt,core
AAOI,2026,Q1,quarterly,net_debt,Net Debt (Net Cash),derived,-398480000,USD,total_debt - cash_and_cash_equivalents - short_term_investments,core
AAOI,2026,Q1,quarterly,tangible_book_value,Tangible Book Value,derived,1102338000,USD,total_stockholders_equity - goodwill - intangible_assets_net,optional
AAOI,2026,Q1,quarterly,book_value_per_share,Book Value Per Share,derived,,USD/shares,total_stockholders_equity / shares_outstanding,important
AAOI,2026,Q1,quarterly,inventory_days,Days Inventory Outstanding (DIO),derived,702.0534748386616,days,(inventory_net / cost_of_revenue) * 365,important
AAOI,2026,Q1,quarterly,days_sales_outstanding,Days Sales Outstanding (DSO),derived,722.0500979198645,days,(accounts_receivable_net / revenue) * 365,optional
AAOI,2026,Q1,quarterly,roe,Return on Equity,derived,-0.012912856977518011,pure,net_income / total_stockholders_equity,important
AAOI,2026,Q1,quarterly,roa,Return on Assets,derived,-0.009120117199349374,pure,net_income / total_assets,optional
AAOI,2026,Q1,quarterly,roic,Return on Invested Capital,derived,-0.019818302519837374,pure,(operating_income * (1 - effective_tax_rate)) / (total_debt + total_stockholders_equity - cash_and_cash_equivalents),core
AAOI,2026,Q1,quarterly,revenue_yoy_growth,Revenue YoY Growth %,derived,0.5135741395367468,pure,(revenue - revenue_prior_year) / revenue_prior_year,core
AAOI,2026,Q1,quarterly,eps_yoy_growth,Diluted EPS YoY Growth %,derived,0.05555555555555561,pure,(eps_diluted - eps_diluted_prior_year) / eps_diluted_prior_year,important
AAOI,2026,Q1,quarterly,diluted_share_count_change,YoY Diluted Share Count Change,derived,0.5183549489418677,pure,(weighted_avg_shares_diluted / weighted_avg_shares_diluted_prior_year) - 1,optional
AAOI,2026,Q1,quarterly,deferred_revenue_total,Total Deferred Revenue,derived,0,USD,deferred_revenue_current + deferred_revenue_noncurrent,important
AAOI,2026,Q1,quarterly,segment_revenue_mix_pct,Segment Revenue Mix %,derived,,pure,segment_revenue / revenue,important
IREN,2023,FY,annual,gross_profit_derived,Gross Profit (derived fallback),derived,36090000,USD,revenue - cost_of_revenue,important
IREN,2023,FY,annual,gross_margin,Gross Margin %,derived,0.4779562701134964,pure,gross_profit / revenue,core
IREN,2023,FY,annual,operating_margin,Operating Margin %,derived,-2.082414016872161,pure,operating_income / revenue,core
IREN,2023,FY,annual,net_margin,Net Margin %,derived,-2.275583043080957,pure,net_income / revenue,core
IREN,2023,FY,annual,effective_tax_rate,Effective Tax Rate,derived,-0.014105537751494656,pure,income_tax_expense / pretax_income,important
IREN,2023,FY,annual,rd_intensity,R&D Intensity (R&D / Revenue),derived,,pure,research_development_expense / revenue,core
IREN,2023,FY,annual,sbc_pct_revenue,Stock-Based Comp % of Revenue,derived,0.19012303169158642,pure,stock_based_compensation / revenue,important
IREN,2023,FY,annual,capex_intensity,Capex Intensity (Capex / Revenue),derived,1.5370882941106359,pure,capital_expenditures / revenue,important
IREN,2023,FY,annual,free_cash_flow,Free Cash Flow (FCF),derived,-110335000,USD,net_cash_from_operating_activities - capital_expenditures,core
IREN,2023,FY,annual,fcf_margin,FCF Margin %,derived,-1.4612165437232647,pure,free_cash_flow / revenue,core
IREN,2023,FY,annual,net_working_capital,Net Working Capital,derived,,USD,total_current_assets - total_current_liabilities,important
IREN,2023,FY,annual,total_debt,Total Debt,derived,,USD,short_term_debt + long_term_debt,core
IREN,2023,FY,annual,net_debt,Net Debt (Net Cash),derived,,USD,total_debt - cash_and_cash_equivalents - short_term_investments,core
IREN,2023,FY,annual,tangible_book_value,Tangible Book Value,derived,305448000,USD,total_stockholders_equity - goodwill - intangible_assets_net,optional
IREN,2023,FY,annual,book_value_per_share,Book Value Per Share,derived,,USD/shares,total_stockholders_equity / shares_outstanding,important
IREN,2023,FY,annual,inventory_days,Days Inventory Outstanding (DIO),derived,,days,(inventory_net / cost_of_revenue) * 365,important
IREN,2023,FY,annual,days_sales_outstanding,Days Sales Outstanding (DSO),derived,,days,(accounts_receivable_net / revenue) * 365,optional
IREN,2023,FY,annual,roe,Return on Equity,derived,-0.5625409234959797,pure,net_income / total_stockholders_equity,important
IREN,2023,FY,annual,roa,Return on Assets,derived,,pure,net_income / total_assets,optional
IREN,2023,FY,annual,roic,Return on Invested Capital,derived,,pure,(operating_income * (1 - effective_tax_rate)) / (total_debt + total_stockholders_equity - cash_and_cash_equivalents),core
IREN,2023,FY,annual,revenue_yoy_growth,Revenue YoY Growth %,derived,,pure,(revenue - revenue_prior_year) / revenue_prior_year,core
IREN,2023,FY,annual,eps_yoy_growth,Diluted EPS YoY Growth %,derived,,pure,(eps_diluted - eps_diluted_prior_year) / eps_diluted_prior_year,important
IREN,2023,FY,annual,diluted_share_count_change,YoY Diluted Share Count Change,derived,,pure,(weighted_avg_shares_diluted / weighted_avg_shares_diluted_prior_year) - 1,optional
IREN,2023,FY,annual,deferred_revenue_total,Total Deferred Revenue,derived,0,USD,deferred_revenue_current + deferred_revenue_noncurrent,important
IREN,2023,FY,annual,segment_revenue_mix_pct,Segment Revenue Mix %,derived,,pure,segment_revenue / revenue,important
IREN,2024,FY,annual,gross_profit_derived,Gross Profit (derived fallback),derived,100125000,USD,revenue - cost_of_revenue,important
IREN,2024,FY,annual,gross_margin,Gross Margin %,derived,0.5348786272917646,pure,gross_profit / revenue,core
IREN,2024,FY,annual,operating_margin,Operating Margin %,derived,-0.14548698662335996,pure,operating_income / revenue,core
IREN,2024,FY,annual,net_margin,Net Margin %,derived,-0.1544937817855464,pure,net_income / revenue,core
IREN,2024,FY,annual,effective_tax_rate,Effective Tax Rate,derived,-0.13558723053363175,pure,income_tax_expense / pretax_income,important
IREN,2024,FY,annual,rd_intensity,R&D Intensity (R&D / Revenue),derived,,pure,research_development_expense / revenue,core
IREN,2024,FY,annual,sbc_pct_revenue,Stock-Based Comp % of Revenue,derived,0.12626607974699774,pure,stock_based_compensation / revenue,important
IREN,2024,FY,annual,capex_intensity,Capex Intensity (Capex / Revenue),derived,0.7578048207188341,pure,capital_expenditures / revenue,important
IREN,2024,FY,annual,free_cash_flow,Free Cash Flow (FCF),derived,-89636000,USD,net_cash_from_operating_activities - capital_expenditures,core
IREN,2024,FY,annual,fcf_margin,FCF Margin %,derived,-0.4788452497969999,pure,free_cash_flow / revenue,core
IREN,2024,FY,annual,net_working_capital,Net Working Capital,derived,401313000,USD,total_current_assets - total_current_liabilities,important
IREN,2024,FY,annual,total_debt,Total Debt,derived,,USD,short_term_debt + long_term_debt,core
IREN,2024,FY,annual,net_debt,Net Debt (Net Cash),derived,,USD,total_debt - cash_and_cash_equivalents - short_term_investments,core
IREN,2024,FY,annual,tangible_book_value,Tangible Book Value,derived,1097471000,USD,total_stockholders_equity - goodwill - intangible_assets_net,optional
IREN,2024,FY,annual,book_value_per_share,Book Value Per Share,derived,,USD/shares,total_stockholders_equity / shares_outstanding,important
IREN,2024,FY,annual,inventory_days,Days Inventory Outstanding (DIO),derived,,days,(inventory_net / cost_of_revenue) * 365,important
IREN,2024,FY,annual,days_sales_outstanding,Days Sales Outstanding (DSO),derived,0.29638018718748665,days,(accounts_receivable_net / revenue) * 365,optional
IREN,2024,FY,annual,roe,Return on Equity,derived,-0.026351493570217346,pure,net_income / total_stockholders_equity,important
IREN,2024,FY,annual,roa,Return on Assets,derived,-0.025086331852615197,pure,net_income / total_assets,optional
IREN,2024,FY,annual,roic,Return on Invested Capital,derived,,pure,(operating_income * (1 - effective_tax_rate)) / (total_debt + total_stockholders_equity - cash_and_cash_equivalents),core
IREN,2024,FY,annual,revenue_yoy_growth,Revenue YoY Growth %,derived,1.4790687202849992,pure,(revenue - revenue_prior_year) / revenue_prior_year,core
IREN,2024,FY,annual,eps_yoy_growth,Diluted EPS YoY Growth %,derived,-0.9076433121019108,pure,(eps_diluted - eps_diluted_prior_year) / eps_diluted_prior_year,important
IREN,2024,FY,annual,diluted_share_count_change,YoY Diluted Share Count Change,derived,0.8190692377474704,pure,(weighted_avg_shares_diluted / weighted_avg_shares_diluted_prior_year) - 1,optional
IREN,2024,FY,annual,deferred_revenue_total,Total Deferred Revenue,derived,0,USD,deferred_revenue_current + deferred_revenue_noncurrent,important
IREN,2024,FY,annual,segment_revenue_mix_pct,Segment Revenue Mix %,derived,,pure,segment_revenue / revenue,important
IREN,2025,Q1,quarterly,gross_profit_derived,Gross Profit (derived fallback),derived,20905000,USD,revenue - cost_of_revenue,important
IREN,2025,Q1,quarterly,gross_margin,Gross Margin %,derived,0.3961981654158138,pure,gross_profit / revenue,core
IREN,2025,Q1,quarterly,operating_margin,Operating Margin %,derived,-0.8923887499052384,pure,operating_income / revenue,core
IREN,2025,Q1,quarterly,net_margin,Net Margin %,derived,-0.9798915927526344,pure,net_income / revenue,core
IREN,2025,Q1,quarterly,effective_tax_rate,Effective Tax Rate,derived,-0.02542591380575554,pure,income_tax_expense / pretax_income,important
IREN,2025,Q1,quarterly,rd_intensity,R&D Intensity (R&D / Revenue),derived,,pure,research_development_expense / revenue,core
IREN,2025,Q1,quarterly,sbc_pct_revenue,Stock-Based Comp % of Revenue,derived,0.15510575392312942,pure,stock_based_compensation / revenue,important
IREN,2025,Q1,quarterly,capex_intensity,Capex Intensity (Capex / Revenue),derived,2.0057425517398224,pure,capital_expenditures / revenue,important
IREN,2025,Q1,quarterly,free_cash_flow,Free Cash Flow (FCF),derived,-109746000,USD,net_cash_from_operating_activities - capital_expenditures,core
IREN,2025,Q1,quarterly,fcf_margin,FCF Margin %,derived,-2.0799408687741643,pure,free_cash_flow / revenue,core
IREN,2025,Q1,quarterly,net_working_capital,Net Working Capital,derived,,USD,total_current_assets - total_current_liabilities,important
IREN,2025,Q1,quarterly,total_debt,Total Debt,derived,,USD,short_term_debt + long_term_debt,core
IREN,2025,Q1,quarterly,net_debt,Net Debt (Net Cash),derived,,USD,total_debt - cash_and_cash_equivalents - short_term_investments,core
IREN,2025,Q1,quarterly,tangible_book_value,Tangible Book Value,derived,1129677000,USD,total_stockholders_equity - goodwill - intangible_assets_net,optional
IREN,2025,Q1,quarterly,book_value_per_share,Book Value Per Share,derived,,USD/shares,total_stockholders_equity / shares_outstanding,important
IREN,2025,Q1,quarterly,inventory_days,Days Inventory Outstanding (DIO),derived,,days,(inventory_net / cost_of_revenue) * 365,important
IREN,2025,Q1,quarterly,days_sales_outstanding,Days Sales Outstanding (DSO),derived,,days,(accounts_receivable_net / revenue) * 365,optional
IREN,2025,Q1,quarterly,roe,Return on Equity,derived,-0.04576794959975285,pure,net_income / total_stockholders_equity,important
IREN,2025,Q1,quarterly,roa,Return on Assets,derived,,pure,net_income / total_assets,optional
IREN,2025,Q1,quarterly,roic,Return on Invested Capital,derived,,pure,(operating_income * (1 - effective_tax_rate)) / (total_debt + total_stockholders_equity - cash_and_cash_equivalents),core
IREN,2025,Q1,quarterly,revenue_yoy_growth,Revenue YoY Growth %,derived,,pure,(revenue - revenue_prior_year) / revenue_prior_year,core
IREN,2025,Q1,quarterly,eps_yoy_growth,Diluted EPS YoY Growth %,derived,,pure,(eps_diluted - eps_diluted_prior_year) / eps_diluted_prior_year,important
IREN,2025,Q1,quarterly,diluted_share_count_change,YoY Diluted Share Count Change,derived,,pure,(weighted_avg_shares_diluted / weighted_avg_shares_diluted_prior_year) - 1,optional
IREN,2025,Q1,quarterly,deferred_revenue_total,Total Deferred Revenue,derived,0,USD,deferred_revenue_current + deferred_revenue_noncurrent,important
IREN,2025,Q1,quarterly,segment_revenue_mix_pct,Segment Revenue Mix %,derived,,pure,segment_revenue / revenue,important
IREN,2025,Q2,quarterly,gross_profit_derived,Gross Profit (derived fallback),derived,83850000,USD,revenue - cost_of_revenue,important
IREN,2025,Q2,quarterly,gross_margin,Gross Margin %,derived,0.7219486155117785,pure,gross_profit / revenue,core
IREN,2025,Q2,quarterly,operating_margin,Operating Margin %,derived,0.1490391238462598,pure,operating_income / revenue,core
IREN,2025,Q2,quarterly,net_margin,Net Margin %,derived,-0.18845571015291362,pure,net_income / revenue,core
IREN,2025,Q2,quarterly,effective_tax_rate,Effective Tax Rate,derived,-0.15913784885876184,pure,income_tax_expense / pretax_income,important
IREN,2025,Q2,quarterly,rd_intensity,R&D Intensity (R&D / Revenue),derived,,pure,research_development_expense / revenue,core
IREN,2025,Q2,quarterly,sbc_pct_revenue,Stock-Based Comp % of Revenue,derived,0.06866476098636176,pure,stock_based_compensation / revenue,important
IREN,2025,Q2,quarterly,capex_intensity,Capex Intensity (Capex / Revenue),derived,,pure,capital_expenditures / revenue,important
IREN,2025,Q2,quarterly,free_cash_flow,Free Cash Flow (FCF),derived,,USD,net_cash_from_operating_activities - capital_expenditures,core
IREN,2025,Q2,quarterly,fcf_margin,FCF Margin %,derived,,pure,free_cash_flow / revenue,core
IREN,2025,Q2,quarterly,net_working_capital,Net Working Capital,derived,,USD,total_current_assets - total_current_liabilities,important
IREN,2025,Q2,quarterly,total_debt,Total Debt,derived,,USD,short_term_debt + long_term_debt,core
IREN,2025,Q2,quarterly,net_debt,Net Debt (Net Cash),derived,,USD,total_debt - cash_and_cash_equivalents - short_term_investments,core
IREN,2025,Q2,quarterly,tangible_book_value,Tangible Book Value,derived,1245645000,USD,total_stockholders_equity - goodwill - intangible_assets_net,optional
IREN,2025,Q2,quarterly,book_value_per_share,Book Value Per Share,derived,,USD/shares,total_stockholders_equity / shares_outstanding,important
IREN,2025,Q2,quarterly,inventory_days,Days Inventory Outstanding (DIO),derived,,days,(inventory_net / cost_of_revenue) * 365,important
IREN,2025,Q2,quarterly,days_sales_outstanding,Days Sales Outstanding (DSO),derived,,days,(accounts_receivable_net / revenue) * 365,optional
IREN,2025,Q2,quarterly,roe,Return on Equity,derived,-0.017571619522416097,pure,net_income / total_stockholders_equity,important
IREN,2025,Q2,quarterly,roa,Return on Assets,derived,,pure,net_income / total_assets,optional
IREN,2025,Q2,quarterly,roic,Return on Invested Capital,derived,,pure,(operating_income * (1 - effective_tax_rate)) / (total_debt + total_stockholders_equity - cash_and_cash_equivalents),core
IREN,2025,Q2,quarterly,revenue_yoy_growth,Revenue YoY Growth %,derived,,pure,(revenue - revenue_prior_year) / revenue_prior_year,core
IREN,2025,Q2,quarterly,eps_yoy_growth,Diluted EPS YoY Growth %,derived,,pure,(eps_diluted - eps_diluted_prior_year) / eps_diluted_prior_year,important
IREN,2025,Q2,quarterly,diluted_share_count_change,YoY Diluted Share Count Change,derived,,pure,(weighted_avg_shares_diluted / weighted_avg_shares_diluted_prior_year) - 1,optional
IREN,2025,Q2,quarterly,deferred_revenue_total,Total Deferred Revenue,derived,0,USD,deferred_revenue_current + deferred_revenue_noncurrent,important
IREN,2025,Q2,quarterly,segment_revenue_mix_pct,Segment Revenue Mix %,derived,,pure,segment_revenue / revenue,important
IREN,2025,Q3,quarterly,gross_profit_derived,Gross Profit (derived fallback),derived,102872000,USD,revenue - cost_of_revenue,important
IREN,2025,Q3,quarterly,gross_margin,Gross Margin %,derived,0.7103291604234134,pure,gross_profit / revenue,core
IREN,2025,Q3,quarterly,operating_margin,Operating Margin %,derived,0.20172900713284492,pure,operating_income / revenue,core
IREN,2025,Q3,quarterly,net_margin,Net Margin %,derived,-0.11147400620067255,pure,net_income / revenue,core
IREN,2025,Q3,quarterly,effective_tax_rate,Effective Tax Rate,derived,-0.4536286691878264,pure,income_tax_expense / pretax_income,important
IREN,2025,Q3,quarterly,rd_intensity,R&D Intensity (R&D / Revenue),derived,,pure,research_development_expense / revenue,core
IREN,2025,Q3,quarterly,sbc_pct_revenue,Stock-Based Comp % of Revenue,derived,0.0536516989704674,pure,stock_based_compensation / revenue,important
IREN,2025,Q3,quarterly,capex_intensity,Capex Intensity (Capex / Revenue),derived,,pure,capital_expenditures / revenue,important
IREN,2025,Q3,quarterly,free_cash_flow,Free Cash Flow (FCF),derived,,USD,net_cash_from_operating_activities - capital_expenditures,core
IREN,2025,Q3,quarterly,fcf_margin,FCF Margin %,derived,,pure,free_cash_flow / revenue,core
IREN,2025,Q3,quarterly,net_working_capital,Net Working Capital,derived,,USD,total_current_assets - total_current_liabilities,important
IREN,2025,Q3,quarterly,total_debt,Total Debt,derived,,USD,short_term_debt + long_term_debt,core
IREN,2025,Q3,quarterly,net_debt,Net Debt (Net Cash),derived,,USD,total_debt - cash_and_cash_equivalents - short_term_investments,core
IREN,2025,Q3,quarterly,tangible_book_value,Tangible Book Value,derived,1344558000,USD,total_stockholders_equity - goodwill - intangible_assets_net,optional
IREN,2025,Q3,quarterly,book_value_per_share,Book Value Per Share,derived,,USD/shares,total_stockholders_equity / shares_outstanding,important
IREN,2025,Q3,quarterly,inventory_days,Days Inventory Outstanding (DIO),derived,,days,(inventory_net / cost_of_revenue) * 365,important
IREN,2025,Q3,quarterly,days_sales_outstanding,Days Sales Outstanding (DSO),derived,,days,(accounts_receivable_net / revenue) * 365,optional
IREN,2025,Q3,quarterly,roe,Return on Equity,derived,-0.012006919746117312,pure,net_income / total_stockholders_equity,important
IREN,2025,Q3,quarterly,roa,Return on Assets,derived,,pure,net_income / total_assets,optional
IREN,2025,Q3,quarterly,roic,Return on Invested Capital,derived,,pure,(operating_income * (1 - effective_tax_rate)) / (total_debt + total_stockholders_equity - cash_and_cash_equivalents),core
IREN,2025,Q3,quarterly,revenue_yoy_growth,Revenue YoY Growth %,derived,,pure,(revenue - revenue_prior_year) / revenue_prior_year,core
IREN,2025,Q3,quarterly,eps_yoy_growth,Diluted EPS YoY Growth %,derived,,pure,(eps_diluted - eps_diluted_prior_year) / eps_diluted_prior_year,important
IREN,2025,Q3,quarterly,diluted_share_count_change,YoY Diluted Share Count Change,derived,,pure,(weighted_avg_shares_diluted / weighted_avg_shares_diluted_prior_year) - 1,optional
IREN,2025,Q3,quarterly,deferred_revenue_total,Total Deferred Revenue,derived,0,USD,deferred_revenue_current + deferred_revenue_noncurrent,important
IREN,2025,Q3,quarterly,segment_revenue_mix_pct,Segment Revenue Mix %,derived,,pure,segment_revenue / revenue,important
IREN,2025,FY,annual,gross_profit_derived,Gross Profit (derived fallback),derived,342031000,USD,revenue - cost_of_revenue,important
IREN,2025,FY,annual,gross_margin,Gross Margin %,derived,0.6826652668639963,pure,gross_profit / revenue,core
IREN,2025,FY,annual,operating_margin,Operating Margin %,derived,0.03458324268546554,pure,operating_income / revenue,core
IREN,2025,FY,annual,net_margin,Net Margin %,derived,0.17352696383199973,pure,net_income / revenue,core
IREN,2025,FY,annual,effective_tax_rate,Effective Tax Rate,derived,0.07015967743660495,pure,income_tax_expense / pretax_income,important
IREN,2025,FY,annual,rd_intensity,R&D Intensity (R&D / Revenue),derived,,pure,research_development_expense / revenue,core
IREN,2025,FY,annual,sbc_pct_revenue,Stock-Based Comp % of Revenue,derived,0.08510986521576853,pure,stock_based_compensation / revenue,important
IREN,2025,FY,annual,capex_intensity,Capex Intensity (Capex / Revenue),derived,1.1445702093516665,pure,capital_expenditures / revenue,important
IREN,2025,FY,annual,free_cash_flow,Free Cash Flow (FCF),derived,-327570000,USD,net_cash_from_operating_activities - capital_expenditures,core
IREN,2025,FY,annual,fcf_margin,FCF Margin %,derived,-0.6538023204523545,pure,free_cash_flow / revenue,core
IREN,2025,FY,annual,net_working_capital,Net Working Capital,derived,491826000,USD,total_current_assets - total_current_liabilities,important
IREN,2025,FY,annual,total_debt,Total Debt,derived,,USD,short_term_debt + long_term_debt,core
IREN,2025,FY,annual,net_debt,Net Debt (Net Cash),derived,,USD,total_debt - cash_and_cash_equivalents - short_term_investments,core
IREN,2025,FY,annual,tangible_book_value,Tangible Book Value,derived,1817488000,USD,total_stockholders_equity - goodwill - intangible_assets_net,optional
IREN,2025,FY,annual,book_value_per_share,Book Value Per Share,derived,,USD/shares,total_stockholders_equity / shares_outstanding,important
IREN,2025,FY,annual,inventory_days,Days Inventory Outstanding (DIO),derived,,days,(inventory_net / cost_of_revenue) * 365,important
IREN,2025,FY,annual,days_sales_outstanding,Days Sales Outstanding (DSO),derived,1.1393888104937298,days,(accounts_receivable_net / revenue) * 365,optional
IREN,2025,FY,annual,roe,Return on Equity,derived,0.04783580414286091,pure,net_income / total_stockholders_equity,important
IREN,2025,FY,annual,roa,Return on Assets,derived,0.02956852019318966,pure,net_income / total_assets,optional
IREN,2025,FY,annual,roic,Return on Invested Capital,derived,,pure,(operating_income * (1 - effective_tax_rate)) / (total_debt + total_stockholders_equity - cash_and_cash_equivalents),core
IREN,2025,FY,annual,revenue_yoy_growth,Revenue YoY Growth %,derived,1.6765192956963972,pure,(revenue - revenue_prior_year) / revenue_prior_year,core
IREN,2025,FY,annual,eps_yoy_growth,Diluted EPS YoY Growth %,derived,-2.3448275862068964,pure,(eps_diluted - eps_diluted_prior_year) / eps_diluted_prior_year,important
IREN,2025,FY,annual,diluted_share_count_change,YoY Diluted Share Count Change,derived,1.2405017035169887,pure,(weighted_avg_shares_diluted / weighted_avg_shares_diluted_prior_year) - 1,optional
IREN,2025,FY,annual,deferred_revenue_total,Total Deferred Revenue,derived,884000,USD,deferred_revenue_current + deferred_revenue_noncurrent,important
IREN,2025,FY,annual,segment_revenue_mix_pct,Segment Revenue Mix %,derived,,pure,segment_revenue / revenue,important
IREN,2026,Q1,quarterly,gross_profit_derived,Gross Profit (derived fallback),derived,159622000,USD,revenue - cost_of_revenue,important
IREN,2026,Q1,quarterly,gross_margin,Gross Margin %,derived,0.6642751617803117,pure,gross_profit / revenue,core
IREN,2026,Q1,quarterly,operating_margin,Operating Margin %,derived,-0.31796333673193367,pure,operating_income / revenue,core
IREN,2026,Q1,quarterly,net_margin,Net Margin %,derived,1.6005784556482656,pure,net_income / revenue,core
IREN,2026,Q1,quarterly,effective_tax_rate,Effective Tax Rate,derived,0.33145778361822914,pure,income_tax_expense / pretax_income,important
IREN,2026,Q1,quarterly,rd_intensity,R&D Intensity (R&D / Revenue),derived,,pure,research_development_expense / revenue,core
IREN,2026,Q1,quarterly,sbc_pct_revenue,Stock-Based Comp % of Revenue,derived,0.30131713102644664,pure,stock_based_compensation / revenue,important
IREN,2026,Q1,quarterly,capex_intensity,Capex Intensity (Capex / Revenue),derived,0.7503568530348114,pure,capital_expenditures / revenue,important
IREN,2026,Q1,quarterly,free_cash_flow,Free Cash Flow (FCF),derived,-37954000,USD,net_cash_from_operating_activities - capital_expenditures,core
IREN,2026,Q1,quarterly,fcf_margin,FCF Margin %,derived,-0.15794752283651345,pure,free_cash_flow / revenue,core
IREN,2026,Q1,quarterly,net_working_capital,Net Working Capital,derived,920195000,USD,total_current_assets - total_current_liabilities,important
IREN,2026,Q1,quarterly,total_debt,Total Debt,derived,,USD,short_term_debt + long_term_debt,core
IREN,2026,Q1,quarterly,net_debt,Net Debt (Net Cash),derived,,USD,total_debt - cash_and_cash_equivalents - short_term_investments,core
IREN,2026,Q1,quarterly,tangible_book_value,Tangible Book Value,derived,2876167000,USD,total_stockholders_equity - goodwill - intangible_assets_net,optional
IREN,2026,Q1,quarterly,book_value_per_share,Book Value Per Share,derived,,USD/shares,total_stockholders_equity / shares_outstanding,important
IREN,2026,Q1,quarterly,inventory_days,Days Inventory Outstanding (DIO),derived,,days,(inventory_net / cost_of_revenue) * 365,important
IREN,2026,Q1,quarterly,days_sales_outstanding,Days Sales Outstanding (DSO),derived,36.66632680663351,days,(accounts_receivable_net / revenue) * 365,optional
IREN,2026,Q1,quarterly,roe,Return on Equity,derived,0.13372345903419378,pure,net_income / total_stockholders_equity,important
IREN,2026,Q1,quarterly,roa,Return on Assets,derived,0.09012826154914005,pure,net_income / total_assets,optional
IREN,2026,Q1,quarterly,roic,Return on Invested Capital,derived,,pure,(operating_income * (1 - effective_tax_rate)) / (total_debt + total_stockholders_equity - cash_and_cash_equivalents),core
IREN,2026,Q1,quarterly,revenue_yoy_growth,Revenue YoY Growth %,derived,3.554146766734895,pure,(revenue - revenue_prior_year) / revenue_prior_year,core
IREN,2026,Q1,quarterly,eps_yoy_growth,Diluted EPS YoY Growth %,derived,-5.0,pure,(eps_diluted - eps_diluted_prior_year) / eps_diluted_prior_year,important
IREN,2026,Q1,quarterly,diluted_share_count_change,YoY Diluted Share Count Change,derived,0.9110003000225395,pure,(weighted_avg_shares_diluted / weighted_avg_shares_diluted_prior_year) - 1,optional
IREN,2026,Q1,quarterly,deferred_revenue_total,Total Deferred Revenue,derived,23341000,USD,deferred_revenue_current + deferred_revenue_noncurrent,important
IREN,2026,Q1,quarterly,segment_revenue_mix_pct,Segment Revenue Mix %,derived,,pure,segment_revenue / revenue,important
IREN,2026,Q2,quarterly,gross_profit_derived,Gross Profit (derived fallback),derived,118929000,USD,revenue - cost_of_revenue,important
IREN,2026,Q2,quarterly,gross_margin,Gross Margin %,derived,0.6439315184198557,pure,gross_profit / revenue,core
IREN,2026,Q2,quarterly,operating_margin,Operating Margin %,derived,-0.6302546943018648,pure,operating_income / revenue,core
IREN,2026,Q2,quarterly,net_margin,Net Margin %,derived,-0.8414387195980335,pure,net_income / revenue,core
IREN,2026,Q2,quarterly,effective_tax_rate,Effective Tax Rate,derived,0.5401166524130951,pure,income_tax_expense / pretax_income,important
IREN,2026,Q2,quarterly,rd_intensity,R&D Intensity (R&D / Revenue),derived,,pure,research_development_expense / revenue,core
IREN,2026,Q2,quarterly,sbc_pct_revenue,Stock-Based Comp % of Revenue,derived,0.31528707253156607,pure,stock_based_compensation / revenue,important
IREN,2026,Q2,quarterly,capex_intensity,Capex Intensity (Capex / Revenue),derived,,pure,capital_expenditures / revenue,important
IREN,2026,Q2,quarterly,free_cash_flow,Free Cash Flow (FCF),derived,,USD,net_cash_from_operating_activities - capital_expenditures,core
IREN,2026,Q2,quarterly,fcf_margin,FCF Margin %,derived,,pure,free_cash_flow / revenue,core
IREN,2026,Q2,quarterly,net_working_capital,Net Working Capital,derived,2701290000,USD,total_current_assets - total_current_liabilities,important
IREN,2026,Q2,quarterly,total_debt,Total Debt,derived,,USD,short_term_debt + long_term_debt,core
IREN,2026,Q2,quarterly,net_debt,Net Debt (Net Cash),derived,,USD,total_debt - cash_and_cash_equivalents - short_term_investments,core
IREN,2026,Q2,quarterly,tangible_book_value,Tangible Book Value,derived,2403620000,USD,total_stockholders_equity - goodwill - intangible_assets_net,optional
IREN,2026,Q2,quarterly,book_value_per_share,Book Value Per Share,derived,,USD/shares,total_stockholders_equity / shares_outstanding,important
IREN,2026,Q2,quarterly,inventory_days,Days Inventory Outstanding (DIO),derived,,days,(inventory_net / cost_of_revenue) * 365,important
IREN,2026,Q2,quarterly,days_sales_outstanding,Days Sales Outstanding (DSO),derived,18.98398414657917,days,(accounts_receivable_net / revenue) * 365,optional
IREN,2026,Q2,quarterly,roe,Return on Equity,derived,-0.06188572523099579,pure,net_income / total_stockholders_equity,important
IREN,2026,Q2,quarterly,roa,Return on Assets,derived,-0.0221138807870764,pure,net_income / total_assets,optional
IREN,2026,Q2,quarterly,roic,Return on Invested Capital,derived,,pure,(operating_income * (1 - effective_tax_rate)) / (total_debt + total_stockholders_equity - cash_and_cash_equivalents),core
IREN,2026,Q2,quarterly,revenue_yoy_growth,Revenue YoY Growth %,derived,0.59019837443174,pure,(revenue - revenue_prior_year) / revenue_prior_year,core
IREN,2026,Q2,quarterly,eps_yoy_growth,Diluted EPS YoY Growth %,derived,4.2,pure,(eps_diluted - eps_diluted_prior_year) / eps_diluted_prior_year,important
IREN,2026,Q2,quarterly,diluted_share_count_change,YoY Diluted Share Count Change,derived,0.41600747195614685,pure,(weighted_avg_shares_diluted / weighted_avg_shares_diluted_prior_year) - 1,optional
IREN,2026,Q2,quarterly,deferred_revenue_total,Total Deferred Revenue,derived,46625000,USD,deferred_revenue_current + deferred_revenue_noncurrent,important
IREN,2026,Q2,quarterly,segment_revenue_mix_pct,Segment Revenue Mix %,derived,,pure,segment_revenue / revenue,important
IREN,2026,Q3,quarterly,gross_profit_derived,Gross Profit (derived fallback),derived,104862000,USD,revenue - cost_of_revenue,important
IREN,2026,Q3,quarterly,gross_margin,Gross Margin %,derived,0.7242100901274215,pure,gross_profit / revenue,core
IREN,2026,Q3,quarterly,operating_margin,Operating Margin %,derived,-1.6127835905935979,pure,operating_income / revenue,core
IREN,2026,Q3,quarterly,net_margin,Net Margin %,derived,-1.711571532166166,pure,net_income / revenue,core
IREN,2026,Q3,quarterly,effective_tax_rate,Effective Tax Rate,derived,0.02463339184370646,pure,income_tax_expense / pretax_income,important
IREN,2026,Q3,quarterly,rd_intensity,R&D Intensity (R&D / Revenue),derived,,pure,research_development_expense / revenue,core
IREN,2026,Q3,quarterly,sbc_pct_revenue,Stock-Based Comp % of Revenue,derived,0.21745916640767982,pure,stock_based_compensation / revenue,important
IREN,2026,Q3,quarterly,capex_intensity,Capex Intensity (Capex / Revenue),derived,,pure,capital_expenditures / revenue,important
IREN,2026,Q3,quarterly,free_cash_flow,Free Cash Flow (FCF),derived,,USD,net_cash_from_operating_activities - capital_expenditures,core
IREN,2026,Q3,quarterly,fcf_margin,FCF Margin %,derived,,pure,free_cash_flow / revenue,core
IREN,2026,Q3,quarterly,net_working_capital,Net Working Capital,derived,1773130000,USD,total_current_assets - total_current_liabilities,important
IREN,2026,Q3,quarterly,total_debt,Total Debt,derived,,USD,short_term_debt + long_term_debt,core
IREN,2026,Q3,quarterly,net_debt,Net Debt (Net Cash),derived,,USD,total_debt - cash_and_cash_equivalents - short_term_investments,core
IREN,2026,Q3,quarterly,tangible_book_value,Tangible Book Value,derived,2663348000,USD,total_stockholders_equity - goodwill - intangible_assets_net,optional
IREN,2026,Q3,quarterly,book_value_per_share,Book Value Per Share,derived,,USD/shares,total_stockholders_equity / shares_outstanding,important
IREN,2026,Q3,quarterly,inventory_days,Days Inventory Outstanding (DIO),derived,,days,(inventory_net / cost_of_revenue) * 365,important
IREN,2026,Q3,quarterly,days_sales_outstanding,Days Sales Outstanding (DSO),derived,174.15487413239407,days,(accounts_receivable_net / revenue) * 365,optional
IREN,2026,Q3,quarterly,roe,Return on Equity,derived,-0.09300971879447317,pure,net_income / total_stockholders_equity,important
IREN,2026,Q3,quarterly,roa,Return on Assets,derived,-0.034112940623934516,pure,net_income / total_assets,optional
IREN,2026,Q3,quarterly,roic,Return on Invested Capital,derived,,pure,(operating_income * (1 - effective_tax_rate)) / (total_debt + total_stockholders_equity - cash_and_cash_equivalents),core
IREN,2026,Q3,quarterly,revenue_yoy_growth,Revenue YoY Growth %,derived,-0.00019333945574943206,pure,(revenue - revenue_prior_year) / revenue_prior_year,core
IREN,2026,Q3,quarterly,eps_yoy_growth,Diluted EPS YoY Growth %,derived,9.57142857142857,pure,(eps_diluted - eps_diluted_prior_year) / eps_diluted_prior_year,important
IREN,2026,Q3,quarterly,diluted_share_count_change,YoY Diluted Share Count Change,derived,0.5262710501908134,pure,(weighted_avg_shares_diluted / weighted_avg_shares_diluted_prior_year) - 1,optional
IREN,2026,Q3,quarterly,deferred_revenue_total,Total Deferred Revenue,derived,120388000,USD,deferred_revenue_current + deferred_revenue_noncurrent,important
IREN,2026,Q3,quarterly,segment_revenue_mix_pct,Segment Revenue Mix %,derived,,pure,segment_revenue / revenue,important
CRWV,2023,FY,annual,gross_profit_derived,Gross Profit (derived fallback),derived,160000000,USD,revenue - cost_of_revenue,important
CRWV,2023,FY,annual,gross_margin,Gross Margin %,derived,0.6986899563318777,pure,gross_profit / revenue,core
CRWV,2023,FY,annual,operating_margin,Operating Margin %,derived,-0.0611353711790393,pure,operating_income / revenue,core
CRWV,2023,FY,annual,net_margin,Net Margin %,derived,-2.593886462882096,pure,net_income / revenue,core
CRWV,2023,FY,annual,effective_tax_rate,Effective Tax Rate,derived,-0.06451612903225806,pure,income_tax_expense / pretax_income,important
CRWV,2023,FY,annual,rd_intensity,R&D Intensity (R&D / Revenue),derived,0.09170305676855896,pure,research_development_expense / revenue,core
CRWV,2023,FY,annual,sbc_pct_revenue,Stock-Based Comp % of Revenue,derived,0.06550218340611354,pure,stock_based_compensation / revenue,important
CRWV,2023,FY,annual,capex_intensity,Capex Intensity (Capex / Revenue),derived,12.851528384279476,pure,capital_expenditures / revenue,important
CRWV,2023,FY,annual,free_cash_flow,Free Cash Flow (FCF),derived,-1110000000,USD,net_cash_from_operating_activities - capital_expenditures,core
CRWV,2023,FY,annual,fcf_margin,FCF Margin %,derived,-4.847161572052402,pure,free_cash_flow / revenue,core
CRWV,2023,FY,annual,net_working_capital,Net Working Capital,derived,,USD,total_current_assets - total_current_liabilities,important
CRWV,2023,FY,annual,total_debt,Total Debt,derived,,USD,short_term_debt + long_term_debt,core
CRWV,2023,FY,annual,net_debt,Net Debt (Net Cash),derived,,USD,total_debt - cash_and_cash_equivalents - short_term_investments,core
CRWV,2023,FY,annual,tangible_book_value,Tangible Book Value,derived,-597000000,USD,total_stockholders_equity - goodwill - intangible_assets_net,optional
CRWV,2023,FY,annual,book_value_per_share,Book Value Per Share,derived,,USD/shares,total_stockholders_equity / shares_outstanding,important
CRWV,2023,FY,annual,inventory_days,Days Inventory Outstanding (DIO),derived,,days,(inventory_net / cost_of_revenue) * 365,important
CRWV,2023,FY,annual,days_sales_outstanding,Days Sales Outstanding (DSO),derived,,days,(accounts_receivable_net / revenue) * 365,optional
CRWV,2023,FY,annual,roe,Return on Equity,derived,0.9949748743718593,pure,net_income / total_stockholders_equity,important
CRWV,2023,FY,annual,roa,Return on Assets,derived,,pure,net_income / total_assets,optional
CRWV,2023,FY,annual,roic,Return on Invested Capital,derived,,pure,(operating_income * (1 - effective_tax_rate)) / (total_debt + total_stockholders_equity - cash_and_cash_equivalents),core
CRWV,2023,FY,annual,revenue_yoy_growth,Revenue YoY Growth %,derived,,pure,(revenue - revenue_prior_year) / revenue_prior_year,core
CRWV,2023,FY,annual,eps_yoy_growth,Diluted EPS YoY Growth %,derived,,pure,(eps_diluted - eps_diluted_prior_year) / eps_diluted_prior_year,important
CRWV,2023,FY,annual,diluted_share_count_change,YoY Diluted Share Count Change,derived,,pure,(weighted_avg_shares_diluted / weighted_avg_shares_diluted_prior_year) - 1,optional
CRWV,2023,FY,annual,deferred_revenue_total,Total Deferred Revenue,derived,0,USD,deferred_revenue_current + deferred_revenue_noncurrent,important
CRWV,2023,FY,annual,segment_revenue_mix_pct,Segment Revenue Mix %,derived,,pure,segment_revenue / revenue,important
CRWV,2024,Q1,quarterly,gross_profit_derived,Gross Profit (derived fallback),derived,129464000,USD,revenue - cost_of_revenue,important
CRWV,2024,Q1,quarterly,gross_margin,Gross Margin %,derived,0.6861419092238875,pure,gross_profit / revenue,core
CRWV,2024,Q1,quarterly,operating_margin,Operating Margin %,derived,0.08928684997138073,pure,operating_income / revenue,core
CRWV,2024,Q1,quarterly,net_margin,Net Margin %,derived,-0.6849971380721206,pure,net_income / revenue,core
CRWV,2024,Q1,quarterly,effective_tax_rate,Effective Tax Rate,derived,-0.13525810503386063,pure,income_tax_expense / pretax_income,important
CRWV,2024,Q1,quarterly,rd_intensity,R&D Intensity (R&D / Revenue),derived,0.04769879799029064,pure,research_development_expense / revenue,core
CRWV,2024,Q1,quarterly,sbc_pct_revenue,Stock-Based Comp % of Revenue,derived,0.04340060630472112,pure,stock_based_compensation / revenue,important
CRWV,2024,Q1,quarterly,capex_intensity,Capex Intensity (Capex / Revenue),derived,9.232022853024104,pure,capital_expenditures / revenue,important
CRWV,2024,Q1,quarterly,free_cash_flow,Free Cash Flow (FCF),derived,297103000,USD,net_cash_from_operating_activities - capital_expenditures,core
CRWV,2024,Q1,quarterly,fcf_margin,FCF Margin %,derived,1.574606219923258,pure,free_cash_flow / revenue,core
CRWV,2024,Q1,quarterly,net_working_capital,Net Working Capital,derived,,USD,total_current_assets - total_current_liabilities,important
CRWV,2024,Q1,quarterly,total_debt,Total Debt,derived,,USD,short_term_debt + long_term_debt,core
CRWV,2024,Q1,quarterly,net_debt,Net Debt (Net Cash),derived,,USD,total_debt - cash_and_cash_equivalents - short_term_investments,core
CRWV,2024,Q1,quarterly,tangible_book_value,Tangible Book Value,derived,-715555000,USD,total_stockholders_equity - goodwill - intangible_assets_net,optional
CRWV,2024,Q1,quarterly,book_value_per_share,Book Value Per Share,derived,,USD/shares,total_stockholders_equity / shares_outstanding,important
CRWV,2024,Q1,quarterly,inventory_days,Days Inventory Outstanding (DIO),derived,,days,(inventory_net / cost_of_revenue) * 365,important
CRWV,2024,Q1,quarterly,days_sales_outstanding,Days Sales Outstanding (DSO),derived,,days,(accounts_receivable_net / revenue) * 365,optional
CRWV,2024,Q1,quarterly,roe,Return on Equity,derived,0.18062622719427576,pure,net_income / total_stockholders_equity,important
CRWV,2024,Q1,quarterly,roa,Return on Assets,derived,,pure,net_income / total_assets,optional
CRWV,2024,Q1,quarterly,roic,Return on Invested Capital,derived,,pure,(operating_income * (1 - effective_tax_rate)) / (total_debt + total_stockholders_equity - cash_and_cash_equivalents),core
CRWV,2024,Q1,quarterly,revenue_yoy_growth,Revenue YoY Growth %,derived,,pure,(revenue - revenue_prior_year) / revenue_prior_year,core
CRWV,2024,Q1,quarterly,eps_yoy_growth,Diluted EPS YoY Growth %,derived,,pure,(eps_diluted - eps_diluted_prior_year) / eps_diluted_prior_year,important
CRWV,2024,Q1,quarterly,diluted_share_count_change,YoY Diluted Share Count Change,derived,,pure,(weighted_avg_shares_diluted / weighted_avg_shares_diluted_prior_year) - 1,optional
CRWV,2024,Q1,quarterly,deferred_revenue_total,Total Deferred Revenue,derived,0,USD,deferred_revenue_current + deferred_revenue_noncurrent,important
CRWV,2024,Q1,quarterly,segment_revenue_mix_pct,Segment Revenue Mix %,derived,,pure,segment_revenue / revenue,important
CRWV,2024,Q2,quarterly,gross_profit_derived,Gross Profit (derived fallback),derived,286533000,USD,revenue - cost_of_revenue,important
CRWV,2024,Q2,quarterly,gross_margin,Gross Margin %,derived,0.7247193142643239,pure,gross_profit / revenue,core
CRWV,2024,Q2,quarterly,operating_margin,Operating Margin %,derived,0.19657739186738532,pure,operating_income / revenue,core
CRWV,2024,Q2,quarterly,net_margin,Net Margin %,derived,-0.8170073171780429,pure,net_income / revenue,core
CRWV,2024,Q2,quarterly,effective_tax_rate,Effective Tax Rate,derived,-0.1419415279103475,pure,income_tax_expense / pretax_income,important
CRWV,2024,Q2,quarterly,rd_intensity,R&D Intensity (R&D / Revenue),derived,0.03035123972167913,pure,research_development_expense / revenue,core
CRWV,2024,Q2,quarterly,sbc_pct_revenue,Stock-Based Comp % of Revenue,derived,0.019374208022338513,pure,stock_based_compensation / revenue,important
CRWV,2024,Q2,quarterly,capex_intensity,Capex Intensity (Capex / Revenue),derived,,pure,capital_expenditures / revenue,important
CRWV,2024,Q2,quarterly,free_cash_flow,Free Cash Flow (FCF),derived,,USD,net_cash_from_operating_activities - capital_expenditures,core
CRWV,2024,Q2,quarterly,fcf_margin,FCF Margin %,derived,,pure,free_cash_flow / revenue,core
CRWV,2024,Q2,quarterly,net_working_capital,Net Working Capital,derived,,USD,total_current_assets - total_current_liabilities,important
CRWV,2024,Q2,quarterly,total_debt,Total Debt,derived,,USD,short_term_debt + long_term_debt,core
CRWV,2024,Q2,quarterly,net_debt,Net Debt (Net Cash),derived,,USD,total_debt - cash_and_cash_equivalents - short_term_investments,core
CRWV,2024,Q2,quarterly,tangible_book_value,Tangible Book Value,derived,-1043940000,USD,total_stockholders_equity - goodwill - intangible_assets_net,optional
CRWV,2024,Q2,quarterly,book_value_per_share,Book Value Per Share,derived,,USD/shares,total_stockholders_equity / shares_outstanding,important
CRWV,2024,Q2,quarterly,inventory_days,Days Inventory Outstanding (DIO),derived,,days,(inventory_net / cost_of_revenue) * 365,important
CRWV,2024,Q2,quarterly,days_sales_outstanding,Days Sales Outstanding (DSO),derived,,days,(accounts_receivable_net / revenue) * 365,optional
CRWV,2024,Q2,quarterly,roe,Return on Equity,derived,0.30942487116117784,pure,net_income / total_stockholders_equity,important
CRWV,2024,Q2,quarterly,roa,Return on Assets,derived,,pure,net_income / total_assets,optional
CRWV,2024,Q2,quarterly,roic,Return on Invested Capital,derived,,pure,(operating_income * (1 - effective_tax_rate)) / (total_debt + total_stockholders_equity - cash_and_cash_equivalents),core
CRWV,2024,Q2,quarterly,revenue_yoy_growth,Revenue YoY Growth %,derived,,pure,(revenue - revenue_prior_year) / revenue_prior_year,core
CRWV,2024,Q2,quarterly,eps_yoy_growth,Diluted EPS YoY Growth %,derived,,pure,(eps_diluted - eps_diluted_prior_year) / eps_diluted_prior_year,important
CRWV,2024,Q2,quarterly,diluted_share_count_change,YoY Diluted Share Count Change,derived,,pure,(weighted_avg_shares_diluted / weighted_avg_shares_diluted_prior_year) - 1,optional
CRWV,2024,Q2,quarterly,deferred_revenue_total,Total Deferred Revenue,derived,0,USD,deferred_revenue_current + deferred_revenue_noncurrent,important
CRWV,2024,Q2,quarterly,segment_revenue_mix_pct,Segment Revenue Mix %,derived,,pure,segment_revenue / revenue,important
CRWV,2024,Q3,quarterly,gross_profit_derived,Gross Profit (derived fallback),derived,440807000,USD,revenue - cost_of_revenue,important
CRWV,2024,Q3,quarterly,gross_margin,Gross Margin %,derived,0.7548827706908746,pure,gross_profit / revenue,core
CRWV,2024,Q3,quarterly,operating_margin,Operating Margin %,derived,0.20056135808240902,pure,operating_income / revenue,core
CRWV,2024,Q3,quarterly,net_margin,Net Margin %,derived,-0.6161701267765065,pure,net_income / revenue,core
CRWV,2024,Q3,quarterly,effective_tax_rate,Effective Tax Rate,derived,-0.1309422029998617,pure,income_tax_expense / pretax_income,important
CRWV,2024,Q3,quarterly,rd_intensity,R&D Intensity (R&D / Revenue),derived,0.023975024874088306,pure,research_development_expense / revenue,core
CRWV,2024,Q3,quarterly,sbc_pct_revenue,Stock-Based Comp % of Revenue,derived,0.01304412603328076,pure,stock_based_compensation / revenue,important
CRWV,2024,Q3,quarterly,capex_intensity,Capex Intensity (Capex / Revenue),derived,,pure,capital_expenditures / revenue,important
CRWV,2024,Q3,quarterly,free_cash_flow,Free Cash Flow (FCF),derived,,USD,net_cash_from_operating_activities - capital_expenditures,core
CRWV,2024,Q3,quarterly,fcf_margin,FCF Margin %,derived,,pure,free_cash_flow / revenue,core
CRWV,2024,Q3,quarterly,net_working_capital,Net Working Capital,derived,,USD,total_current_assets - total_current_liabilities,important
CRWV,2024,Q3,quarterly,total_debt,Total Debt,derived,,USD,short_term_debt + long_term_debt,core
CRWV,2024,Q3,quarterly,net_debt,Net Debt (Net Cash),derived,,USD,total_debt - cash_and_cash_equivalents - short_term_investments,core
CRWV,2024,Q3,quarterly,tangible_book_value,Tangible Book Value,derived,-344027000,USD,total_stockholders_equity - goodwill - intangible_assets_net,optional
CRWV,2024,Q3,quarterly,book_value_per_share,Book Value Per Share,derived,,USD/shares,total_stockholders_equity / shares_outstanding,important
CRWV,2024,Q3,quarterly,inventory_days,Days Inventory Outstanding (DIO),derived,,days,(inventory_net / cost_of_revenue) * 365,important
CRWV,2024,Q3,quarterly,days_sales_outstanding,Days Sales Outstanding (DSO),derived,,days,(accounts_receivable_net / revenue) * 365,optional
CRWV,2024,Q3,quarterly,roe,Return on Equity,derived,1.0458684928799193,pure,net_income / total_stockholders_equity,important
CRWV,2024,Q3,quarterly,roa,Return on Assets,derived,,pure,net_income / total_assets,optional
CRWV,2024,Q3,quarterly,roic,Return on Invested Capital,derived,,pure,(operating_income * (1 - effective_tax_rate)) / (total_debt + total_stockholders_equity - cash_and_cash_equivalents),core
CRWV,2024,Q3,quarterly,revenue_yoy_growth,Revenue YoY Growth %,derived,,pure,(revenue - revenue_prior_year) / revenue_prior_year,core
CRWV,2024,Q3,quarterly,eps_yoy_growth,Diluted EPS YoY Growth %,derived,,pure,(eps_diluted - eps_diluted_prior_year) / eps_diluted_prior_year,important
CRWV,2024,Q3,quarterly,diluted_share_count_change,YoY Diluted Share Count Change,derived,,pure,(weighted_avg_shares_diluted / weighted_avg_shares_diluted_prior_year) - 1,optional
CRWV,2024,Q3,quarterly,deferred_revenue_total,Total Deferred Revenue,derived,0,USD,deferred_revenue_current + deferred_revenue_noncurrent,important
CRWV,2024,Q3,quarterly,segment_revenue_mix_pct,Segment Revenue Mix %,derived,,pure,segment_revenue / revenue,important
CRWV,2024,FY,annual,gross_profit_derived,Gross Profit (derived fallback),derived,1422000000,USD,revenue - cost_of_revenue,important
CRWV,2024,FY,annual,gross_margin,Gross Margin %,derived,0.7425587467362924,pure,gross_profit / revenue,core
CRWV,2024,FY,annual,operating_margin,Operating Margin %,derived,0.1691906005221932,pure,operating_income / revenue,core
CRWV,2024,FY,annual,net_margin,Net Margin %,derived,-0.4506527415143603,pure,net_income / revenue,core
CRWV,2024,FY,annual,effective_tax_rate,Effective Tax Rate,derived,-0.15994623655913978,pure,income_tax_expense / pretax_income,important
CRWV,2024,FY,annual,rd_intensity,R&D Intensity (R&D / Revenue),derived,0.029242819843342035,pure,research_development_expense / revenue,core
CRWV,2024,FY,annual,sbc_pct_revenue,Stock-Based Comp % of Revenue,derived,0.01618798955613577,pure,stock_based_compensation / revenue,important
CRWV,2024,FY,annual,capex_intensity,Capex Intensity (Capex / Revenue),derived,4.544125326370757,pure,capital_expenditures / revenue,important
CRWV,2024,FY,annual,free_cash_flow,Free Cash Flow (FCF),derived,-5953000000,USD,net_cash_from_operating_activities - capital_expenditures,core
CRWV,2024,FY,annual,fcf_margin,FCF Margin %,derived,-3.108616187989556,pure,free_cash_flow / revenue,core
CRWV,2024,FY,annual,net_working_capital,Net Working Capital,derived,-3047000000,USD,total_current_assets - total_current_liabilities,important
CRWV,2024,FY,annual,total_debt,Total Debt,derived,7926000000,USD,short_term_debt + long_term_debt,core
CRWV,2024,FY,annual,net_debt,Net Debt (Net Cash),derived,6565000000,USD,total_debt - cash_and_cash_equivalents - short_term_investments,core
CRWV,2024,FY,annual,tangible_book_value,Tangible Book Value,derived,-439000000,USD,total_stockholders_equity - goodwill - intangible_assets_net,optional
CRWV,2024,FY,annual,book_value_per_share,Book Value Per Share,derived,,USD/shares,total_stockholders_equity / shares_outstanding,important
CRWV,2024,FY,annual,inventory_days,Days Inventory Outstanding (DIO),derived,,days,(inventory_net / cost_of_revenue) * 365,important
CRWV,2024,FY,annual,days_sales_outstanding,Days Sales Outstanding (DSO),derived,79.48041775456919,days,(accounts_receivable_net / revenue) * 365,optional
CRWV,2024,FY,annual,roe,Return on Equity,derived,2.0845410628019323,pure,net_income / total_stockholders_equity,important
CRWV,2024,FY,annual,roa,Return on Assets,derived,-0.04839342791454046,pure,net_income / total_assets,optional
CRWV,2024,FY,annual,roic,Return on Invested Capital,derived,0.061099427840214805,pure,(operating_income * (1 - effective_tax_rate)) / (total_debt + total_stockholders_equity - cash_and_cash_equivalents),core
CRWV,2024,FY,annual,revenue_yoy_growth,Revenue YoY Growth %,derived,7.362445414847161,pure,(revenue - revenue_prior_year) / revenue_prior_year,core
CRWV,2024,FY,annual,eps_yoy_growth,Diluted EPS YoY Growth %,derived,0.39158576051779936,pure,(eps_diluted - eps_diluted_prior_year) / eps_diluted_prior_year,important
CRWV,2024,FY,annual,diluted_share_count_change,YoY Diluted Share Count Change,derived,0.13541666666666674,pure,(weighted_avg_shares_diluted / weighted_avg_shares_diluted_prior_year) - 1,optional
CRWV,2024,FY,annual,deferred_revenue_total,Total Deferred Revenue,derived,4064000000,USD,deferred_revenue_current + deferred_revenue_noncurrent,important
CRWV,2024,FY,annual,segment_revenue_mix_pct,Segment Revenue Mix %,derived,,pure,segment_revenue / revenue,important
CRWV,2025,Q1,quarterly,gross_profit_derived,Gross Profit (derived fallback),derived,719238000,USD,revenue - cost_of_revenue,important
CRWV,2025,Q1,quarterly,gross_margin,Gross Margin %,derived,0.7326961631242666,pure,gross_profit / revenue,core
CRWV,2025,Q1,quarterly,operating_margin,Operating Margin %,derived,-0.027984010301212673,pure,operating_income / revenue,core
CRWV,2025,Q1,quarterly,net_margin,Net Margin %,derived,-0.3205284668796453,pure,net_income / revenue,core
CRWV,2025,Q1,quarterly,effective_tax_rate,Effective Tax Rate,derived,-0.1713892146460416,pure,income_tax_expense / pretax_income,important
CRWV,2025,Q1,quarterly,rd_intensity,R&D Intensity (R&D / Revenue),derived,0.07130981875081496,pure,research_development_expense / revenue,core
CRWV,2025,Q1,quarterly,sbc_pct_revenue,Stock-Based Comp % of Revenue,derived,0.18741544692919546,pure,stock_based_compensation / revenue,important
CRWV,2025,Q1,quarterly,capex_intensity,Capex Intensity (Capex / Revenue),derived,1.4336930743904028,pure,capital_expenditures / revenue,important
CRWV,2025,Q1,quarterly,free_cash_flow,Free Cash Flow (FCF),derived,-1346191000,USD,net_cash_from_operating_activities - capital_expenditures,core
CRWV,2025,Q1,quarterly,fcf_margin,FCF Margin %,derived,-1.371380517342548,pure,free_cash_flow / revenue,core
CRWV,2025,Q1,quarterly,net_working_capital,Net Working Capital,derived,-4028150000,USD,total_current_assets - total_current_liabilities,important
CRWV,2025,Q1,quarterly,total_debt,Total Debt,derived,8711666000,USD,short_term_debt + long_term_debt,core
CRWV,2025,Q1,quarterly,net_debt,Net Debt (Net Cash),derived,7435210000,USD,total_debt - cash_and_cash_equivalents - short_term_investments,core
CRWV,2025,Q1,quarterly,tangible_book_value,Tangible Book Value,derived,1882184000,USD,total_stockholders_equity - goodwill - intangible_assets_net,optional
CRWV,2025,Q1,quarterly,book_value_per_share,Book Value Per Share,derived,,USD/shares,total_stockholders_equity / shares_outstanding,important
CRWV,2025,Q1,quarterly,inventory_days,Days Inventory Outstanding (DIO),derived,,days,(inventory_net / cost_of_revenue) * 365,important
CRWV,2025,Q1,quarterly,days_sales_outstanding,Days Sales Outstanding (DSO),derived,392.35774709870907,days,(accounts_receivable_net / revenue) * 365,optional
CRWV,2025,Q1,quarterly,roe,Return on Equity,derived,-0.1650685711257878,pure,net_income / total_stockholders_equity,important
CRWV,2025,Q1,quarterly,roa,Return on Assets,derived,-0.01439320619405433,pure,net_income / total_assets,optional
CRWV,2025,Q1,quarterly,roic,Return on Invested Capital,derived,-0.0034446969962773797,pure,(operating_income * (1 - effective_tax_rate)) / (total_debt + total_stockholders_equity - cash_and_cash_equivalents),core
CRWV,2025,Q1,quarterly,revenue_yoy_growth,Revenue YoY Growth %,derived,4.202518496533887,pure,(revenue - revenue_prior_year) / revenue_prior_year,core
CRWV,2025,Q1,quarterly,eps_yoy_growth,Diluted EPS YoY Growth %,derived,1.403225806451613,pure,(eps_diluted - eps_diluted_prior_year) / eps_diluted_prior_year,important
CRWV,2025,Q1,quarterly,diluted_share_count_change,YoY Diluted Share Count Change,derived,0.19148966677500145,pure,(weighted_avg_shares_diluted / weighted_avg_shares_diluted_prior_year) - 1,optional
CRWV,2025,Q1,quarterly,deferred_revenue_total,Total Deferred Revenue,derived,4047999000,USD,deferred_revenue_current + deferred_revenue_noncurrent,important
CRWV,2025,Q1,quarterly,segment_revenue_mix_pct,Segment Revenue Mix %,derived,,pure,segment_revenue / revenue,important
CRWV,2025,Q2,quarterly,gross_profit_derived,Gross Profit (derived fallback),derived,900121000,USD,revenue - cost_of_revenue,important
CRWV,2025,Q2,quarterly,gross_margin,Gross Margin %,derived,0.7421915454308585,pure,gross_profit / revenue,core
CRWV,2025,Q2,quarterly,operating_margin,Operating Margin %,derived,0.015838712124460336,pure,operating_income / revenue,core
CRWV,2025,Q2,quarterly,net_margin,Net Margin %,derived,-0.239538155060901,pure,net_income / revenue,core
CRWV,2025,Q2,quarterly,effective_tax_rate,Effective Tax Rate,derived,-0.19682038774955302,pure,income_tax_expense / pretax_income,important
CRWV,2025,Q2,quarterly,rd_intensity,R&D Intensity (R&D / Revenue),derived,0.06596371336127996,pure,research_development_expense / revenue,core
CRWV,2025,Q2,quarterly,sbc_pct_revenue,Stock-Based Comp % of Revenue,derived,0.119563353199405,pure,stock_based_compensation / revenue,important
CRWV,2025,Q2,quarterly,capex_intensity,Capex Intensity (Capex / Revenue),derived,,pure,capital_expenditures / revenue,important
CRWV,2025,Q2,quarterly,free_cash_flow,Free Cash Flow (FCF),derived,,USD,net_cash_from_operating_activities - capital_expenditures,core
CRWV,2025,Q2,quarterly,fcf_margin,FCF Margin %,derived,,pure,free_cash_flow / revenue,core
CRWV,2025,Q2,quarterly,net_working_capital,Net Working Capital,derived,-3610372000,USD,total_current_assets - total_current_liabilities,important
CRWV,2025,Q2,quarterly,total_debt,Total Debt,derived,11051501000,USD,short_term_debt + long_term_debt,core
CRWV,2025,Q2,quarterly,net_debt,Net Debt (Net Cash),derived,9898618000,USD,total_debt - cash_and_cash_equivalents - short_term_investments,core
CRWV,2025,Q2,quarterly,tangible_book_value,Tangible Book Value,derived,1638782000,USD,total_stockholders_equity - goodwill - intangible_assets_net,optional
CRWV,2025,Q2,quarterly,book_value_per_share,Book Value Per Share,derived,,USD/shares,total_stockholders_equity / shares_outstanding,important
CRWV,2025,Q2,quarterly,inventory_days,Days Inventory Outstanding (DIO),derived,,days,(inventory_net / cost_of_revenue) * 365,important
CRWV,2025,Q2,quarterly,days_sales_outstanding,Days Sales Outstanding (DSO),derived,581.9646714842165,days,(accounts_receivable_net / revenue) * 365,optional
CRWV,2025,Q2,quarterly,roe,Return on Equity,derived,-0.109310604455746,pure,net_income / total_stockholders_equity,important
CRWV,2025,Q2,quarterly,roa,Return on Assets,derived,-0.011070652084649718,pure,net_income / total_assets,optional
CRWV,2025,Q2,quarterly,roic,Return on Invested Capital,derived,0.0018309364152700794,pure,(operating_income * (1 - effective_tax_rate)) / (total_debt + total_stockholders_equity - cash_and_cash_equivalents),core
CRWV,2025,Q2,quarterly,revenue_yoy_growth,Revenue YoY Growth %,derived,2.067468276631316,pure,(revenue - revenue_prior_year) / revenue_prior_year,core
CRWV,2025,Q2,quarterly,eps_yoy_growth,Diluted EPS YoY Growth %,derived,-0.6296296296296297,pure,(eps_diluted - eps_diluted_prior_year) / eps_diluted_prior_year,important
CRWV,2025,Q2,quarterly,diluted_share_count_change,YoY Diluted Share Count Change,derived,1.3212340072319275,pure,(weighted_avg_shares_diluted / weighted_avg_shares_diluted_prior_year) - 1,optional
CRWV,2025,Q2,quarterly,deferred_revenue_total,Total Deferred Revenue,derived,4847519000,USD,deferred_revenue_current + deferred_revenue_noncurrent,important
CRWV,2025,Q2,quarterly,segment_revenue_mix_pct,Segment Revenue Mix %,derived,,pure,segment_revenue / revenue,important
CRWV,2025,Q3,quarterly,gross_profit_derived,Gross Profit (derived fallback),derived,995852000,USD,revenue - cost_of_revenue,important
CRWV,2025,Q3,quarterly,gross_margin,Gross Margin %,derived,0.7297351166137603,pure,gross_profit / revenue,core
CRWV,2025,Q3,quarterly,operating_margin,Operating Margin %,derived,0.03799436642836834,pure,operating_income / revenue,core
CRWV,2025,Q3,quarterly,net_margin,Net Margin %,derived,-0.08069607731065835,pure,net_income / revenue,core
CRWV,2025,Q3,quarterly,effective_tax_rate,Effective Tax Rate,derived,0.5349571797773687,pure,income_tax_expense / pretax_income,important
CRWV,2025,Q3,quarterly,rd_intensity,R&D Intensity (R&D / Revenue),derived,0.06814804393130677,pure,research_development_expense / revenue,core
CRWV,2025,Q3,quarterly,sbc_pct_revenue,Stock-Based Comp % of Revenue,derived,0.10583537777465127,pure,stock_based_compensation / revenue,important
CRWV,2025,Q3,quarterly,capex_intensity,Capex Intensity (Capex / Revenue),derived,,pure,capital_expenditures / revenue,important
CRWV,2025,Q3,quarterly,free_cash_flow,Free Cash Flow (FCF),derived,,USD,net_cash_from_operating_activities - capital_expenditures,core
CRWV,2025,Q3,quarterly,fcf_margin,FCF Margin %,derived,,pure,free_cash_flow / revenue,core
CRWV,2025,Q3,quarterly,net_working_capital,Net Working Capital,derived,-4983589000,USD,total_current_assets - total_current_liabilities,important
CRWV,2025,Q3,quarterly,total_debt,Total Debt,derived,14034934000,USD,short_term_debt + long_term_debt,core
CRWV,2025,Q3,quarterly,net_debt,Net Debt (Net Cash),derived,12093086000,USD,total_debt - cash_and_cash_equivalents - short_term_investments,core
CRWV,2025,Q3,quarterly,tangible_book_value,Tangible Book Value,derived,2848034000,USD,total_stockholders_equity - goodwill - intangible_assets_net,optional
CRWV,2025,Q3,quarterly,book_value_per_share,Book Value Per Share,derived,,USD/shares,total_stockholders_equity / shares_outstanding,important
CRWV,2025,Q3,quarterly,inventory_days,Days Inventory Outstanding (DIO),derived,,days,(inventory_net / cost_of_revenue) * 365,important
CRWV,2025,Q3,quarterly,days_sales_outstanding,Days Sales Outstanding (DSO),derived,443.7819563031812,days,(accounts_receivable_net / revenue) * 365,optional
CRWV,2025,Q3,quarterly,roe,Return on Equity,derived,-0.02839700939707799,pure,net_income / total_stockholders_equity,important
CRWV,2025,Q3,quarterly,roa,Return on Assets,derived,-0.0033461663205461064,pure,net_income / total_assets,optional
CRWV,2025,Q3,quarterly,roic,Return on Invested Capital,derived,0.0015052842943854298,pure,(operating_income * (1 - effective_tax_rate)) / (total_debt + total_stockholders_equity - cash_and_cash_equivalents),core
CRWV,2025,Q3,quarterly,revenue_yoy_growth,Revenue YoY Growth %,derived,1.3370100746479525,pure,(revenue - revenue_prior_year) / revenue_prior_year,core
CRWV,2025,Q3,quarterly,eps_yoy_growth,Diluted EPS YoY Growth %,derived,-0.8791208791208791,pure,(eps_diluted - eps_diluted_prior_year) / eps_diluted_prior_year,important
CRWV,2025,Q3,quarterly,diluted_share_count_change,YoY Diluted Share Count Change,derived,1.3286811408473103,pure,(weighted_avg_shares_diluted / weighted_avg_shares_diluted_prior_year) - 1,optional
CRWV,2025,Q3,quarterly,deferred_revenue_total,Total Deferred Revenue,derived,5335802000,USD,deferred_revenue_current + deferred_revenue_noncurrent,important
CRWV,2025,Q3,quarterly,segment_revenue_mix_pct,Segment Revenue Mix %,derived,,pure,segment_revenue / revenue,important
CRWV,2025,FY,annual,gross_profit_derived,Gross Profit (derived fallback),derived,3678000000,USD,revenue - cost_of_revenue,important
CRWV,2025,FY,annual,gross_margin,Gross Margin %,derived,0.7168193334632625,pure,gross_profit / revenue,core
CRWV,2025,FY,annual,operating_margin,Operating Margin %,derived,-0.00896511401286299,pure,operating_income / revenue,core
CRWV,2025,FY,annual,net_margin,Net Margin %,derived,-0.22744104463067627,pure,net_income / revenue,core
CRWV,2025,FY,annual,effective_tax_rate,Effective Tax Rate,derived,0.03950617283950617,pure,income_tax_expense / pretax_income,important
CRWV,2025,FY,annual,rd_intensity,R&D Intensity (R&D / Revenue),derived,0.0686026115766907,pure,research_development_expense / revenue,core
CRWV,2025,FY,annual,sbc_pct_revenue,Stock-Based Comp % of Revenue,derived,0.12278308321964529,pure,stock_based_compensation / revenue,important
CRWV,2025,FY,annual,capex_intensity,Capex Intensity (Capex / Revenue),derived,2.009160007795751,pure,capital_expenditures / revenue,important
CRWV,2025,FY,annual,free_cash_flow,Free Cash Flow (FCF),derived,-7251000000,USD,net_cash_from_operating_activities - capital_expenditures,core
CRWV,2025,FY,annual,fcf_margin,FCF Margin %,derived,-1.4131748197232508,pure,free_cash_flow / revenue,core
CRWV,2025,FY,annual,net_working_capital,Net Working Capital,derived,-8952000000,USD,total_current_assets - total_current_liabilities,important
CRWV,2025,FY,annual,total_debt,Total Debt,derived,21373000000,USD,short_term_debt + long_term_debt,core
CRWV,2025,FY,annual,net_debt,Net Debt (Net Cash),derived,18212000000,USD,total_debt - cash_and_cash_equivalents - short_term_investments,core
CRWV,2025,FY,annual,tangible_book_value,Tangible Book Value,derived,1999000000,USD,total_stockholders_equity - goodwill - intangible_assets_net,optional
CRWV,2025,FY,annual,book_value_per_share,Book Value Per Share,derived,,USD/shares,total_stockholders_equity / shares_outstanding,important
CRWV,2025,FY,annual,inventory_days,Days Inventory Outstanding (DIO),derived,,days,(inventory_net / cost_of_revenue) * 365,important
CRWV,2025,FY,annual,days_sales_outstanding,Days Sales Outstanding (DSO),derived,225.4307152601832,days,(accounts_receivable_net / revenue) * 365,optional
CRWV,2025,FY,annual,roe,Return on Equity,derived,-0.34992503748125936,pure,net_income / total_stockholders_equity,important
CRWV,2025,FY,annual,roa,Return on Assets,derived,-0.023670439333089936,pure,net_income / total_assets,optional
CRWV,2025,FY,annual,roic,Return on Invested Capital,derived,-0.0020472969764785097,pure,(operating_income * (1 - effective_tax_rate)) / (total_debt + total_stockholders_equity - cash_and_cash_equivalents),core
CRWV,2025,FY,annual,revenue_yoy_growth,Revenue YoY Growth %,derived,1.6793733681462142,pure,(revenue - revenue_prior_year) / revenue_prior_year,core
CRWV,2025,FY,annual,eps_yoy_growth,Diluted EPS YoY Growth %,derived,-0.3465116279069767,pure,(eps_diluted - eps_diluted_prior_year) / eps_diluted_prior_year,important
CRWV,2025,FY,annual,diluted_share_count_change,YoY Diluted Share Count Change,derived,1.0,pure,(weighted_avg_shares_diluted / weighted_avg_shares_diluted_prior_year) - 1,optional
CRWV,2025,FY,annual,deferred_revenue_total,Total Deferred Revenue,derived,8185000000,USD,deferred_revenue_current + deferred_revenue_noncurrent,important
CRWV,2025,FY,annual,segment_revenue_mix_pct,Segment Revenue Mix %,derived,,pure,segment_revenue / revenue,important
CRWV,2026,Q1,quarterly,gross_profit_derived,Gross Profit (derived fallback),derived,1362000000,USD,revenue - cost_of_revenue,important
CRWV,2026,Q1,quarterly,gross_margin,Gross Margin %,derived,0.6554379210779596,pure,gross_profit / revenue,core
CRWV,2026,Q1,quarterly,operating_margin,Operating Margin %,derived,-0.06929740134744947,pure,operating_income / revenue,core
CRWV,2026,Q1,quarterly,net_margin,Net Margin %,derived,-0.35611164581328203,pure,net_income / revenue,core
CRWV,2026,Q1,quarterly,effective_tax_rate,Effective Tax Rate,derived,-0.12804878048780488,pure,income_tax_expense / pretax_income,important
CRWV,2026,Q1,quarterly,rd_intensity,R&D Intensity (R&D / Revenue),derived,0.05004812319538017,pure,research_development_expense / revenue,core
CRWV,2026,Q1,quarterly,sbc_pct_revenue,Stock-Based Comp % of Revenue,derived,0.07362848893166506,pure,stock_based_compensation / revenue,important
CRWV,2026,Q1,quarterly,capex_intensity,Capex Intensity (Capex / Revenue),derived,3.703079884504331,pure,capital_expenditures / revenue,important
CRWV,2026,Q1,quarterly,free_cash_flow,Free Cash Flow (FCF),derived,-4711000000,USD,net_cash_from_operating_activities - capital_expenditures,core
CRWV,2026,Q1,quarterly,fcf_margin,FCF Margin %,derived,-2.2670837343599617,pure,free_cash_flow / revenue,core
CRWV,2026,Q1,quarterly,net_working_capital,Net Working Capital,derived,-12209000000,USD,total_current_assets - total_current_liabilities,important
CRWV,2026,Q1,quarterly,total_debt,Total Debt,derived,24859000000,USD,short_term_debt + long_term_debt,core
CRWV,2026,Q1,quarterly,net_debt,Net Debt (Net Cash),derived,22593000000,USD,total_debt - cash_and_cash_equivalents - short_term_investments,core
CRWV,2026,Q1,quarterly,tangible_book_value,Tangible Book Value,derived,3434000000,USD,total_stockholders_equity - goodwill - intangible_assets_net,optional
CRWV,2026,Q1,quarterly,book_value_per_share,Book Value Per Share,derived,,USD/shares,total_stockholders_equity / shares_outstanding,important
CRWV,2026,Q1,quarterly,inventory_days,Days Inventory Outstanding (DIO),derived,,days,(inventory_net / cost_of_revenue) * 365,important
CRWV,2026,Q1,quarterly,days_sales_outstanding,Days Sales Outstanding (DSO),derived,372.3772858517806,days,(accounts_receivable_net / revenue) * 365,optional
CRWV,2026,Q1,quarterly,roe,Return on Equity,derived,-0.15549485185963438,pure,net_income / total_stockholders_equity,important
CRWV,2026,Q1,quarterly,roa,Return on Assets,derived,-0.013315818832886473,pure,net_income / total_assets,optional
CRWV,2026,Q1,quarterly,roic,Return on Invested Capital,derived,-0.005934062409229337,pure,(operating_income * (1 - effective_tax_rate)) / (total_debt + total_stockholders_equity - cash_and_cash_equivalents),core
CRWV,2026,Q1,quarterly,revenue_yoy_growth,Revenue YoY Growth %,derived,1.1168829052027645,pure,(revenue - revenue_prior_year) / revenue_prior_year,core
CRWV,2026,Q1,quarterly,eps_yoy_growth,Diluted EPS YoY Growth %,derived,-0.06040268456375844,pure,(eps_diluted - eps_diluted_prior_year) / eps_diluted_prior_year,important
CRWV,2026,Q1,quarterly,diluted_share_count_change,YoY Diluted Share Count Change,derived,1.113978330719274,pure,(weighted_avg_shares_diluted / weighted_avg_shares_diluted_prior_year) - 1,optional
CRWV,2026,Q1,quarterly,deferred_revenue_total,Total Deferred Revenue,derived,7523000000,USD,deferred_revenue_current + deferred_revenue_noncurrent,important
CRWV,2026,Q1,quarterly,segment_revenue_mix_pct,Segment Revenue Mix %,derived,,pure,segment_revenue / revenue,important
LITE,2023,Q1,quarterly,gross_profit_derived,Gross Profit (derived fallback),derived,,USD,revenue - cost_of_revenue,important
LITE,2023,Q1,quarterly,gross_margin,Gross Margin %,derived,0.39700078926598265,pure,gross_profit / revenue,core
LITE,2023,Q1,quarterly,operating_margin,Operating Margin %,derived,0.026637726913970008,pure,operating_income / revenue,core
LITE,2023,Q1,quarterly,net_margin,Net Margin %,derived,-0.0007892659826361484,pure,net_income / revenue,core
LITE,2023,Q1,quarterly,effective_tax_rate,Effective Tax Rate,derived,,pure,income_tax_expense / pretax_income,important
LITE,2023,Q1,quarterly,rd_intensity,R&D Intensity (R&D / Revenue),derived,0.14344909234411996,pure,research_development_expense / revenue,core
LITE,2023,Q1,quarterly,sbc_pct_revenue,Stock-Based Comp % of Revenue,derived,0.09194948697711129,pure,stock_based_compensation / revenue,important
LITE,2023,Q1,quarterly,capex_intensity,Capex Intensity (Capex / Revenue),derived,0.045185477505919495,pure,capital_expenditures / revenue,important
LITE,2023,Q1,quarterly,free_cash_flow,Free Cash Flow (FCF),derived,-2100000,USD,net_cash_from_operating_activities - capital_expenditures,core
LITE,2023,Q1,quarterly,fcf_margin,FCF Margin %,derived,-0.004143646408839779,pure,free_cash_flow / revenue,core
LITE,2023,Q1,quarterly,net_working_capital,Net Working Capital,derived,1635600000,USD,total_current_assets - total_current_liabilities,important
LITE,2023,Q1,quarterly,total_debt,Total Debt,derived,2319700000,USD,short_term_debt + long_term_debt,core
LITE,2023,Q1,quarterly,net_debt,Net Debt (Net Cash),derived,694800000,USD,total_debt - cash_and_cash_equivalents - short_term_investments,core
LITE,2023,Q1,quarterly,tangible_book_value,Tangible Book Value,derived,256700000,USD,total_stockholders_equity - goodwill - intangible_assets_net,optional
LITE,2023,Q1,quarterly,book_value_per_share,Book Value Per Share,derived,,USD/shares,total_stockholders_equity / shares_outstanding,important
LITE,2023,Q1,quarterly,inventory_days,Days Inventory Outstanding (DIO),derived,,days,(inventory_net / cost_of_revenue) * 365,important
LITE,2023,Q1,quarterly,days_sales_outstanding,Days Sales Outstanding (DSO),derived,,days,(accounts_receivable_net / revenue) * 365,optional
LITE,2023,Q1,quarterly,roe,Return on Equity,derived,-0.0002620545073375262,pure,net_income / total_stockholders_equity,important
LITE,2023,Q1,quarterly,roa,Return on Assets,derived,-9.117016912066372e-05,pure,net_income / total_assets,optional
LITE,2023,Q1,quarterly,roic,Return on Invested Capital,derived,,pure,(operating_income * (1 - effective_tax_rate)) / (total_debt + total_stockholders_equity - cash_and_cash_equivalents),core
LITE,2023,Q1,quarterly,revenue_yoy_growth,Revenue YoY Growth %,derived,,pure,(revenue - revenue_prior_year) / revenue_prior_year,core
LITE,2023,Q1,quarterly,eps_yoy_growth,Diluted EPS YoY Growth %,derived,,pure,(eps_diluted - eps_diluted_prior_year) / eps_diluted_prior_year,important
LITE,2023,Q1,quarterly,diluted_share_count_change,YoY Diluted Share Count Change,derived,,pure,(weighted_avg_shares_diluted / weighted_avg_shares_diluted_prior_year) - 1,optional
LITE,2023,Q1,quarterly,deferred_revenue_total,Total Deferred Revenue,derived,0,USD,deferred_revenue_current + deferred_revenue_noncurrent,important
LITE,2023,Q1,quarterly,segment_revenue_mix_pct,Segment Revenue Mix %,derived,,pure,segment_revenue / revenue,important
LITE,2023,Q2,quarterly,gross_profit_derived,Gross Profit (derived fallback),derived,,USD,revenue - cost_of_revenue,important
LITE,2023,Q2,quarterly,gross_margin,Gross Margin %,derived,0.3284584980237154,pure,gross_profit / revenue,core
LITE,2023,Q2,quarterly,operating_margin,Operating Margin %,derived,-0.043280632411067194,pure,operating_income / revenue,core
LITE,2023,Q2,quarterly,net_margin,Net Margin %,derived,-0.06264822134387352,pure,net_income / revenue,core
LITE,2023,Q2,quarterly,effective_tax_rate,Effective Tax Rate,derived,,pure,income_tax_expense / pretax_income,important
LITE,2023,Q2,quarterly,rd_intensity,R&D Intensity (R&D / Revenue),derived,0.14980237154150197,pure,research_development_expense / revenue,core
LITE,2023,Q2,quarterly,sbc_pct_revenue,Stock-Based Comp % of Revenue,derived,0.07233201581027668,pure,stock_based_compensation / revenue,important
LITE,2023,Q2,quarterly,capex_intensity,Capex Intensity (Capex / Revenue),derived,,pure,capital_expenditures / revenue,important
LITE,2023,Q2,quarterly,free_cash_flow,Free Cash Flow (FCF),derived,,USD,net_cash_from_operating_activities - capital_expenditures,core
LITE,2023,Q2,quarterly,fcf_margin,FCF Margin %,derived,,pure,free_cash_flow / revenue,core
LITE,2023,Q2,quarterly,net_working_capital,Net Working Capital,derived,1678300000,USD,total_current_assets - total_current_liabilities,important
LITE,2023,Q2,quarterly,total_debt,Total Debt,derived,2321000000,USD,short_term_debt + long_term_debt,core
LITE,2023,Q2,quarterly,net_debt,Net Debt (Net Cash),derived,640600000,USD,total_debt - cash_and_cash_equivalents - short_term_investments,core
LITE,2023,Q2,quarterly,tangible_book_value,Tangible Book Value,derived,305500000,USD,total_stockholders_equity - goodwill - intangible_assets_net,optional
LITE,2023,Q2,quarterly,book_value_per_share,Book Value Per Share,derived,,USD/shares,total_stockholders_equity / shares_outstanding,important
LITE,2023,Q2,quarterly,inventory_days,Days Inventory Outstanding (DIO),derived,,days,(inventory_net / cost_of_revenue) * 365,important
LITE,2023,Q2,quarterly,days_sales_outstanding,Days Sales Outstanding (DSO),derived,,days,(accounts_receivable_net / revenue) * 365,optional
LITE,2023,Q2,quarterly,roe,Return on Equity,derived,-0.020536408395957502,pure,net_income / total_stockholders_equity,important
LITE,2023,Q2,quarterly,roa,Return on Assets,derived,-0.007175029990267309,pure,net_income / total_assets,optional
LITE,2023,Q2,quarterly,roic,Return on Invested Capital,derived,,pure,(operating_income * (1 - effective_tax_rate)) / (total_debt + total_stockholders_equity - cash_and_cash_equivalents),core
LITE,2023,Q2,quarterly,revenue_yoy_growth,Revenue YoY Growth %,derived,,pure,(revenue - revenue_prior_year) / revenue_prior_year,core
LITE,2023,Q2,quarterly,eps_yoy_growth,Diluted EPS YoY Growth %,derived,,pure,(eps_diluted - eps_diluted_prior_year) / eps_diluted_prior_year,important
LITE,2023,Q2,quarterly,diluted_share_count_change,YoY Diluted Share Count Change,derived,,pure,(weighted_avg_shares_diluted / weighted_avg_shares_diluted_prior_year) - 1,optional
LITE,2023,Q2,quarterly,deferred_revenue_total,Total Deferred Revenue,derived,0,USD,deferred_revenue_current + deferred_revenue_noncurrent,important
LITE,2023,Q2,quarterly,segment_revenue_mix_pct,Segment Revenue Mix %,derived,,pure,segment_revenue / revenue,important
LITE,2023,Q3,quarterly,gross_profit_derived,Gross Profit (derived fallback),derived,,USD,revenue - cost_of_revenue,important
LITE,2023,Q3,quarterly,gross_margin,Gross Margin %,derived,0.2921231090245175,pure,gross_profit / revenue,core
LITE,2023,Q3,quarterly,operating_margin,Operating Margin %,derived,-0.13406364110589464,pure,operating_income / revenue,core
LITE,2023,Q3,quarterly,net_margin,Net Margin %,derived,-0.10250391236306729,pure,net_income / revenue,core
LITE,2023,Q3,quarterly,effective_tax_rate,Effective Tax Rate,derived,,pure,income_tax_expense / pretax_income,important
LITE,2023,Q3,quarterly,rd_intensity,R&D Intensity (R&D / Revenue),derived,0.22274387063119458,pure,research_development_expense / revenue,core
LITE,2023,Q3,quarterly,sbc_pct_revenue,Stock-Based Comp % of Revenue,derived,0.08633281168492436,pure,stock_based_compensation / revenue,important
LITE,2023,Q3,quarterly,capex_intensity,Capex Intensity (Capex / Revenue),derived,,pure,capital_expenditures / revenue,important
LITE,2023,Q3,quarterly,free_cash_flow,Free Cash Flow (FCF),derived,,USD,net_cash_from_operating_activities - capital_expenditures,core
LITE,2023,Q3,quarterly,fcf_margin,FCF Margin %,derived,,pure,free_cash_flow / revenue,core
LITE,2023,Q3,quarterly,net_working_capital,Net Working Capital,derived,1694700000,USD,total_current_assets - total_current_liabilities,important
LITE,2023,Q3,quarterly,total_debt,Total Debt,derived,2327000000,USD,short_term_debt + long_term_debt,core
LITE,2023,Q3,quarterly,net_debt,Net Debt (Net Cash),derived,659800000,USD,total_debt - cash_and_cash_equivalents - short_term_investments,core
LITE,2023,Q3,quarterly,tangible_book_value,Tangible Book Value,derived,343400000,USD,total_stockholders_equity - goodwill - intangible_assets_net,optional
LITE,2023,Q3,quarterly,book_value_per_share,Book Value Per Share,derived,,USD/shares,total_stockholders_equity / shares_outstanding,important
LITE,2023,Q3,quarterly,inventory_days,Days Inventory Outstanding (DIO),derived,,days,(inventory_net / cost_of_revenue) * 365,important
LITE,2023,Q3,quarterly,days_sales_outstanding,Days Sales Outstanding (DSO),derived,,days,(accounts_receivable_net / revenue) * 365,optional
LITE,2023,Q3,quarterly,roe,Return on Equity,derived,-0.025552665799739922,pure,net_income / total_stockholders_equity,important
LITE,2023,Q3,quarterly,roa,Return on Assets,derived,-0.009026182820395039,pure,net_income / total_assets,optional
LITE,2023,Q3,quarterly,roic,Return on Invested Capital,derived,,pure,(operating_income * (1 - effective_tax_rate)) / (total_debt + total_stockholders_equity - cash_and_cash_equivalents),core
LITE,2023,Q3,quarterly,revenue_yoy_growth,Revenue YoY Growth %,derived,,pure,(revenue - revenue_prior_year) / revenue_prior_year,core
LITE,2023,Q3,quarterly,eps_yoy_growth,Diluted EPS YoY Growth %,derived,,pure,(eps_diluted - eps_diluted_prior_year) / eps_diluted_prior_year,important
LITE,2023,Q3,quarterly,diluted_share_count_change,YoY Diluted Share Count Change,derived,,pure,(weighted_avg_shares_diluted / weighted_avg_shares_diluted_prior_year) - 1,optional
LITE,2023,Q3,quarterly,deferred_revenue_total,Total Deferred Revenue,derived,0,USD,deferred_revenue_current + deferred_revenue_noncurrent,important
LITE,2023,Q3,quarterly,segment_revenue_mix_pct,Segment Revenue Mix %,derived,,pure,segment_revenue / revenue,important
LITE,2023,FY,annual,gross_profit_derived,Gross Profit (derived fallback),derived,,USD,revenue - cost_of_revenue,important
LITE,2023,FY,annual,gross_margin,Gross Margin %,derived,0.322014714204867,pure,gross_profit / revenue,core
LITE,2023,FY,annual,operating_margin,Operating Margin %,derived,-0.0654782116581777,pure,operating_income / revenue,core
LITE,2023,FY,annual,net_margin,Net Margin %,derived,-0.07447651386530843,pure,net_income / revenue,core
LITE,2023,FY,annual,effective_tax_rate,Effective Tax Rate,derived,,pure,income_tax_expense / pretax_income,important
LITE,2023,FY,annual,rd_intensity,R&D Intensity (R&D / Revenue),derived,0.17419354838709677,pure,research_development_expense / revenue,core
LITE,2023,FY,annual,sbc_pct_revenue,Stock-Based Comp % of Revenue,derived,0.08398415393322015,pure,stock_based_compensation / revenue,important
LITE,2023,FY,annual,capex_intensity,Capex Intensity (Capex / Revenue),derived,0.07272212790039616,pure,capital_expenditures / revenue,important
LITE,2023,FY,annual,free_cash_flow,Free Cash Flow (FCF),derived,51300000,USD,net_cash_from_operating_activities - capital_expenditures,core
LITE,2023,FY,annual,fcf_margin,FCF Margin %,derived,0.02903225806451613,pure,free_cash_flow / revenue,core
LITE,2023,FY,annual,net_working_capital,Net Working Capital,derived,2144100000,USD,total_current_assets - total_current_liabilities,important
LITE,2023,FY,annual,total_debt,Total Debt,derived,,USD,short_term_debt + long_term_debt,core
LITE,2023,FY,annual,net_debt,Net Debt (Net Cash),derived,,USD,total_debt - cash_and_cash_equivalents - short_term_investments,core
LITE,2023,FY,annual,tangible_book_value,Tangible Book Value,derived,201500000,USD,total_stockholders_equity - goodwill - intangible_assets_net,optional
LITE,2023,FY,annual,book_value_per_share,Book Value Per Share,derived,,USD/shares,total_stockholders_equity / shares_outstanding,important
LITE,2023,FY,annual,inventory_days,Days Inventory Outstanding (DIO),derived,,days,(inventory_net / cost_of_revenue) * 365,important
LITE,2023,FY,annual,days_sales_outstanding,Days Sales Outstanding (DSO),derived,,days,(accounts_receivable_net / revenue) * 365,optional
LITE,2023,FY,annual,roe,Return on Equity,derived,-0.09706446378521906,pure,net_income / total_stockholders_equity,important
LITE,2023,FY,annual,roa,Return on Assets,derived,-0.028410440189115087,pure,net_income / total_assets,optional
LITE,2023,FY,annual,roic,Return on Invested Capital,derived,,pure,(operating_income * (1 - effective_tax_rate)) / (total_debt + total_stockholders_equity - cash_and_cash_equivalents),core
LITE,2023,FY,annual,revenue_yoy_growth,Revenue YoY Growth %,derived,,pure,(revenue - revenue_prior_year) / revenue_prior_year,core
LITE,2023,FY,annual,eps_yoy_growth,Diluted EPS YoY Growth %,derived,,pure,(eps_diluted - eps_diluted_prior_year) / eps_diluted_prior_year,important
LITE,2023,FY,annual,diluted_share_count_change,YoY Diluted Share Count Change,derived,,pure,(weighted_avg_shares_diluted / weighted_avg_shares_diluted_prior_year) - 1,optional
LITE,2023,FY,annual,deferred_revenue_total,Total Deferred Revenue,derived,0,USD,deferred_revenue_current + deferred_revenue_noncurrent,important
LITE,2023,FY,annual,segment_revenue_mix_pct,Segment Revenue Mix %,derived,,pure,segment_revenue / revenue,important
LITE,2024,Q1,quarterly,gross_profit_derived,Gross Profit (derived fallback),derived,,USD,revenue - cost_of_revenue,important
LITE,2024,Q1,quarterly,gross_margin,Gross Margin %,derived,0.24149874055415618,pure,gross_profit / revenue,core
LITE,2024,Q1,quarterly,operating_margin,Operating Margin %,derived,-0.25440806045340053,pure,operating_income / revenue,core
LITE,2024,Q1,quarterly,net_margin,Net Margin %,derived,-0.21379093198992444,pure,net_income / revenue,core
LITE,2024,Q1,quarterly,effective_tax_rate,Effective Tax Rate,derived,,pure,income_tax_expense / pretax_income,important
LITE,2024,Q1,quarterly,rd_intensity,R&D Intensity (R&D / Revenue),derived,0.23142317380352645,pure,research_development_expense / revenue,core
LITE,2024,Q1,quarterly,sbc_pct_revenue,Stock-Based Comp % of Revenue,derived,0.10107052896725441,pure,stock_based_compensation / revenue,important
LITE,2024,Q1,quarterly,capex_intensity,Capex Intensity (Capex / Revenue),derived,0.18198992443324938,pure,capital_expenditures / revenue,important
LITE,2024,Q1,quarterly,free_cash_flow,Free Cash Flow (FCF),derived,-60100000,USD,net_cash_from_operating_activities - capital_expenditures,core
LITE,2024,Q1,quarterly,fcf_margin,FCF Margin %,derived,-0.1892317380352645,pure,free_cash_flow / revenue,core
LITE,2024,Q1,quarterly,net_working_capital,Net Working Capital,derived,2098000000,USD,total_current_assets - total_current_liabilities,important
LITE,2024,Q1,quarterly,total_debt,Total Debt,derived,,USD,short_term_debt + long_term_debt,core
LITE,2024,Q1,quarterly,net_debt,Net Debt (Net Cash),derived,,USD,total_debt - cash_and_cash_equivalents - short_term_investments,core
LITE,2024,Q1,quarterly,tangible_book_value,Tangible Book Value,derived,180500000,USD,total_stockholders_equity - goodwill - intangible_assets_net,optional
LITE,2024,Q1,quarterly,book_value_per_share,Book Value Per Share,derived,,USD/shares,total_stockholders_equity / shares_outstanding,important
LITE,2024,Q1,quarterly,inventory_days,Days Inventory Outstanding (DIO),derived,,days,(inventory_net / cost_of_revenue) * 365,important
LITE,2024,Q1,quarterly,days_sales_outstanding,Days Sales Outstanding (DSO),derived,,days,(accounts_receivable_net / revenue) * 365,optional
LITE,2024,Q1,quarterly,roe,Return on Equity,derived,-0.05180042722001831,pure,net_income / total_stockholders_equity,important
LITE,2024,Q1,quarterly,roa,Return on Assets,derived,-0.01493949394939494,pure,net_income / total_assets,optional
LITE,2024,Q1,quarterly,roic,Return on Invested Capital,derived,,pure,(operating_income * (1 - effective_tax_rate)) / (total_debt + total_stockholders_equity - cash_and_cash_equivalents),core
LITE,2024,Q1,quarterly,revenue_yoy_growth,Revenue YoY Growth %,derived,-0.3733228097868982,pure,(revenue - revenue_prior_year) / revenue_prior_year,core
LITE,2024,Q1,quarterly,eps_yoy_growth,Diluted EPS YoY Growth %,derived,101.0,pure,(eps_diluted - eps_diluted_prior_year) / eps_diluted_prior_year,important
LITE,2024,Q1,quarterly,diluted_share_count_change,YoY Diluted Share Count Change,derived,-0.02055800293685761,pure,(weighted_avg_shares_diluted / weighted_avg_shares_diluted_prior_year) - 1,optional
LITE,2024,Q1,quarterly,deferred_revenue_total,Total Deferred Revenue,derived,0,USD,deferred_revenue_current + deferred_revenue_noncurrent,important
LITE,2024,Q1,quarterly,segment_revenue_mix_pct,Segment Revenue Mix %,derived,,pure,segment_revenue / revenue,important
LITE,2024,Q2,quarterly,gross_profit_derived,Gross Profit (derived fallback),derived,,USD,revenue - cost_of_revenue,important
LITE,2024,Q2,quarterly,gross_margin,Gross Margin %,derived,0.17448200654307525,pure,gross_profit / revenue,core
LITE,2024,Q2,quarterly,operating_margin,Operating Margin %,derived,-0.28680479825517996,pure,operating_income / revenue,core
LITE,2024,Q2,quarterly,net_margin,Net Margin %,derived,-0.2701744820065431,pure,net_income / revenue,core
LITE,2024,Q2,quarterly,effective_tax_rate,Effective Tax Rate,derived,,pure,income_tax_expense / pretax_income,important
LITE,2024,Q2,quarterly,rd_intensity,R&D Intensity (R&D / Revenue),derived,0.21346782988004362,pure,research_development_expense / revenue,core
LITE,2024,Q2,quarterly,sbc_pct_revenue,Stock-Based Comp % of Revenue,derived,0.09432933478735006,pure,stock_based_compensation / revenue,important
LITE,2024,Q2,quarterly,capex_intensity,Capex Intensity (Capex / Revenue),derived,,pure,capital_expenditures / revenue,important
LITE,2024,Q2,quarterly,free_cash_flow,Free Cash Flow (FCF),derived,,USD,net_cash_from_operating_activities - capital_expenditures,core
LITE,2024,Q2,quarterly,fcf_margin,FCF Margin %,derived,,pure,free_cash_flow / revenue,core
LITE,2024,Q2,quarterly,net_working_capital,Net Working Capital,derived,1403700000,USD,total_current_assets - total_current_liabilities,important
LITE,2024,Q2,quarterly,total_debt,Total Debt,derived,,USD,short_term_debt + long_term_debt,core
LITE,2024,Q2,quarterly,net_debt,Net Debt (Net Cash),derived,,USD,total_debt - cash_and_cash_equivalents - short_term_investments,core
LITE,2024,Q2,quarterly,tangible_book_value,Tangible Book Value,derived,-507400000,USD,total_stockholders_equity - goodwill - intangible_assets_net,optional
LITE,2024,Q2,quarterly,book_value_per_share,Book Value Per Share,derived,,USD/shares,total_stockholders_equity / shares_outstanding,important
LITE,2024,Q2,quarterly,inventory_days,Days Inventory Outstanding (DIO),derived,,days,(inventory_net / cost_of_revenue) * 365,important
LITE,2024,Q2,quarterly,days_sales_outstanding,Days Sales Outstanding (DSO),derived,,days,(accounts_receivable_net / revenue) * 365,optional
LITE,2024,Q2,quarterly,roe,Return on Equity,derived,-0.07755517295351386,pure,net_income / total_stockholders_equity,important
LITE,2024,Q2,quarterly,roa,Return on Assets,derived,-0.021284364261168386,pure,net_income / total_assets,optional
LITE,2024,Q2,quarterly,roic,Return on Invested Capital,derived,,pure,(operating_income * (1 - effective_tax_rate)) / (total_debt + total_stockholders_equity - cash_and_cash_equivalents),core
LITE,2024,Q2,quarterly,revenue_yoy_growth,Revenue YoY Growth %,derived,-0.27509881422924903,pure,(revenue - revenue_prior_year) / revenue_prior_year,core
LITE,2024,Q2,quarterly,eps_yoy_growth,Diluted EPS YoY Growth %,derived,2.1956521739130435,pure,(eps_diluted - eps_diluted_prior_year) / eps_diluted_prior_year,important
LITE,2024,Q2,quarterly,diluted_share_count_change,YoY Diluted Share Count Change,derived,-0.016105417276720324,pure,(weighted_avg_shares_diluted / weighted_avg_shares_diluted_prior_year) - 1,optional
LITE,2024,Q2,quarterly,deferred_revenue_total,Total Deferred Revenue,derived,0,USD,deferred_revenue_current + deferred_revenue_noncurrent,important
LITE,2024,Q2,quarterly,segment_revenue_mix_pct,Segment Revenue Mix %,derived,,pure,segment_revenue / revenue,important
LITE,2024,Q3,quarterly,gross_profit_derived,Gross Profit (derived fallback),derived,,USD,revenue - cost_of_revenue,important
LITE,2024,Q3,quarterly,gross_margin,Gross Margin %,derived,0.16234652114597545,pure,gross_profit / revenue,core
LITE,2024,Q3,quarterly,operating_margin,Operating Margin %,derived,-0.31268758526603,pure,operating_income / revenue,core
LITE,2024,Q3,quarterly,net_margin,Net Margin %,derived,-0.34652114597544337,pure,net_income / revenue,core
LITE,2024,Q3,quarterly,effective_tax_rate,Effective Tax Rate,derived,,pure,income_tax_expense / pretax_income,important
LITE,2024,Q3,quarterly,rd_intensity,R&D Intensity (R&D / Revenue),derived,0.2106412005457026,pure,research_development_expense / revenue,core
LITE,2024,Q3,quarterly,sbc_pct_revenue,Stock-Based Comp % of Revenue,derived,0.08622100954979536,pure,stock_based_compensation / revenue,important
LITE,2024,Q3,quarterly,capex_intensity,Capex Intensity (Capex / Revenue),derived,,pure,capital_expenditures / revenue,important
LITE,2024,Q3,quarterly,free_cash_flow,Free Cash Flow (FCF),derived,,USD,net_cash_from_operating_activities - capital_expenditures,core
LITE,2024,Q3,quarterly,fcf_margin,FCF Margin %,derived,,pure,free_cash_flow / revenue,core
LITE,2024,Q3,quarterly,net_working_capital,Net Working Capital,derived,1332400000,USD,total_current_assets - total_current_liabilities,important
LITE,2024,Q3,quarterly,total_debt,Total Debt,derived,,USD,short_term_debt + long_term_debt,core
LITE,2024,Q3,quarterly,net_debt,Net Debt (Net Cash),derived,,USD,total_debt - cash_and_cash_equivalents - short_term_investments,core
LITE,2024,Q3,quarterly,tangible_book_value,Tangible Book Value,derived,-567700000,USD,total_stockholders_equity - goodwill - intangible_assets_net,optional
LITE,2024,Q3,quarterly,book_value_per_share,Book Value Per Share,derived,,USD/shares,total_stockholders_equity / shares_outstanding,important
LITE,2024,Q3,quarterly,inventory_days,Days Inventory Outstanding (DIO),derived,,days,(inventory_net / cost_of_revenue) * 365,important
LITE,2024,Q3,quarterly,days_sales_outstanding,Days Sales Outstanding (DSO),derived,,days,(accounts_receivable_net / revenue) * 365,optional
LITE,2024,Q3,quarterly,roe,Return on Equity,derived,-0.10792895385399848,pure,net_income / total_stockholders_equity,important
LITE,2024,Q3,quarterly,roa,Return on Assets,derived,-0.03020573195385896,pure,net_income / total_assets,optional
LITE,2024,Q3,quarterly,roic,Return on Invested Capital,derived,,pure,(operating_income * (1 - effective_tax_rate)) / (total_debt + total_stockholders_equity - cash_and_cash_equivalents),core
LITE,2024,Q3,quarterly,revenue_yoy_growth,Revenue YoY Growth %,derived,-0.0440792905581638,pure,(revenue - revenue_prior_year) / revenue_prior_year,core
LITE,2024,Q3,quarterly,eps_yoy_growth,Diluted EPS YoY Growth %,derived,2.298245614035088,pure,(eps_diluted - eps_diluted_prior_year) / eps_diluted_prior_year,important
LITE,2024,Q3,quarterly,diluted_share_count_change,YoY Diluted Share Count Change,derived,-0.01603498542274051,pure,(weighted_avg_shares_diluted / weighted_avg_shares_diluted_prior_year) - 1,optional
LITE,2024,Q3,quarterly,deferred_revenue_total,Total Deferred Revenue,derived,0,USD,deferred_revenue_current + deferred_revenue_noncurrent,important
LITE,2024,Q3,quarterly,segment_revenue_mix_pct,Segment Revenue Mix %,derived,,pure,segment_revenue / revenue,important
LITE,2024,FY,annual,gross_profit_derived,Gross Profit (derived fallback),derived,,USD,revenue - cost_of_revenue,important
LITE,2024,FY,annual,gross_margin,Gross Margin %,derived,0.1850353148911124,pure,gross_profit / revenue,core
LITE,2024,FY,annual,operating_margin,Operating Margin %,derived,-0.3193054738081224,pure,operating_income / revenue,core
LITE,2024,FY,annual,net_margin,Net Margin %,derived,-0.40207474985285463,pure,net_income / revenue,core
LITE,2024,FY,annual,effective_tax_rate,Effective Tax Rate,derived,,pure,income_tax_expense / pretax_income,important
LITE,2024,FY,annual,rd_intensity,R&D Intensity (R&D / Revenue),derived,0.22233666862860507,pure,research_development_expense / revenue,core
LITE,2024,FY,annual,sbc_pct_revenue,Stock-Based Comp % of Revenue,derived,0.09476162448499117,pure,stock_based_compensation / revenue,important
LITE,2024,FY,annual,capex_intensity,Capex Intensity (Capex / Revenue),derived,0.09785167745732784,pure,capital_expenditures / revenue,important
LITE,2024,FY,annual,free_cash_flow,Free Cash Flow (FCF),derived,-108300000,USD,net_cash_from_operating_activities - capital_expenditures,core
LITE,2024,FY,annual,fcf_margin,FCF Margin %,derived,-0.07967922307239553,pure,free_cash_flow / revenue,core
LITE,2024,FY,annual,net_working_capital,Net Working Capital,derived,1320800000,USD,total_current_assets - total_current_liabilities,important
LITE,2024,FY,annual,total_debt,Total Debt,derived,2503200000,USD,short_term_debt + long_term_debt,core
LITE,2024,FY,annual,net_debt,Net Debt (Net Cash),derived,1616200000,USD,total_debt - cash_and_cash_equivalents - short_term_investments,core
LITE,2024,FY,annual,tangible_book_value,Tangible Book Value,derived,-716000000,USD,total_stockholders_equity - goodwill - intangible_assets_net,optional
LITE,2024,FY,annual,book_value_per_share,Book Value Per Share,derived,,USD/shares,total_stockholders_equity / shares_outstanding,important
LITE,2024,FY,annual,inventory_days,Days Inventory Outstanding (DIO),derived,,days,(inventory_net / cost_of_revenue) * 365,important
LITE,2024,FY,annual,days_sales_outstanding,Days Sales Outstanding (DSO),derived,,days,(accounts_receivable_net / revenue) * 365,optional
LITE,2024,FY,annual,roe,Return on Equity,derived,-0.5708764232737908,pure,net_income / total_stockholders_equity,important
LITE,2024,FY,annual,roa,Return on Assets,derived,-0.13899132734810143,pure,net_income / total_assets,optional
LITE,2024,FY,annual,roic,Return on Invested Capital,derived,,pure,(operating_income * (1 - effective_tax_rate)) / (total_debt + total_stockholders_equity - cash_and_cash_equivalents),core
LITE,2024,FY,annual,revenue_yoy_growth,Revenue YoY Growth %,derived,-0.23078664402942842,pure,(revenue - revenue_prior_year) / revenue_prior_year,core
LITE,2024,FY,annual,eps_yoy_growth,Diluted EPS YoY Growth %,derived,3.2072538860103625,pure,(eps_diluted - eps_diluted_prior_year) / eps_diluted_prior_year,important
LITE,2024,FY,annual,diluted_share_count_change,YoY Diluted Share Count Change,derived,-0.014641288433382083,pure,(weighted_avg_shares_diluted / weighted_avg_shares_diluted_prior_year) - 1,optional
LITE,2024,FY,annual,deferred_revenue_total,Total Deferred Revenue,derived,0,USD,deferred_revenue_current + deferred_revenue_noncurrent,important
LITE,2024,FY,annual,segment_revenue_mix_pct,Segment Revenue Mix %,derived,,pure,segment_revenue / revenue,important
LITE,2025,Q1,quarterly,gross_profit_derived,Gross Profit (derived fallback),derived,,USD,revenue - cost_of_revenue,important
LITE,2025,Q1,quarterly,gross_margin,Gross Margin %,derived,0.23122588305135056,pure,gross_profit / revenue,core
LITE,2025,Q1,quarterly,operating_margin,Operating Margin %,derived,-0.2445829623033541,pure,operating_income / revenue,core
LITE,2025,Q1,quarterly,net_margin,Net Margin %,derived,-0.2445829623033541,pure,net_income / revenue,core
LITE,2025,Q1,quarterly,effective_tax_rate,Effective Tax Rate,derived,,pure,income_tax_expense / pretax_income,important
LITE,2025,Q1,quarterly,rd_intensity,R&D Intensity (R&D / Revenue),derived,0.2205402196497477,pure,research_development_expense / revenue,core
LITE,2025,Q1,quarterly,sbc_pct_revenue,Stock-Based Comp % of Revenue,derived,0.10566933808251706,pure,stock_based_compensation / revenue,important
LITE,2025,Q1,quarterly,capex_intensity,Capex Intensity (Capex / Revenue),derived,0.21994657168299198,pure,capital_expenditures / revenue,important
LITE,2025,Q1,quarterly,free_cash_flow,Free Cash Flow (FCF),derived,-34500000,USD,net_cash_from_operating_activities - capital_expenditures,core
LITE,2025,Q1,quarterly,fcf_margin,FCF Margin %,derived,-0.10240427426536064,pure,free_cash_flow / revenue,core
LITE,2025,Q1,quarterly,net_working_capital,Net Working Capital,derived,1331100000,USD,total_current_assets - total_current_liabilities,important
LITE,2025,Q1,quarterly,total_debt,Total Debt,derived,2580000000,USD,short_term_debt + long_term_debt,core
LITE,2025,Q1,quarterly,net_debt,Net Debt (Net Cash),derived,1663900000,USD,total_debt - cash_and_cash_equivalents - short_term_investments,core
LITE,2025,Q1,quarterly,tangible_book_value,Tangible Book Value,derived,-738900000,USD,total_stockholders_equity - goodwill - intangible_assets_net,optional
LITE,2025,Q1,quarterly,book_value_per_share,Book Value Per Share,derived,,USD/shares,total_stockholders_equity / shares_outstanding,important
LITE,2025,Q1,quarterly,inventory_days,Days Inventory Outstanding (DIO),derived,,days,(inventory_net / cost_of_revenue) * 365,important
LITE,2025,Q1,quarterly,days_sales_outstanding,Days Sales Outstanding (DSO),derived,,days,(accounts_receivable_net / revenue) * 365,optional
LITE,2025,Q1,quarterly,roe,Return on Equity,derived,-0.09197455073110838,pure,net_income / total_stockholders_equity,important
LITE,2025,Q1,quarterly,roa,Return on Assets,derived,-0.020757758968158,pure,net_income / total_assets,optional
LITE,2025,Q1,quarterly,roic,Return on Invested Capital,derived,,pure,(operating_income * (1 - effective_tax_rate)) / (total_debt + total_stockholders_equity - cash_and_cash_equivalents),core
LITE,2025,Q1,quarterly,revenue_yoy_growth,Revenue YoY Growth %,derived,0.06076826196473552,pure,(revenue - revenue_prior_year) / revenue_prior_year,core
LITE,2025,Q1,quarterly,eps_yoy_growth,Diluted EPS YoY Growth %,derived,0.18627450980392152,pure,(eps_diluted - eps_diluted_prior_year) / eps_diluted_prior_year,important
LITE,2025,Q1,quarterly,diluted_share_count_change,YoY Diluted Share Count Change,derived,0.02398800599700146,pure,(weighted_avg_shares_diluted / weighted_avg_shares_diluted_prior_year) - 1,optional
LITE,2025,Q1,quarterly,deferred_revenue_total,Total Deferred Revenue,derived,0,USD,deferred_revenue_current + deferred_revenue_noncurrent,important
LITE,2025,Q1,quarterly,segment_revenue_mix_pct,Segment Revenue Mix %,derived,,pure,segment_revenue / revenue,important
LITE,2025,Q2,quarterly,gross_profit_derived,Gross Profit (derived fallback),derived,,USD,revenue - cost_of_revenue,important
LITE,2025,Q2,quarterly,gross_margin,Gross Margin %,derived,0.24763799104922923,pure,gross_profit / revenue,core
LITE,2025,Q2,quarterly,operating_margin,Operating Margin %,derived,-0.12829438090502238,pure,operating_income / revenue,core
LITE,2025,Q2,quarterly,net_margin,Net Margin %,derived,-0.15141720537046247,pure,net_income / revenue,core
LITE,2025,Q2,quarterly,effective_tax_rate,Effective Tax Rate,derived,,pure,income_tax_expense / pretax_income,important
LITE,2025,Q2,quarterly,rd_intensity,R&D Intensity (R&D / Revenue),derived,0.1844853306812531,pure,research_development_expense / revenue,core
LITE,2025,Q2,quarterly,sbc_pct_revenue,Stock-Based Comp % of Revenue,derived,0.09646941819990054,pure,stock_based_compensation / revenue,important
LITE,2025,Q2,quarterly,capex_intensity,Capex Intensity (Capex / Revenue),derived,,pure,capital_expenditures / revenue,important
LITE,2025,Q2,quarterly,free_cash_flow,Free Cash Flow (FCF),derived,,USD,net_cash_from_operating_activities - capital_expenditures,core
LITE,2025,Q2,quarterly,fcf_margin,FCF Margin %,derived,,pure,free_cash_flow / revenue,core
LITE,2025,Q2,quarterly,net_working_capital,Net Working Capital,derived,1304500000,USD,total_current_assets - total_current_liabilities,important
LITE,2025,Q2,quarterly,total_debt,Total Debt,derived,2571000000,USD,short_term_debt + long_term_debt,core
LITE,2025,Q2,quarterly,net_debt,Net Debt (Net Cash),derived,1674300000,USD,total_debt - cash_and_cash_equivalents - short_term_investments,core
LITE,2025,Q2,quarterly,tangible_book_value,Tangible Book Value,derived,-723500000,USD,total_stockholders_equity - goodwill - intangible_assets_net,optional
LITE,2025,Q2,quarterly,book_value_per_share,Book Value Per Share,derived,,USD/shares,total_stockholders_equity / shares_outstanding,important
LITE,2025,Q2,quarterly,inventory_days,Days Inventory Outstanding (DIO),derived,,days,(inventory_net / cost_of_revenue) * 365,important
LITE,2025,Q2,quarterly,days_sales_outstanding,Days Sales Outstanding (DSO),derived,,days,(accounts_receivable_net / revenue) * 365,optional
LITE,2025,Q2,quarterly,roe,Return on Equity,derived,-0.06981543047116817,pure,net_income / total_stockholders_equity,important
LITE,2025,Q2,quarterly,roa,Return on Assets,derived,-0.015355134767151609,pure,net_income / total_assets,optional
LITE,2025,Q2,quarterly,roic,Return on Invested Capital,derived,,pure,(operating_income * (1 - effective_tax_rate)) / (total_debt + total_stockholders_equity - cash_and_cash_equivalents),core
LITE,2025,Q2,quarterly,revenue_yoy_growth,Revenue YoY Growth %,derived,0.0965103598691385,pure,(revenue - revenue_prior_year) / revenue_prior_year,core
LITE,2025,Q2,quarterly,eps_yoy_growth,Diluted EPS YoY Growth %,derived,-0.4013605442176871,pure,(eps_diluted - eps_diluted_prior_year) / eps_diluted_prior_year,important
LITE,2025,Q2,quarterly,diluted_share_count_change,YoY Diluted Share Count Change,derived,0.02529761904761907,pure,(weighted_avg_shares_diluted / weighted_avg_shares_diluted_prior_year) - 1,optional
LITE,2025,Q2,quarterly,deferred_revenue_total,Total Deferred Revenue,derived,0,USD,deferred_revenue_current + deferred_revenue_noncurrent,important
LITE,2025,Q2,quarterly,segment_revenue_mix_pct,Segment Revenue Mix %,derived,,pure,segment_revenue / revenue,important
LITE,2025,Q3,quarterly,gross_profit_derived,Gross Profit (derived fallback),derived,,USD,revenue - cost_of_revenue,important
LITE,2025,Q3,quarterly,gross_margin,Gross Margin %,derived,0.2880997177798683,pure,gross_profit / revenue,core
LITE,2025,Q3,quarterly,operating_margin,Operating Margin %,derived,-0.08866415804327375,pure,operating_income / revenue,core
LITE,2025,Q3,quarterly,net_margin,Net Margin %,derived,-0.10371589840075258,pure,net_income / revenue,core
LITE,2025,Q3,quarterly,effective_tax_rate,Effective Tax Rate,derived,,pure,income_tax_expense / pretax_income,important
LITE,2025,Q3,quarterly,rd_intensity,R&D Intensity (R&D / Revenue),derived,0.17850423330197554,pure,research_development_expense / revenue,core
LITE,2025,Q3,quarterly,sbc_pct_revenue,Stock-Based Comp % of Revenue,derived,0.14746001881467544,pure,stock_based_compensation / revenue,important
LITE,2025,Q3,quarterly,capex_intensity,Capex Intensity (Capex / Revenue),derived,,pure,capital_expenditures / revenue,important
LITE,2025,Q3,quarterly,free_cash_flow,Free Cash Flow (FCF),derived,,USD,net_cash_from_operating_activities - capital_expenditures,core
LITE,2025,Q3,quarterly,fcf_margin,FCF Margin %,derived,,pure,free_cash_flow / revenue,core
LITE,2025,Q3,quarterly,net_working_capital,Net Working Capital,derived,1314300000,USD,total_current_assets - total_current_liabilities,important
LITE,2025,Q3,quarterly,total_debt,Total Debt,derived,2572700000,USD,short_term_debt + long_term_debt,core
LITE,2025,Q3,quarterly,net_debt,Net Debt (Net Cash),derived,1706000000,USD,total_debt - cash_and_cash_equivalents - short_term_investments,core
LITE,2025,Q3,quarterly,tangible_book_value,Tangible Book Value,derived,-681200000,USD,total_stockholders_equity - goodwill - intangible_assets_net,optional
LITE,2025,Q3,quarterly,book_value_per_share,Book Value Per Share,derived,,USD/shares,total_stockholders_equity / shares_outstanding,important
LITE,2025,Q3,quarterly,inventory_days,Days Inventory Outstanding (DIO),derived,,days,(inventory_net / cost_of_revenue) * 365,important
LITE,2025,Q3,quarterly,days_sales_outstanding,Days Sales Outstanding (DSO),derived,,days,(accounts_receivable_net / revenue) * 365,optional
LITE,2025,Q3,quarterly,roe,Return on Equity,derived,-0.05014212620807277,pure,net_income / total_stockholders_equity,important
LITE,2025,Q3,quarterly,roa,Return on Assets,derived,-0.01109433962264151,pure,net_income / total_assets,optional
LITE,2025,Q3,quarterly,roic,Return on Invested Capital,derived,,pure,(operating_income * (1 - effective_tax_rate)) / (total_debt + total_stockholders_equity - cash_and_cash_equivalents),core
LITE,2025,Q3,quarterly,revenue_yoy_growth,Revenue YoY Growth %,derived,0.1601637107776262,pure,(revenue - revenue_prior_year) / revenue_prior_year,core
LITE,2025,Q3,quarterly,eps_yoy_growth,Diluted EPS YoY Growth %,derived,-0.6595744680851063,pure,(eps_diluted - eps_diluted_prior_year) / eps_diluted_prior_year,important
LITE,2025,Q3,quarterly,diluted_share_count_change,YoY Diluted Share Count Change,derived,0.026666666666666616,pure,(weighted_avg_shares_diluted / weighted_avg_shares_diluted_prior_year) - 1,optional
LITE,2025,Q3,quarterly,deferred_revenue_total,Total Deferred Revenue,derived,0,USD,deferred_revenue_current + deferred_revenue_noncurrent,important
LITE,2025,Q3,quarterly,segment_revenue_mix_pct,Segment Revenue Mix %,derived,,pure,segment_revenue / revenue,important
LITE,2025,FY,annual,gross_profit_derived,Gross Profit (derived fallback),derived,,USD,revenue - cost_of_revenue,important
LITE,2025,FY,annual,gross_margin,Gross Margin %,derived,0.2795744680851064,pure,gross_profit / revenue,core
LITE,2025,FY,annual,operating_margin,Operating Margin %,derived,-0.10948328267477203,pure,operating_income / revenue,core
LITE,2025,FY,annual,net_margin,Net Margin %,derived,0.01574468085106383,pure,net_income / revenue,core
LITE,2025,FY,annual,effective_tax_rate,Effective Tax Rate,derived,,pure,income_tax_expense / pretax_income,important
LITE,2025,FY,annual,rd_intensity,R&D Intensity (R&D / Revenue),derived,0.18474164133738602,pure,research_development_expense / revenue,core
LITE,2025,FY,annual,sbc_pct_revenue,Stock-Based Comp % of Revenue,derived,0.10772036474164133,pure,stock_based_compensation / revenue,important
LITE,2025,FY,annual,capex_intensity,Capex Intensity (Capex / Revenue),derived,0.14042553191489363,pure,capital_expenditures / revenue,important
LITE,2025,FY,annual,free_cash_flow,Free Cash Flow (FCF),derived,-104700000,USD,net_cash_from_operating_activities - capital_expenditures,core
LITE,2025,FY,annual,fcf_margin,FCF Margin %,derived,-0.06364741641337386,pure,free_cash_flow / revenue,core
LITE,2025,FY,annual,net_working_capital,Net Working Capital,derived,1324500000,USD,total_current_assets - total_current_liabilities,important
LITE,2025,FY,annual,total_debt,Total Debt,derived,2573200000,USD,short_term_debt + long_term_debt,core
LITE,2025,FY,annual,net_debt,Net Debt (Net Cash),derived,1696100000,USD,total_debt - cash_and_cash_equivalents - short_term_investments,core
LITE,2025,FY,annual,tangible_book_value,Tangible Book Value,derived,-391300000,USD,total_stockholders_equity - goodwill - intangible_assets_net,optional
LITE,2025,FY,annual,book_value_per_share,Book Value Per Share,derived,,USD/shares,total_stockholders_equity / shares_outstanding,important
LITE,2025,FY,annual,inventory_days,Days Inventory Outstanding (DIO),derived,,days,(inventory_net / cost_of_revenue) * 365,important
LITE,2025,FY,annual,days_sales_outstanding,Days Sales Outstanding (DSO),derived,,days,(accounts_receivable_net / revenue) * 365,optional
LITE,2025,FY,annual,roe,Return on Equity,derived,0.02282541640962369,pure,net_income / total_stockholders_equity,important
LITE,2025,FY,annual,roa,Return on Assets,derived,0.00613933202171285,pure,net_income / total_assets,optional
LITE,2025,FY,annual,roic,Return on Invested Capital,derived,,pure,(operating_income * (1 - effective_tax_rate)) / (total_debt + total_stockholders_equity - cash_and_cash_equivalents),core
LITE,2025,FY,annual,revenue_yoy_growth,Revenue YoY Growth %,derived,0.21027074749852856,pure,(revenue - revenue_prior_year) / revenue_prior_year,core
LITE,2025,FY,annual,eps_yoy_growth,Diluted EPS YoY Growth %,derived,-1.045566502463054,pure,(eps_diluted - eps_diluted_prior_year) / eps_diluted_prior_year,important
LITE,2025,FY,annual,diluted_share_count_change,YoY Diluted Share Count Change,derived,0.034175334323922835,pure,(weighted_avg_shares_diluted / weighted_avg_shares_diluted_prior_year) - 1,optional
LITE,2025,FY,annual,deferred_revenue_total,Total Deferred Revenue,derived,0,USD,deferred_revenue_current + deferred_revenue_noncurrent,important
LITE,2025,FY,annual,segment_revenue_mix_pct,Segment Revenue Mix %,derived,,pure,segment_revenue / revenue,important
LITE,2026,Q1,quarterly,gross_profit_derived,Gross Profit (derived fallback),derived,,USD,revenue - cost_of_revenue,important
LITE,2026,Q1,quarterly,gross_margin,Gross Margin %,derived,0.34001498688647436,pure,gross_profit / revenue,core
LITE,2026,Q1,quarterly,operating_margin,Operating Margin %,derived,0.012551517422255526,pure,operating_income / revenue,core
LITE,2026,Q1,quarterly,net_margin,Net Margin %,derived,0.007868115399025852,pure,net_income / revenue,core
LITE,2026,Q1,quarterly,effective_tax_rate,Effective Tax Rate,derived,,pure,income_tax_expense / pretax_income,important
LITE,2026,Q1,quarterly,rd_intensity,R&D Intensity (R&D / Revenue),derived,0.15249156987635817,pure,research_development_expense / revenue,core
LITE,2026,Q1,quarterly,sbc_pct_revenue,Stock-Based Comp % of Revenue,derived,0.07943049831397528,pure,stock_based_compensation / revenue,important
LITE,2026,Q1,quarterly,capex_intensity,Capex Intensity (Capex / Revenue),derived,0.14275009366804045,pure,capital_expenditures / revenue,important
LITE,2026,Q1,quarterly,free_cash_flow,Free Cash Flow (FCF),derived,-18300000,USD,net_cash_from_operating_activities - capital_expenditures,core
LITE,2026,Q1,quarterly,fcf_margin,FCF Margin %,derived,-0.034282502810041214,pure,free_cash_flow / revenue,core
LITE,2026,Q1,quarterly,net_working_capital,Net Working Capital,derived,559400000,USD,total_current_assets - total_current_liabilities,important
LITE,2026,Q1,quarterly,total_debt,Total Debt,derived,3243500000,USD,short_term_debt + long_term_debt,core
LITE,2026,Q1,quarterly,net_debt,Net Debt (Net Cash),derived,2121700000,USD,total_debt - cash_and_cash_equivalents - short_term_investments,core
LITE,2026,Q1,quarterly,tangible_book_value,Tangible Book Value,derived,-710800000,USD,total_stockholders_equity - goodwill - intangible_assets_net,optional
LITE,2026,Q1,quarterly,book_value_per_share,Book Value Per Share,derived,,USD/shares,total_stockholders_equity / shares_outstanding,important
LITE,2026,Q1,quarterly,inventory_days,Days Inventory Outstanding (DIO),derived,,days,(inventory_net / cost_of_revenue) * 365,important
LITE,2026,Q1,quarterly,days_sales_outstanding,Days Sales Outstanding (DSO),derived,,days,(accounts_receivable_net / revenue) * 365,optional
LITE,2026,Q1,quarterly,roe,Return on Equity,derived,0.005379098360655738,pure,net_income / total_stockholders_equity,important
LITE,2026,Q1,quarterly,roa,Return on Assets,derived,0.0009104506730831761,pure,net_income / total_assets,optional
LITE,2026,Q1,quarterly,roic,Return on Invested Capital,derived,,pure,(operating_income * (1 - effective_tax_rate)) / (total_debt + total_stockholders_equity - cash_and_cash_equivalents),core
LITE,2026,Q1,quarterly,revenue_yoy_growth,Revenue YoY Growth %,derived,0.5844464232710003,pure,(revenue - revenue_prior_year) / revenue_prior_year,core
LITE,2026,Q1,quarterly,eps_yoy_growth,Diluted EPS YoY Growth %,derived,-1.0413223140495869,pure,(eps_diluted - eps_diluted_prior_year) / eps_diluted_prior_year,important
LITE,2026,Q1,quarterly,diluted_share_count_change,YoY Diluted Share Count Change,derived,0.14641288433382127,pure,(weighted_avg_shares_diluted / weighted_avg_shares_diluted_prior_year) - 1,optional
LITE,2026,Q1,quarterly,deferred_revenue_total,Total Deferred Revenue,derived,0,USD,deferred_revenue_current + deferred_revenue_noncurrent,important
LITE,2026,Q1,quarterly,segment_revenue_mix_pct,Segment Revenue Mix %,derived,,pure,segment_revenue / revenue,important
LITE,2026,Q2,quarterly,gross_profit_derived,Gross Profit (derived fallback),derived,,USD,revenue - cost_of_revenue,important
LITE,2026,Q2,quarterly,gross_margin,Gross Margin %,derived,0.36078136739293765,pure,gross_profit / revenue,core
LITE,2026,Q2,quarterly,operating_margin,Operating Margin %,derived,0.0966190833959429,pure,operating_income / revenue,core
LITE,2026,Q2,quarterly,net_margin,Net Margin %,derived,0.11750563486100676,pure,net_income / revenue,core
LITE,2026,Q2,quarterly,effective_tax_rate,Effective Tax Rate,derived,,pure,income_tax_expense / pretax_income,important
LITE,2026,Q2,quarterly,rd_intensity,R&D Intensity (R&D / Revenue),derived,0.12036063110443276,pure,research_development_expense / revenue,core
LITE,2026,Q2,quarterly,sbc_pct_revenue,Stock-Based Comp % of Revenue,derived,0.05905334335086401,pure,stock_based_compensation / revenue,important
LITE,2026,Q2,quarterly,capex_intensity,Capex Intensity (Capex / Revenue),derived,,pure,capital_expenditures / revenue,important
LITE,2026,Q2,quarterly,free_cash_flow,Free Cash Flow (FCF),derived,,USD,net_cash_from_operating_activities - capital_expenditures,core
LITE,2026,Q2,quarterly,fcf_margin,FCF Margin %,derived,,pure,free_cash_flow / revenue,core
LITE,2026,Q2,quarterly,net_working_capital,Net Working Capital,derived,-1484400000,USD,total_current_assets - total_current_liabilities,important
LITE,2026,Q2,quarterly,total_debt,Total Debt,derived,3287300000,USD,short_term_debt + long_term_debt,core
LITE,2026,Q2,quarterly,net_debt,Net Debt (Net Cash),derived,2132000000,USD,total_debt - cash_and_cash_equivalents - short_term_investments,core
LITE,2026,Q2,quarterly,tangible_book_value,Tangible Book Value,derived,-611000000,USD,total_stockholders_equity - goodwill - intangible_assets_net,optional
LITE,2026,Q2,quarterly,book_value_per_share,Book Value Per Share,derived,,USD/shares,total_stockholders_equity / shares_outstanding,important
LITE,2026,Q2,quarterly,inventory_days,Days Inventory Outstanding (DIO),derived,,days,(inventory_net / cost_of_revenue) * 365,important
LITE,2026,Q2,quarterly,days_sales_outstanding,Days Sales Outstanding (DSO),derived,,days,(accounts_receivable_net / revenue) * 365,optional
LITE,2026,Q2,quarterly,roe,Return on Equity,derived,0.09236947791164658,pure,net_income / total_stockholders_equity,important
LITE,2026,Q2,quarterly,roa,Return on Assets,derived,0.01627369779202131,pure,net_income / total_assets,optional
LITE,2026,Q2,quarterly,roic,Return on Invested Capital,derived,,pure,(operating_income * (1 - effective_tax_rate)) / (total_debt + total_stockholders_equity - cash_and_cash_equivalents),core
LITE,2026,Q2,quarterly,revenue_yoy_growth,Revenue YoY Growth %,derived,0.6546494281452014,pure,(revenue - revenue_prior_year) / revenue_prior_year,core
LITE,2026,Q2,quarterly,eps_yoy_growth,Diluted EPS YoY Growth %,derived,-2.0113636363636362,pure,(eps_diluted - eps_diluted_prior_year) / eps_diluted_prior_year,important
LITE,2026,Q2,quarterly,diluted_share_count_change,YoY Diluted Share Count Change,derived,0.27431059506531197,pure,(weighted_avg_shares_diluted / weighted_avg_shares_diluted_prior_year) - 1,optional
LITE,2026,Q2,quarterly,deferred_revenue_total,Total Deferred Revenue,derived,1500000,USD,deferred_revenue_current + deferred_revenue_noncurrent,important
LITE,2026,Q2,quarterly,segment_revenue_mix_pct,Segment Revenue Mix %,derived,,pure,segment_revenue / revenue,important
LITE,2026,Q3,quarterly,gross_profit_derived,Gross Profit (derived fallback),derived,,USD,revenue - cost_of_revenue,important
LITE,2026,Q3,quarterly,gross_margin,Gross Margin %,derived,0.44161306284017815,pure,gross_profit / revenue,core
LITE,2026,Q3,quarterly,operating_margin,Operating Margin %,derived,0.21585848589807027,pure,operating_income / revenue,core
LITE,2026,Q3,quarterly,net_margin,Net Margin %,derived,0.17837704106877783,pure,net_income / revenue,core
LITE,2026,Q3,quarterly,effective_tax_rate,Effective Tax Rate,derived,,pure,income_tax_expense / pretax_income,important
LITE,2026,Q3,quarterly,rd_intensity,R&D Intensity (R&D / Revenue),derived,0.11207323107372588,pure,research_development_expense / revenue,core
LITE,2026,Q3,quarterly,sbc_pct_revenue,Stock-Based Comp % of Revenue,derived,0.05096486887679367,pure,stock_based_compensation / revenue,important
LITE,2026,Q3,quarterly,capex_intensity,Capex Intensity (Capex / Revenue),derived,,pure,capital_expenditures / revenue,important
LITE,2026,Q3,quarterly,free_cash_flow,Free Cash Flow (FCF),derived,,USD,net_cash_from_operating_activities - capital_expenditures,core
LITE,2026,Q3,quarterly,fcf_margin,FCF Margin %,derived,,pure,free_cash_flow / revenue,core
LITE,2026,Q3,quarterly,net_working_capital,Net Working Capital,derived,530400000,USD,total_current_assets - total_current_liabilities,important
LITE,2026,Q3,quarterly,total_debt,Total Debt,derived,3281800000,USD,short_term_debt + long_term_debt,core
LITE,2026,Q3,quarterly,net_debt,Net Debt (Net Cash),derived,109500000,USD,total_debt - cash_and_cash_equivalents - short_term_investments,core
LITE,2026,Q3,quarterly,tangible_book_value,Tangible Book Value,derived,1544200000,USD,total_stockholders_equity - goodwill - intangible_assets_net,optional
LITE,2026,Q3,quarterly,book_value_per_share,Book Value Per Share,derived,,USD/shares,total_stockholders_equity / shares_outstanding,important
LITE,2026,Q3,quarterly,inventory_days,Days Inventory Outstanding (DIO),derived,,days,(inventory_net / cost_of_revenue) * 365,important
LITE,2026,Q3,quarterly,days_sales_outstanding,Days Sales Outstanding (DSO),derived,,days,(accounts_receivable_net / revenue) * 365,optional
LITE,2026,Q3,quarterly,roe,Return on Equity,derived,0.0484966704782404,pure,net_income / total_stockholders_equity,important
LITE,2026,Q3,quarterly,roa,Return on Assets,derived,0.020518220236486005,pure,net_income / total_assets,optional
LITE,2026,Q3,quarterly,roic,Return on Invested Capital,derived,,pure,(operating_income * (1 - effective_tax_rate)) / (total_debt + total_stockholders_equity - cash_and_cash_equivalents),core
LITE,2026,Q3,quarterly,revenue_yoy_growth,Revenue YoY Growth %,derived,0.9012229539040452,pure,(revenue - revenue_prior_year) / revenue_prior_year,core
LITE,2026,Q3,quarterly,eps_yoy_growth,Diluted EPS YoY Growth %,derived,-3.34375,pure,(eps_diluted - eps_diluted_prior_year) / eps_diluted_prior_year,important
LITE,2026,Q3,quarterly,diluted_share_count_change,YoY Diluted Share Count Change,derived,0.38816738816738816,pure,(weighted_avg_shares_diluted / weighted_avg_shares_diluted_prior_year) - 1,optional
LITE,2026,Q3,quarterly,deferred_revenue_total,Total Deferred Revenue,derived,2200000,USD,deferred_revenue_current + deferred_revenue_noncurrent,important
LITE,2026,Q3,quarterly,segment_revenue_mix_pct,Segment Revenue Mix %,derived,,pure,segment_revenue / revenue,important
PLTR,2023,Q1,quarterly,gross_profit_derived,Gross Profit (derived fallback),derived,417541000,USD,revenue - cost_of_revenue,important
PLTR,2023,Q1,quarterly,gross_margin,Gross Margin %,derived,0.7950345211029997,pure,gross_profit / revenue,core
PLTR,2023,Q1,quarterly,operating_margin,Operating Margin %,derived,0.007835319296401655,pure,operating_income / revenue,core
PLTR,2023,Q1,quarterly,net_margin,Net Margin %,derived,0.03199247504693575,pure,net_income / revenue,core
PLTR,2023,Q1,quarterly,effective_tax_rate,Effective Tax Rate,derived,0.0806931643625192,pure,income_tax_expense / pretax_income,important
PLTR,2023,Q1,quarterly,rd_intensity,R&D Intensity (R&D / Revenue),derived,0.17155826697589044,pure,research_development_expense / revenue,core
PLTR,2023,Q1,quarterly,sbc_pct_revenue,Stock-Based Comp % of Revenue,derived,0.21842547211844945,pure,stock_based_compensation / revenue,important
PLTR,2023,Q1,quarterly,capex_intensity,Capex Intensity (Capex / Revenue),derived,0.009053935177251489,pure,capital_expenditures / revenue,important
PLTR,2023,Q1,quarterly,free_cash_flow,Free Cash Flow (FCF),derived,182621000,USD,net_cash_from_operating_activities - capital_expenditures,core
PLTR,2023,Q1,quarterly,fcf_margin,FCF Margin %,derived,0.3477263293385581,pure,free_cash_flow / revenue,core
PLTR,2023,Q1,quarterly,net_working_capital,Net Working Capital,derived,2654734000,USD,total_current_assets - total_current_liabilities,important
PLTR,2023,Q1,quarterly,total_debt,Total Debt,derived,,USD,short_term_debt + long_term_debt,core
PLTR,2023,Q1,quarterly,net_debt,Net Debt (Net Cash),derived,,USD,total_debt - cash_and_cash_equivalents - short_term_investments,core
PLTR,2023,Q1,quarterly,tangible_book_value,Tangible Book Value,derived,2690603000,USD,total_stockholders_equity - goodwill - intangible_assets_net,optional
PLTR,2023,Q1,quarterly,book_value_per_share,Book Value Per Share,derived,,USD/shares,total_stockholders_equity / shares_outstanding,important
PLTR,2023,Q1,quarterly,inventory_days,Days Inventory Outstanding (DIO),derived,,days,(inventory_net / cost_of_revenue) * 365,important
PLTR,2023,Q1,quarterly,days_sales_outstanding,Days Sales Outstanding (DSO),derived,176.5564295316326,days,(accounts_receivable_net / revenue) * 365,optional
PLTR,2023,Q1,quarterly,roe,Return on Equity,derived,0.006168739740642713,pure,net_income / total_stockholders_equity,important
PLTR,2023,Q1,quarterly,roa,Return on Assets,derived,0.004561870882926461,pure,net_income / total_assets,optional
PLTR,2023,Q1,quarterly,roic,Return on Invested Capital,derived,,pure,(operating_income * (1 - effective_tax_rate)) / (total_debt + total_stockholders_equity - cash_and_cash_equivalents),core
PLTR,2023,Q1,quarterly,revenue_yoy_growth,Revenue YoY Growth %,derived,,pure,(revenue - revenue_prior_year) / revenue_prior_year,core
PLTR,2023,Q1,quarterly,eps_yoy_growth,Diluted EPS YoY Growth %,derived,,pure,(eps_diluted - eps_diluted_prior_year) / eps_diluted_prior_year,important
PLTR,2023,Q1,quarterly,diluted_share_count_change,YoY Diluted Share Count Change,derived,,pure,(weighted_avg_shares_diluted / weighted_avg_shares_diluted_prior_year) - 1,optional
PLTR,2023,Q1,quarterly,deferred_revenue_total,Total Deferred Revenue,derived,283951000,USD,deferred_revenue_current + deferred_revenue_noncurrent,important
PLTR,2023,Q1,quarterly,segment_revenue_mix_pct,Segment Revenue Mix %,derived,,pure,segment_revenue / revenue,important
PLTR,2023,Q2,quarterly,gross_profit_derived,Gross Profit (derived fallback),derived,426418000,USD,revenue - cost_of_revenue,important
PLTR,2023,Q2,quarterly,gross_margin,Gross Margin %,derived,0.7995582364709919,pure,gross_profit / revenue,core
PLTR,2023,Q2,quarterly,operating_margin,Operating Margin %,derived,0.018889328485684875,pure,operating_income / revenue,core
PLTR,2023,Q2,quarterly,net_margin,Net Margin %,derived,0.05273974015454223,pure,net_income / revenue,core
PLTR,2023,Q2,quarterly,effective_tax_rate,Effective Tax Rate,derived,0.07226308957161402,pure,income_tax_expense / pretax_income,important
PLTR,2023,Q2,quarterly,rd_intensity,R&D Intensity (R&D / Revenue),derived,0.186630090546523,pure,research_development_expense / revenue,core
PLTR,2023,Q2,quarterly,sbc_pct_revenue,Stock-Based Comp % of Revenue,derived,0.21413343283638062,pure,stock_based_compensation / revenue,important
PLTR,2023,Q2,quarterly,capex_intensity,Capex Intensity (Capex / Revenue),derived,,pure,capital_expenditures / revenue,important
PLTR,2023,Q2,quarterly,free_cash_flow,Free Cash Flow (FCF),derived,,USD,net_cash_from_operating_activities - capital_expenditures,core
PLTR,2023,Q2,quarterly,fcf_margin,FCF Margin %,derived,,pure,free_cash_flow / revenue,core
PLTR,2023,Q2,quarterly,net_working_capital,Net Working Capital,derived,2891530000,USD,total_current_assets - total_current_liabilities,important
PLTR,2023,Q2,quarterly,total_debt,Total Debt,derived,,USD,short_term_debt + long_term_debt,core
PLTR,2023,Q2,quarterly,net_debt,Net Debt (Net Cash),derived,,USD,total_debt - cash_and_cash_equivalents - short_term_investments,core
PLTR,2023,Q2,quarterly,tangible_book_value,Tangible Book Value,derived,2924753000,USD,total_stockholders_equity - goodwill - intangible_assets_net,optional
PLTR,2023,Q2,quarterly,book_value_per_share,Book Value Per Share,derived,,USD/shares,total_stockholders_equity / shares_outstanding,important
PLTR,2023,Q2,quarterly,inventory_days,Days Inventory Outstanding (DIO),derived,,days,(inventory_net / cost_of_revenue) * 365,important
PLTR,2023,Q2,quarterly,days_sales_outstanding,Days Sales Outstanding (DSO),derived,257.1658882053263,days,(accounts_receivable_net / revenue) * 365,optional
PLTR,2023,Q2,quarterly,roe,Return on Equity,derived,0.009516916744995895,pure,net_income / total_stockholders_equity,important
PLTR,2023,Q2,quarterly,roa,Return on Assets,derived,0.007066616686732337,pure,net_income / total_assets,optional
PLTR,2023,Q2,quarterly,roic,Return on Invested Capital,derived,,pure,(operating_income * (1 - effective_tax_rate)) / (total_debt + total_stockholders_equity - cash_and_cash_equivalents),core
PLTR,2023,Q2,quarterly,revenue_yoy_growth,Revenue YoY Growth %,derived,,pure,(revenue - revenue_prior_year) / revenue_prior_year,core
PLTR,2023,Q2,quarterly,eps_yoy_growth,Diluted EPS YoY Growth %,derived,,pure,(eps_diluted - eps_diluted_prior_year) / eps_diluted_prior_year,important
PLTR,2023,Q2,quarterly,diluted_share_count_change,YoY Diluted Share Count Change,derived,,pure,(weighted_avg_shares_diluted / weighted_avg_shares_diluted_prior_year) - 1,optional
PLTR,2023,Q2,quarterly,deferred_revenue_total,Total Deferred Revenue,derived,310743000,USD,deferred_revenue_current + deferred_revenue_noncurrent,important
PLTR,2023,Q2,quarterly,segment_revenue_mix_pct,Segment Revenue Mix %,derived,,pure,segment_revenue / revenue,important
PLTR,2023,Q3,quarterly,gross_profit_derived,Gross Profit (derived fallback),derived,450237000,USD,revenue - cost_of_revenue,important
PLTR,2023,Q3,quarterly,gross_margin,Gross Margin %,derived,0.8066464932035495,pure,gross_profit / revenue,core
PLTR,2023,Q3,quarterly,operating_margin,Operating Margin %,derived,0.07163371010769333,pure,operating_income / revenue,core
PLTR,2023,Q3,quarterly,net_margin,Net Margin %,derived,0.1281086572105798,pure,net_income / revenue,core
PLTR,2023,Q3,quarterly,effective_tax_rate,Effective Tax Rate,derived,0.08165664194875515,pure,income_tax_expense / pretax_income,important
PLTR,2023,Q3,quarterly,rd_intensity,R&D Intensity (R&D / Revenue),derived,0.18938689513203227,pure,research_development_expense / revenue,core
PLTR,2023,Q3,quarterly,sbc_pct_revenue,Stock-Based Comp % of Revenue,derived,0.20492368661976246,pure,stock_based_compensation / revenue,important
PLTR,2023,Q3,quarterly,capex_intensity,Capex Intensity (Capex / Revenue),derived,,pure,capital_expenditures / revenue,important
PLTR,2023,Q3,quarterly,free_cash_flow,Free Cash Flow (FCF),derived,,USD,net_cash_from_operating_activities - capital_expenditures,core
PLTR,2023,Q3,quarterly,fcf_margin,FCF Margin %,derived,,pure,free_cash_flow / revenue,core
PLTR,2023,Q3,quarterly,net_working_capital,Net Working Capital,derived,3120472000,USD,total_current_assets - total_current_liabilities,important
PLTR,2023,Q3,quarterly,total_debt,Total Debt,derived,,USD,short_term_debt + long_term_debt,core
PLTR,2023,Q3,quarterly,net_debt,Net Debt (Net Cash),derived,,USD,total_debt - cash_and_cash_equivalents - short_term_investments,core
PLTR,2023,Q3,quarterly,tangible_book_value,Tangible Book Value,derived,3161703000,USD,total_stockholders_equity - goodwill - intangible_assets_net,optional
PLTR,2023,Q3,quarterly,book_value_per_share,Book Value Per Share,derived,,USD/shares,total_stockholders_equity / shares_outstanding,important
PLTR,2023,Q3,quarterly,inventory_days,Days Inventory Outstanding (DIO),derived,,days,(inventory_net / cost_of_revenue) * 365,important
PLTR,2023,Q3,quarterly,days_sales_outstanding,Days Sales Outstanding (DSO),derived,281.36818540953385,days,(accounts_receivable_net / revenue) * 365,optional
PLTR,2023,Q3,quarterly,roe,Return on Equity,derived,0.022415255100681344,pure,net_income / total_stockholders_equity,important
PLTR,2023,Q3,quarterly,roa,Return on Assets,derived,0.017051726551401875,pure,net_income / total_assets,optional
PLTR,2023,Q3,quarterly,roic,Return on Invested Capital,derived,,pure,(operating_income * (1 - effective_tax_rate)) / (total_debt + total_stockholders_equity - cash_and_cash_equivalents),core
PLTR,2023,Q3,quarterly,revenue_yoy_growth,Revenue YoY Growth %,derived,,pure,(revenue - revenue_prior_year) / revenue_prior_year,core
PLTR,2023,Q3,quarterly,eps_yoy_growth,Diluted EPS YoY Growth %,derived,,pure,(eps_diluted - eps_diluted_prior_year) / eps_diluted_prior_year,important
PLTR,2023,Q3,quarterly,diluted_share_count_change,YoY Diluted Share Count Change,derived,,pure,(weighted_avg_shares_diluted / weighted_avg_shares_diluted_prior_year) - 1,optional
PLTR,2023,Q3,quarterly,deferred_revenue_total,Total Deferred Revenue,derived,258387000,USD,deferred_revenue_current + deferred_revenue_noncurrent,important
PLTR,2023,Q3,quarterly,segment_revenue_mix_pct,Segment Revenue Mix %,derived,,pure,segment_revenue / revenue,important
PLTR,2023,FY,annual,gross_profit_derived,Gross Profit (derived fallback),derived,1793907000,USD,revenue - cost_of_revenue,important
PLTR,2023,FY,annual,gross_margin,Gross Margin %,derived,0.8062459887856784,pure,gross_profit / revenue,core
PLTR,2023,FY,annual,operating_margin,Operating Margin %,derived,0.05391701258240405,pure,operating_income / revenue,core
PLTR,2023,FY,annual,net_margin,Net Margin %,derived,0.09430286218681068,pure,net_income / revenue,core
PLTR,2023,FY,annual,effective_tax_rate,Effective Tax Rate,derived,0.08315794357440814,pure,income_tax_expense / pretax_income,important
PLTR,2023,FY,annual,rd_intensity,R&D Intensity (R&D / Revenue),derived,0.18185250236852654,pure,research_development_expense / revenue,core
PLTR,2023,FY,annual,sbc_pct_revenue,Stock-Based Comp % of Revenue,derived,0.21388783521167526,pure,stock_based_compensation / revenue,important
PLTR,2023,FY,annual,capex_intensity,Capex Intensity (Capex / Revenue),derived,0.006792772353587307,pure,capital_expenditures / revenue,important
PLTR,2023,FY,annual,free_cash_flow,Free Cash Flow (FCF),derived,697069000,USD,net_cash_from_operating_activities - capital_expenditures,core
PLTR,2023,FY,annual,fcf_margin,FCF Margin %,derived,0.3132877485604572,pure,free_cash_flow / revenue,core
PLTR,2023,FY,annual,net_working_capital,Net Working Capital,derived,3392600000,USD,total_current_assets - total_current_liabilities,important
PLTR,2023,FY,annual,total_debt,Total Debt,derived,,USD,short_term_debt + long_term_debt,core
PLTR,2023,FY,annual,net_debt,Net Debt (Net Cash),derived,,USD,total_debt - cash_and_cash_equivalents - short_term_investments,core
PLTR,2023,FY,annual,tangible_book_value,Tangible Book Value,derived,3449659000,USD,total_stockholders_equity - goodwill - intangible_assets_net,optional
PLTR,2023,FY,annual,book_value_per_share,Book Value Per Share,derived,,USD/shares,total_stockholders_equity / shares_outstanding,important
PLTR,2023,FY,annual,inventory_days,Days Inventory Outstanding (DIO),derived,,days,(inventory_net / cost_of_revenue) * 365,important
PLTR,2023,FY,annual,days_sales_outstanding,Days Sales Outstanding (DSO),derived,59.84064805043748,days,(accounts_receivable_net / revenue) * 365,optional
PLTR,2023,FY,annual,roe,Return on Equity,derived,0.060371548650707034,pure,net_income / total_stockholders_equity,important
PLTR,2023,FY,annual,roa,Return on Assets,derived,0.04639656821285041,pure,net_income / total_assets,optional
PLTR,2023,FY,annual,roic,Return on Invested Capital,derived,,pure,(operating_income * (1 - effective_tax_rate)) / (total_debt + total_stockholders_equity - cash_and_cash_equivalents),core
PLTR,2023,FY,annual,revenue_yoy_growth,Revenue YoY Growth %,derived,,pure,(revenue - revenue_prior_year) / revenue_prior_year,core
PLTR,2023,FY,annual,eps_yoy_growth,Diluted EPS YoY Growth %,derived,,pure,(eps_diluted - eps_diluted_prior_year) / eps_diluted_prior_year,important
PLTR,2023,FY,annual,diluted_share_count_change,YoY Diluted Share Count Change,derived,,pure,(weighted_avg_shares_diluted / weighted_avg_shares_diluted_prior_year) - 1,optional
PLTR,2023,FY,annual,deferred_revenue_total,Total Deferred Revenue,derived,274948000,USD,deferred_revenue_current + deferred_revenue_noncurrent,important
PLTR,2023,FY,annual,segment_revenue_mix_pct,Segment Revenue Mix %,derived,,pure,segment_revenue / revenue,important
PLTR,2024,Q1,quarterly,gross_profit_derived,Gross Profit (derived fallback),derived,518082000,USD,revenue - cost_of_revenue,important
PLTR,2024,Q1,quarterly,gross_margin,Gross Margin %,derived,0.8167286210190782,pure,gross_profit / revenue,core
PLTR,2024,Q1,quarterly,operating_margin,Operating Margin %,derived,0.12750457957744923,pure,operating_income / revenue,core
PLTR,2024,Q1,quarterly,net_margin,Net Margin %,derived,0.1663624124678011,pure,net_income / revenue,core
PLTR,2024,Q1,quarterly,effective_tax_rate,Effective Tax Rate,derived,0.042040713111644964,pure,income_tax_expense / pretax_income,important
PLTR,2024,Q1,quarterly,rd_intensity,R&D Intensity (R&D / Revenue),derived,0.17347218675217313,pure,research_development_expense / revenue,core
PLTR,2024,Q1,quarterly,sbc_pct_revenue,Stock-Based Comp % of Revenue,derived,0.1980820950345084,pure,stock_based_compensation / revenue,important
PLTR,2024,Q1,quarterly,capex_intensity,Capex Intensity (Capex / Revenue),derived,0.004199653812320877,pure,capital_expenditures / revenue,important
PLTR,2024,Q1,quarterly,free_cash_flow,Free Cash Flow (FCF),derived,126915000,USD,net_cash_from_operating_activities - capital_expenditures,core
PLTR,2024,Q1,quarterly,fcf_margin,FCF Margin %,derived,0.2000747235700841,pure,free_cash_flow / revenue,core
PLTR,2024,Q1,quarterly,net_working_capital,Net Working Capital,derived,3685511000,USD,total_current_assets - total_current_liabilities,important
PLTR,2024,Q1,quarterly,total_debt,Total Debt,derived,,USD,short_term_debt + long_term_debt,core
PLTR,2024,Q1,quarterly,net_debt,Net Debt (Net Cash),derived,,USD,total_debt - cash_and_cash_equivalents - short_term_investments,core
PLTR,2024,Q1,quarterly,tangible_book_value,Tangible Book Value,derived,3751734000,USD,total_stockholders_equity - goodwill - intangible_assets_net,optional
PLTR,2024,Q1,quarterly,book_value_per_share,Book Value Per Share,derived,,USD/shares,total_stockholders_equity / shares_outstanding,important
PLTR,2024,Q1,quarterly,inventory_days,Days Inventory Outstanding (DIO),derived,,days,(inventory_net / cost_of_revenue) * 365,important
PLTR,2024,Q1,quarterly,days_sales_outstanding,Days Sales Outstanding (DSO),derived,280.2132144061998,days,(accounts_receivable_net / revenue) * 365,optional
PLTR,2024,Q1,quarterly,roe,Return on Equity,derived,0.027953285987835964,pure,net_income / total_stockholders_equity,important
PLTR,2024,Q1,quarterly,roa,Return on Assets,derived,0.021953040505471203,pure,net_income / total_assets,optional
PLTR,2024,Q1,quarterly,roic,Return on Invested Capital,derived,,pure,(operating_income * (1 - effective_tax_rate)) / (total_debt + total_stockholders_equity - cash_and_cash_equivalents),core
PLTR,2024,Q1,quarterly,revenue_yoy_growth,Revenue YoY Growth %,derived,0.20783493847893889,pure,(revenue - revenue_prior_year) / revenue_prior_year,core
PLTR,2024,Q1,quarterly,eps_yoy_growth,Diluted EPS YoY Growth %,derived,3.0,pure,(eps_diluted - eps_diluted_prior_year) / eps_diluted_prior_year,important
PLTR,2024,Q1,quarterly,diluted_share_count_change,YoY Diluted Share Count Change,derived,0.08237791434172492,pure,(weighted_avg_shares_diluted / weighted_avg_shares_diluted_prior_year) - 1,optional
PLTR,2024,Q1,quarterly,deferred_revenue_total,Total Deferred Revenue,derived,257917000,USD,deferred_revenue_current + deferred_revenue_noncurrent,important
PLTR,2024,Q1,quarterly,segment_revenue_mix_pct,Segment Revenue Mix %,derived,,pure,segment_revenue / revenue,important
PLTR,2024,Q2,quarterly,gross_profit_derived,Gross Profit (derived fallback),derived,549572000,USD,revenue - cost_of_revenue,important
PLTR,2024,Q2,quarterly,gross_margin,Gross Margin %,derived,0.8104179999823043,pure,gross_profit / revenue,core
PLTR,2024,Q2,quarterly,operating_margin,Operating Margin %,derived,0.15533655590193088,pure,operating_income / revenue,core
PLTR,2024,Q2,quarterly,net_margin,Net Margin %,derived,0.19778686808211945,pure,net_income / revenue,core
PLTR,2024,Q2,quarterly,effective_tax_rate,Effective Tax Rate,derived,0.036864427851860275,pure,income_tax_expense / pretax_income,important
PLTR,2024,Q2,quarterly,rd_intensity,R&D Intensity (R&D / Revenue),derived,0.16041224890655828,pure,research_development_expense / revenue,core
PLTR,2024,Q2,quarterly,sbc_pct_revenue,Stock-Based Comp % of Revenue,derived,0.20905012873561862,pure,stock_based_compensation / revenue,important
PLTR,2024,Q2,quarterly,capex_intensity,Capex Intensity (Capex / Revenue),derived,,pure,capital_expenditures / revenue,important
PLTR,2024,Q2,quarterly,free_cash_flow,Free Cash Flow (FCF),derived,,USD,net_cash_from_operating_activities - capital_expenditures,core
PLTR,2024,Q2,quarterly,fcf_margin,FCF Margin %,derived,,pure,free_cash_flow / revenue,core
PLTR,2024,Q2,quarterly,net_working_capital,Net Working Capital,derived,3966591000,USD,total_current_assets - total_current_liabilities,important
PLTR,2024,Q2,quarterly,total_debt,Total Debt,derived,,USD,short_term_debt + long_term_debt,core
PLTR,2024,Q2,quarterly,net_debt,Net Debt (Net Cash),derived,,USD,total_debt - cash_and_cash_equivalents - short_term_investments,core
PLTR,2024,Q2,quarterly,tangible_book_value,Tangible Book Value,derived,4029050000,USD,total_stockholders_equity - goodwill - intangible_assets_net,optional
PLTR,2024,Q2,quarterly,book_value_per_share,Book Value Per Share,derived,,USD/shares,total_stockholders_equity / shares_outstanding,important
PLTR,2024,Q2,quarterly,inventory_days,Days Inventory Outstanding (DIO),derived,,days,(inventory_net / cost_of_revenue) * 365,important
PLTR,2024,Q2,quarterly,days_sales_outstanding,Days Sales Outstanding (DSO),derived,354.8837471650146,days,(accounts_receivable_net / revenue) * 365,optional
PLTR,2024,Q2,quarterly,roe,Return on Equity,derived,0.03311324658241749,pure,net_income / total_stockholders_equity,important
PLTR,2024,Q2,quarterly,roa,Return on Assets,derived,0.025833802013914036,pure,net_income / total_assets,optional
PLTR,2024,Q2,quarterly,roic,Return on Invested Capital,derived,,pure,(operating_income * (1 - effective_tax_rate)) / (total_debt + total_stockholders_equity - cash_and_cash_equivalents),core
PLTR,2024,Q2,quarterly,revenue_yoy_growth,Revenue YoY Growth %,derived,0.27154019091834686,pure,(revenue - revenue_prior_year) / revenue_prior_year,core
PLTR,2024,Q2,quarterly,eps_yoy_growth,Diluted EPS YoY Growth %,derived,4.999999999999999,pure,(eps_diluted - eps_diluted_prior_year) / eps_diluted_prior_year,important
PLTR,2024,Q2,quarterly,diluted_share_count_change,YoY Diluted Share Count Change,derived,0.05993490346354835,pure,(weighted_avg_shares_diluted / weighted_avg_shares_diluted_prior_year) - 1,optional
PLTR,2024,Q2,quarterly,deferred_revenue_total,Total Deferred Revenue,derived,294090000,USD,deferred_revenue_current + deferred_revenue_noncurrent,important
PLTR,2024,Q2,quarterly,segment_revenue_mix_pct,Segment Revenue Mix %,derived,,pure,segment_revenue / revenue,important
PLTR,2024,Q3,quarterly,gross_profit_derived,Gross Profit (derived fallback),derived,578877000,USD,revenue - cost_of_revenue,important
PLTR,2024,Q3,quarterly,gross_margin,Gross Margin %,derived,0.797883161777273,pure,gross_profit / revenue,core
PLTR,2024,Q3,quarterly,operating_margin,Operating Margin %,derived,0.1559441831744579,pure,operating_income / revenue,core
PLTR,2024,Q3,quarterly,net_margin,Net Margin %,derived,0.19782472061263984,pure,net_income / revenue,core
PLTR,2024,Q3,quarterly,effective_tax_rate,Effective Tax Rate,derived,0.049691377664651606,pure,income_tax_expense / pretax_income,important
PLTR,2024,Q3,quarterly,rd_intensity,R&D Intensity (R&D / Revenue),derived,0.16202950727482232,pure,research_development_expense / revenue,core
PLTR,2024,Q3,quarterly,sbc_pct_revenue,Stock-Based Comp % of Revenue,derived,0.1963085583226283,pure,stock_based_compensation / revenue,important
PLTR,2024,Q3,quarterly,capex_intensity,Capex Intensity (Capex / Revenue),derived,,pure,capital_expenditures / revenue,important
PLTR,2024,Q3,quarterly,free_cash_flow,Free Cash Flow (FCF),derived,,USD,net_cash_from_operating_activities - capital_expenditures,core
PLTR,2024,Q3,quarterly,fcf_margin,FCF Margin %,derived,,pure,free_cash_flow / revenue,core
PLTR,2024,Q3,quarterly,net_working_capital,Net Working Capital,derived,4408506000,USD,total_current_assets - total_current_liabilities,important
PLTR,2024,Q3,quarterly,total_debt,Total Debt,derived,,USD,short_term_debt + long_term_debt,core
PLTR,2024,Q3,quarterly,net_debt,Net Debt (Net Cash),derived,,USD,total_debt - cash_and_cash_equivalents - short_term_investments,core
PLTR,2024,Q3,quarterly,tangible_book_value,Tangible Book Value,derived,4478656000,USD,total_stockholders_equity - goodwill - intangible_assets_net,optional
PLTR,2024,Q3,quarterly,book_value_per_share,Book Value Per Share,derived,,USD/shares,total_stockholders_equity / shares_outstanding,important
PLTR,2024,Q3,quarterly,inventory_days,Days Inventory Outstanding (DIO),derived,,days,(inventory_net / cost_of_revenue) * 365,important
PLTR,2024,Q3,quarterly,days_sales_outstanding,Days Sales Outstanding (DSO),derived,336.11960315141226,days,(accounts_receivable_net / revenue) * 365,optional
PLTR,2024,Q3,quarterly,roe,Return on Equity,derived,0.031907611652186245,pure,net_income / total_stockholders_equity,important
PLTR,2024,Q3,quarterly,roa,Return on Assets,derived,0.02488255658668708,pure,net_income / total_assets,optional
PLTR,2024,Q3,quarterly,roic,Return on Invested Capital,derived,,pure,(operating_income * (1 - effective_tax_rate)) / (total_debt + total_stockholders_equity - cash_and_cash_equivalents),core
PLTR,2024,Q3,quarterly,revenue_yoy_growth,Revenue YoY Growth %,derived,0.2998375015004685,pure,(revenue - revenue_prior_year) / revenue_prior_year,core
PLTR,2024,Q3,quarterly,eps_yoy_growth,Diluted EPS YoY Growth %,derived,1.0,pure,(eps_diluted - eps_diluted_prior_year) / eps_diluted_prior_year,important
PLTR,2024,Q3,quarterly,diluted_share_count_change,YoY Diluted Share Count Change,derived,0.057614809081527385,pure,(weighted_avg_shares_diluted / weighted_avg_shares_diluted_prior_year) - 1,optional
PLTR,2024,Q3,quarterly,deferred_revenue_total,Total Deferred Revenue,derived,244433000,USD,deferred_revenue_current + deferred_revenue_noncurrent,important
PLTR,2024,Q3,quarterly,segment_revenue_mix_pct,Segment Revenue Mix %,derived,,pure,segment_revenue / revenue,important
PLTR,2024,FY,annual,gross_profit_derived,Gross Profit (derived fallback),derived,2299517000,USD,revenue - cost_of_revenue,important
PLTR,2024,FY,annual,gross_margin,Gross Margin %,derived,0.8024817248745161,pure,gross_profit / revenue,core
PLTR,2024,FY,annual,operating_margin,Operating Margin %,derived,0.10832393709036481,pure,operating_income / revenue,core
PLTR,2024,FY,annual,net_margin,Net Margin %,derived,0.16129431894600152,pure,net_income / revenue,core
PLTR,2024,FY,annual,effective_tax_rate,Effective Tax Rate,derived,0.04345088547405519,pure,income_tax_expense / pretax_income,important
PLTR,2024,FY,annual,rd_intensity,R&D Intensity (R&D / Revenue),derived,0.1772384433191055,pure,research_development_expense / revenue,core
PLTR,2024,FY,annual,sbc_pct_revenue,Stock-Based Comp % of Revenue,derived,0.24136671102181917,pure,stock_based_compensation / revenue,important
PLTR,2024,FY,annual,capex_intensity,Capex Intensity (Capex / Revenue),derived,0.004408992893753182,pure,capital_expenditures / revenue,important
PLTR,2024,FY,annual,free_cash_flow,Free Cash Flow (FCF),derived,1141231000,USD,net_cash_from_operating_activities - capital_expenditures,core
PLTR,2024,FY,annual,fcf_margin,FCF Margin %,derived,0.3982649492742471,pure,free_cash_flow / revenue,core
PLTR,2024,FY,annual,net_working_capital,Net Working Capital,derived,4938271000,USD,total_current_assets - total_current_liabilities,important
PLTR,2024,FY,annual,total_debt,Total Debt,derived,,USD,short_term_debt + long_term_debt,core
PLTR,2024,FY,annual,net_debt,Net Debt (Net Cash),derived,,USD,total_debt - cash_and_cash_equivalents - short_term_investments,core
PLTR,2024,FY,annual,tangible_book_value,Tangible Book Value,derived,4985217000,USD,total_stockholders_equity - goodwill - intangible_assets_net,optional
PLTR,2024,FY,annual,book_value_per_share,Book Value Per Share,derived,,USD/shares,total_stockholders_equity / shares_outstanding,important
PLTR,2024,FY,annual,inventory_days,Days Inventory Outstanding (DIO),derived,,days,(inventory_net / cost_of_revenue) * 365,important
PLTR,2024,FY,annual,days_sales_outstanding,Days Sales Outstanding (DSO),derived,73.24795228209179,days,(accounts_receivable_net / revenue) * 365,optional
PLTR,2024,FY,annual,roe,Return on Equity,derived,0.09237749274225382,pure,net_income / total_stockholders_equity,important
PLTR,2024,FY,annual,roa,Return on Assets,derived,0.0728904676382662,pure,net_income / total_assets,optional
PLTR,2024,FY,annual,roic,Return on Invested Capital,derived,,pure,(operating_income * (1 - effective_tax_rate)) / (total_debt + total_stockholders_equity - cash_and_cash_equivalents),core
PLTR,2024,FY,annual,revenue_yoy_growth,Revenue YoY Growth %,derived,0.2878613688375613,pure,(revenue - revenue_prior_year) / revenue_prior_year,core
PLTR,2024,FY,annual,eps_yoy_growth,Diluted EPS YoY Growth %,derived,1.1111111111111112,pure,(eps_diluted - eps_diluted_prior_year) / eps_diluted_prior_year,important
PLTR,2024,FY,annual,diluted_share_count_change,YoY Diluted Share Count Change,derived,0.0665343154939213,pure,(weighted_avg_shares_diluted / weighted_avg_shares_diluted_prior_year) - 1,optional
PLTR,2024,FY,annual,deferred_revenue_total,Total Deferred Revenue,derived,299509000,USD,deferred_revenue_current + deferred_revenue_noncurrent,important
PLTR,2024,FY,annual,segment_revenue_mix_pct,Segment Revenue Mix %,derived,,pure,segment_revenue / revenue,important
PLTR,2025,Q1,quarterly,gross_profit_derived,Gross Profit (derived fallback),derived,710885000,USD,revenue - cost_of_revenue,important
PLTR,2025,Q1,quarterly,gross_margin,Gross Margin %,derived,0.804300479150992,pure,gross_profit / revenue,core
PLTR,2025,Q1,quarterly,operating_margin,Operating Margin %,derived,0.19918199252139773,pure,operating_income / revenue,core
PLTR,2025,Q1,quarterly,net_margin,Net Margin %,derived,0.24215623603419112,pure,net_income / revenue,core
PLTR,2025,Q1,quarterly,effective_tax_rate,Effective Tax Rate,derived,0.025072095147683104,pure,income_tax_expense / pretax_income,important
PLTR,2025,Q1,quarterly,rd_intensity,R&D Intensity (R&D / Revenue),derived,0.15261439942071947,pure,research_development_expense / revenue,core
PLTR,2025,Q1,quarterly,sbc_pct_revenue,Stock-Based Comp % of Revenue,derived,0.1757516787255828,pure,stock_based_compensation / revenue,important
PLTR,2025,Q1,quarterly,capex_intensity,Capex Intensity (Capex / Revenue),derived,0.0069966227492066005,pure,capital_expenditures / revenue,important
PLTR,2025,Q1,quarterly,free_cash_flow,Free Cash Flow (FCF),derived,304079000,USD,net_cash_from_operating_activities - capital_expenditures,core
PLTR,2025,Q1,quarterly,fcf_margin,FCF Margin %,derived,0.34403720067205595,pure,free_cash_flow / revenue,core
PLTR,2025,Q1,quarterly,net_working_capital,Net Working Capital,derived,5315156000,USD,total_current_assets - total_current_liabilities,important
PLTR,2025,Q1,quarterly,total_debt,Total Debt,derived,,USD,short_term_debt + long_term_debt,core
PLTR,2025,Q1,quarterly,net_debt,Net Debt (Net Cash),derived,,USD,total_debt - cash_and_cash_equivalents - short_term_investments,core
PLTR,2025,Q1,quarterly,tangible_book_value,Tangible Book Value,derived,5407246000,USD,total_stockholders_equity - goodwill - intangible_assets_net,optional
PLTR,2025,Q1,quarterly,book_value_per_share,Book Value Per Share,derived,,USD/shares,total_stockholders_equity / shares_outstanding,important
PLTR,2025,Q1,quarterly,inventory_days,Days Inventory Outstanding (DIO),derived,,days,(inventory_net / cost_of_revenue) * 365,important
PLTR,2025,Q1,quarterly,days_sales_outstanding,Days Sales Outstanding (DSO),derived,299.48331457082895,days,(accounts_receivable_net / revenue) * 365,optional
PLTR,2025,Q1,quarterly,roe,Return on Equity,derived,0.03945886502137199,pure,net_income / total_stockholders_equity,important
PLTR,2025,Q1,quarterly,roa,Return on Assets,derived,0.03176987337086089,pure,net_income / total_assets,optional
PLTR,2025,Q1,quarterly,roic,Return on Invested Capital,derived,,pure,(operating_income * (1 - effective_tax_rate)) / (total_debt + total_stockholders_equity - cash_and_cash_equivalents),core
PLTR,2025,Q1,quarterly,revenue_yoy_growth,Revenue YoY Growth %,derived,0.3933502328411667,pure,(revenue - revenue_prior_year) / revenue_prior_year,core
PLTR,2025,Q1,quarterly,eps_yoy_growth,Diluted EPS YoY Growth %,derived,1.0,pure,(eps_diluted - eps_diluted_prior_year) / eps_diluted_prior_year,important
PLTR,2025,Q1,quarterly,diluted_share_count_change,YoY Diluted Share Count Change,derived,0.06362674664087886,pure,(weighted_avg_shares_diluted / weighted_avg_shares_diluted_prior_year) - 1,optional
PLTR,2025,Q1,quarterly,deferred_revenue_total,Total Deferred Revenue,derived,354928000,USD,deferred_revenue_current + deferred_revenue_noncurrent,important
PLTR,2025,Q1,quarterly,segment_revenue_mix_pct,Segment Revenue Mix %,derived,,pure,segment_revenue / revenue,important
PLTR,2025,Q2,quarterly,gross_profit_derived,Gross Profit (derived fallback),derived,810763000,USD,revenue - cost_of_revenue,important
PLTR,2025,Q2,quarterly,gross_margin,Gross Margin %,derived,0.8077766497259631,pure,gross_profit / revenue,core
PLTR,2025,Q2,quarterly,operating_margin,Operating Margin %,derived,0.26832500246588364,pure,operating_income / revenue,core
PLTR,2025,Q2,quarterly,net_margin,Net Margin %,derived,0.32552353947456253,pure,net_income / revenue,core
PLTR,2025,Q2,quarterly,effective_tax_rate,Effective Tax Rate,derived,0.010825847161677223,pure,income_tax_expense / pretax_income,important
PLTR,2025,Q2,quarterly,rd_intensity,R&D Intensity (R&D / Revenue),derived,0.1345455849723572,pure,research_development_expense / revenue,core
PLTR,2025,Q2,quarterly,sbc_pct_revenue,Stock-Based Comp % of Revenue,derived,0.15938176561253048,pure,stock_based_compensation / revenue,important
PLTR,2025,Q2,quarterly,capex_intensity,Capex Intensity (Capex / Revenue),derived,,pure,capital_expenditures / revenue,important
PLTR,2025,Q2,quarterly,free_cash_flow,Free Cash Flow (FCF),derived,,USD,net_cash_from_operating_activities - capital_expenditures,core
PLTR,2025,Q2,quarterly,fcf_margin,FCF Margin %,derived,,pure,free_cash_flow / revenue,core
PLTR,2025,Q2,quarterly,net_working_capital,Net Working Capital,derived,5800753000,USD,total_current_assets - total_current_liabilities,important
PLTR,2025,Q2,quarterly,total_debt,Total Debt,derived,,USD,short_term_debt + long_term_debt,core
PLTR,2025,Q2,quarterly,net_debt,Net Debt (Net Cash),derived,,USD,total_debt - cash_and_cash_equivalents - short_term_investments,core
PLTR,2025,Q2,quarterly,tangible_book_value,Tangible Book Value,derived,5913141000,USD,total_stockholders_equity - goodwill - intangible_assets_net,optional
PLTR,2025,Q2,quarterly,book_value_per_share,Book Value Per Share,derived,,USD/shares,total_stockholders_equity / shares_outstanding,important
PLTR,2025,Q2,quarterly,inventory_days,Days Inventory Outstanding (DIO),derived,,days,(inventory_net / cost_of_revenue) * 365,important
PLTR,2025,Q2,quarterly,days_sales_outstanding,Days Sales Outstanding (DSO),derived,271.82671662862396,days,(accounts_receivable_net / revenue) * 365,optional
PLTR,2025,Q2,quarterly,roe,Return on Equity,derived,0.0551075148665832,pure,net_income / total_stockholders_equity,important
PLTR,2025,Q2,quarterly,roa,Return on Assets,derived,0.04435797443497471,pure,net_income / total_assets,optional
PLTR,2025,Q2,quarterly,roic,Return on Invested Capital,derived,,pure,(operating_income * (1 - effective_tax_rate)) / (total_debt + total_stockholders_equity - cash_and_cash_equivalents),core
PLTR,2025,Q2,quarterly,revenue_yoy_growth,Revenue YoY Growth %,derived,0.48008653157045655,pure,(revenue - revenue_prior_year) / revenue_prior_year,core
PLTR,2025,Q2,quarterly,eps_yoy_growth,Diluted EPS YoY Growth %,derived,1.1666666666666667,pure,(eps_diluted - eps_diluted_prior_year) / eps_diluted_prior_year,important
PLTR,2025,Q2,quarterly,diluted_share_count_change,YoY Diluted Share Count Change,derived,0.061380811497596444,pure,(weighted_avg_shares_diluted / weighted_avg_shares_diluted_prior_year) - 1,optional
PLTR,2025,Q2,quarterly,deferred_revenue_total,Total Deferred Revenue,derived,421422000,USD,deferred_revenue_current + deferred_revenue_noncurrent,important
PLTR,2025,Q2,quarterly,segment_revenue_mix_pct,Segment Revenue Mix %,derived,,pure,segment_revenue / revenue,important
PLTR,2025,Q3,quarterly,gross_profit_derived,Gross Profit (derived fallback),derived,973785000,USD,revenue - cost_of_revenue,important
PLTR,2025,Q3,quarterly,gross_margin,Gross Margin %,derived,0.8244785334249999,pure,gross_profit / revenue,core
PLTR,2025,Q3,quarterly,operating_margin,Operating Margin %,derived,0.3329596678328191,pure,operating_income / revenue,core
PLTR,2025,Q3,quarterly,net_margin,Net Margin %,derived,0.4026773528226421,pure,net_income / revenue,core
PLTR,2025,Q3,quarterly,effective_tax_rate,Effective Tax Rate,derived,0.0078105976886624585,pure,income_tax_expense / pretax_income,important
PLTR,2025,Q3,quarterly,rd_intensity,R&D Intensity (R&D / Revenue),derived,0.12208278440629519,pure,research_development_expense / revenue,core
PLTR,2025,Q3,quarterly,sbc_pct_revenue,Stock-Based Comp % of Revenue,derived,0.14589718667131774,pure,stock_based_compensation / revenue,important
PLTR,2025,Q3,quarterly,capex_intensity,Capex Intensity (Capex / Revenue),derived,,pure,capital_expenditures / revenue,important
PLTR,2025,Q3,quarterly,free_cash_flow,Free Cash Flow (FCF),derived,,USD,net_cash_from_operating_activities - capital_expenditures,core
PLTR,2025,Q3,quarterly,fcf_margin,FCF Margin %,derived,,pure,free_cash_flow / revenue,core
PLTR,2025,Q3,quarterly,net_working_capital,Net Working Capital,derived,6405753000,USD,total_current_assets - total_current_liabilities,important
PLTR,2025,Q3,quarterly,total_debt,Total Debt,derived,,USD,short_term_debt + long_term_debt,core
PLTR,2025,Q3,quarterly,net_debt,Net Debt (Net Cash),derived,,USD,total_debt - cash_and_cash_equivalents - short_term_investments,core
PLTR,2025,Q3,quarterly,tangible_book_value,Tangible Book Value,derived,6575846000,USD,total_stockholders_equity - goodwill - intangible_assets_net,optional
PLTR,2025,Q3,quarterly,book_value_per_share,Book Value Per Share,derived,,USD/shares,total_stockholders_equity / shares_outstanding,important
PLTR,2025,Q3,quarterly,inventory_days,Days Inventory Outstanding (DIO),derived,,days,(inventory_net / cost_of_revenue) * 365,important
PLTR,2025,Q3,quarterly,days_sales_outstanding,Days Sales Outstanding (DSO),derived,310.86244763320724,days,(accounts_receivable_net / revenue) * 365,optional
PLTR,2025,Q3,quarterly,roe,Return on Equity,derived,0.07216479828333604,pure,net_income / total_stockholders_equity,important
PLTR,2025,Q3,quarterly,roa,Return on Assets,derived,0.058614905668748676,pure,net_income / total_assets,optional
PLTR,2025,Q3,quarterly,roic,Return on Invested Capital,derived,,pure,(operating_income * (1 - effective_tax_rate)) / (total_debt + total_stockholders_equity - cash_and_cash_equivalents),core
PLTR,2025,Q3,quarterly,revenue_yoy_growth,Revenue YoY Growth %,derived,0.6279337740311723,pure,(revenue - revenue_prior_year) / revenue_prior_year,core
PLTR,2025,Q3,quarterly,eps_yoy_growth,Diluted EPS YoY Growth %,derived,2.0,pure,(eps_diluted - eps_diluted_prior_year) / eps_diluted_prior_year,important
PLTR,2025,Q3,quarterly,diluted_share_count_change,YoY Diluted Share Count Change,derived,0.04531976683909389,pure,(weighted_avg_shares_diluted / weighted_avg_shares_diluted_prior_year) - 1,optional
PLTR,2025,Q3,quarterly,deferred_revenue_total,Total Deferred Revenue,derived,360623000,USD,deferred_revenue_current + deferred_revenue_noncurrent,important
PLTR,2025,Q3,quarterly,segment_revenue_mix_pct,Segment Revenue Mix %,derived,,pure,segment_revenue / revenue,important
PLTR,2025,FY,annual,gross_profit_derived,Gross Profit (derived fallback),derived,3686269000,USD,revenue - cost_of_revenue,important
PLTR,2025,FY,annual,gross_margin,Gross Margin %,derived,0.8236651721415028,pure,gross_profit / revenue,core
PLTR,2025,FY,annual,operating_margin,Operating Margin %,derived,0.3159495165398041,pure,operating_income / revenue,core
PLTR,2025,FY,annual,net_margin,Net Margin %,derived,0.3630996776634105,pure,net_income / revenue,core
PLTR,2025,FY,annual,effective_tax_rate,Effective Tax Rate,derived,0.013710895830014818,pure,income_tax_expense / pretax_income,important
PLTR,2025,FY,annual,rd_intensity,R&D Intensity (R&D / Revenue),derived,0.12460813961334803,pure,research_development_expense / revenue,core
PLTR,2025,FY,annual,sbc_pct_revenue,Stock-Based Comp % of Revenue,derived,0.15284130341422955,pure,stock_based_compensation / revenue,important
PLTR,2025,FY,annual,capex_intensity,Capex Intensity (Capex / Revenue),derived,0.007570642121477949,pure,capital_expenditures / revenue,important
PLTR,2025,FY,annual,free_cash_flow,Free Cash Flow (FCF),derived,2100591000,USD,net_cash_from_operating_activities - capital_expenditures,core
PLTR,2025,FY,annual,fcf_margin,FCF Margin %,derived,0.4693590314797676,pure,free_cash_flow / revenue,core
PLTR,2025,FY,annual,net_working_capital,Net Working Capital,derived,7182593000,USD,total_current_assets - total_current_liabilities,important
PLTR,2025,FY,annual,total_debt,Total Debt,derived,,USD,short_term_debt + long_term_debt,core
PLTR,2025,FY,annual,net_debt,Net Debt (Net Cash),derived,,USD,total_debt - cash_and_cash_equivalents - short_term_investments,core
PLTR,2025,FY,annual,tangible_book_value,Tangible Book Value,derived,7387268000,USD,total_stockholders_equity - goodwill - intangible_assets_net,optional
PLTR,2025,FY,annual,book_value_per_share,Book Value Per Share,derived,,USD/shares,total_stockholders_equity / shares_outstanding,important
PLTR,2025,FY,annual,inventory_days,Days Inventory Outstanding (DIO),derived,,days,(inventory_net / cost_of_revenue) * 365,important
PLTR,2025,FY,annual,days_sales_outstanding,Days Sales Outstanding (DSO),derived,84.98677561968125,days,(accounts_receivable_net / revenue) * 365,optional
PLTR,2025,FY,annual,roe,Return on Equity,derived,0.21997753431985953,pure,net_income / total_stockholders_equity,important
PLTR,2025,FY,annual,roa,Return on Assets,derived,0.18257993580507464,pure,net_income / total_assets,optional
PLTR,2025,FY,annual,roic,Return on Invested Capital,derived,,pure,(operating_income * (1 - effective_tax_rate)) / (total_debt + total_stockholders_equity - cash_and_cash_equivalents),core
PLTR,2025,FY,annual,revenue_yoy_growth,Revenue YoY Growth %,derived,0.5618339093221548,pure,(revenue - revenue_prior_year) / revenue_prior_year,core
PLTR,2025,FY,annual,eps_yoy_growth,Diluted EPS YoY Growth %,derived,2.3157894736842106,pure,(eps_diluted - eps_diluted_prior_year) / eps_diluted_prior_year,important
PLTR,2025,FY,annual,diluted_share_count_change,YoY Diluted Share Count Change,derived,0.04666972414924331,pure,(weighted_avg_shares_diluted / weighted_avg_shares_diluted_prior_year) - 1,optional
PLTR,2025,FY,annual,deferred_revenue_total,Total Deferred Revenue,derived,455179000,USD,deferred_revenue_current + deferred_revenue_noncurrent,important
PLTR,2025,FY,annual,segment_revenue_mix_pct,Segment Revenue Mix %,derived,,pure,segment_revenue / revenue,important
PLTR,2026,Q1,quarterly,gross_profit_derived,Gross Profit (derived fallback),derived,1416785000,USD,revenue - cost_of_revenue,important
PLTR,2026,Q1,quarterly,gross_margin,Gross Margin %,derived,0.8678180527421883,pure,gross_profit / revenue,core
PLTR,2026,Q1,quarterly,operating_margin,Operating Margin %,derived,0.46184359386322166,pure,operating_income / revenue,core
PLTR,2026,Q1,quarterly,net_margin,Net Margin %,derived,0.5332206693319728,pure,net_income / revenue,core
PLTR,2026,Q1,quarterly,effective_tax_rate,Effective Tax Rate,derived,0.013728321260048098,pure,income_tax_expense / pretax_income,important
PLTR,2026,Q1,quarterly,rd_intensity,R&D Intensity (R&D / Revenue),derived,0.09860509389109161,pure,research_development_expense / revenue,core
PLTR,2026,Q1,quarterly,sbc_pct_revenue,Stock-Based Comp % of Revenue,derived,0.12348039885261576,pure,stock_based_compensation / revenue,important
PLTR,2026,Q1,quarterly,capex_intensity,Capex Intensity (Capex / Revenue),derived,0.004533307035538162,pure,capital_expenditures / revenue,important
PLTR,2026,Q1,quarterly,free_cash_flow,Free Cash Flow (FCF),derived,891764000,USD,net_cash_from_operating_activities - capital_expenditures,core
PLTR,2026,Q1,quarterly,fcf_margin,FCF Margin %,derived,0.5462288900472442,pure,free_cash_flow / revenue,core
PLTR,2026,Q1,quarterly,net_working_capital,Net Working Capital,derived,8168755000,USD,total_current_assets - total_current_liabilities,important
PLTR,2026,Q1,quarterly,total_debt,Total Debt,derived,,USD,short_term_debt + long_term_debt,core
PLTR,2026,Q1,quarterly,net_debt,Net Debt (Net Cash),derived,,USD,total_debt - cash_and_cash_equivalents - short_term_investments,core
PLTR,2026,Q1,quarterly,tangible_book_value,Tangible Book Value,derived,8449663000,USD,total_stockholders_equity - goodwill - intangible_assets_net,optional
PLTR,2026,Q1,quarterly,book_value_per_share,Book Value Per Share,derived,,USD/shares,total_stockholders_equity / shares_outstanding,important
PLTR,2026,Q1,quarterly,inventory_days,Days Inventory Outstanding (DIO),derived,,days,(inventory_net / cost_of_revenue) * 365,important
PLTR,2026,Q1,quarterly,days_sales_outstanding,Days Sales Outstanding (DSO),derived,314.250252513961,days,(accounts_receivable_net / revenue) * 365,optional
PLTR,2026,Q1,quarterly,roe,Return on Equity,derived,0.10302505555547008,pure,net_income / total_stockholders_equity,important
PLTR,2026,Q1,quarterly,roa,Return on Assets,derived,0.0853526208913008,pure,net_income / total_assets,optional
PLTR,2026,Q1,quarterly,roic,Return on Invested Capital,derived,,pure,(operating_income * (1 - effective_tax_rate)) / (total_debt + total_stockholders_equity - cash_and_cash_equivalents),core
PLTR,2026,Q1,quarterly,revenue_yoy_growth,Revenue YoY Growth %,derived,0.8471163256416494,pure,(revenue - revenue_prior_year) / revenue_prior_year,core
PLTR,2026,Q1,quarterly,eps_yoy_growth,Diluted EPS YoY Growth %,derived,3.25,pure,(eps_diluted - eps_diluted_prior_year) / eps_diluted_prior_year,important
PLTR,2026,Q1,quarterly,diluted_share_count_change,YoY Diluted Share Count Change,derived,0.007092554189135347,pure,(weighted_avg_shares_diluted / weighted_avg_shares_diluted_prior_year) - 1,optional
PLTR,2026,Q1,quarterly,deferred_revenue_total,Total Deferred Revenue,derived,557996000,USD,deferred_revenue_current + deferred_revenue_noncurrent,important
PLTR,2026,Q1,quarterly,segment_revenue_mix_pct,Segment Revenue Mix %,derived,,pure,segment_revenue / revenue,important
PLTR,2026,Q2,quarterly,gross_profit_derived,Gross Profit (derived fallback),derived,1638594000,USD,revenue - cost_of_revenue,important
PLTR,2026,Q2,quarterly,gross_margin,Gross Margin %,derived,0.8466155919200771,pure,gross_profit / revenue,core
PLTR,2026,Q2,quarterly,operating_margin,Operating Margin %,derived,0.4712069043908851,pure,operating_income / revenue,core
PLTR,2026,Q2,quarterly,net_margin,Net Margin %,derived,0.5486487994610078,pure,net_income / revenue,core
PLTR,2026,Q2,quarterly,effective_tax_rate,Effective Tax Rate,derived,0.014225802126055977,pure,income_tax_expense / pretax_income,important
PLTR,2026,Q2,quarterly,rd_intensity,R&D Intensity (R&D / Revenue),derived,0.09946607118499749,pure,research_development_expense / revenue,core
PLTR,2026,Q2,quarterly,sbc_pct_revenue,Stock-Based Comp % of Revenue,derived,0.1370260568008498,pure,stock_based_compensation / revenue,important
PLTR,2026,Q2,quarterly,capex_intensity,Capex Intensity (Capex / Revenue),derived,,pure,capital_expenditures / revenue,important
PLTR,2026,Q2,quarterly,free_cash_flow,Free Cash Flow (FCF),derived,,USD,net_cash_from_operating_activities - capital_expenditures,core
PLTR,2026,Q2,quarterly,fcf_margin,FCF Margin %,derived,,pure,free_cash_flow / revenue,core
PLTR,2026,Q2,quarterly,net_working_capital,Net Working Capital,derived,9563931000,USD,total_current_assets - total_current_liabilities,important
PLTR,2026,Q2,quarterly,total_debt,Total Debt,derived,,USD,short_term_debt + long_term_debt,core
PLTR,2026,Q2,quarterly,net_debt,Net Debt (Net Cash),derived,,USD,total_debt - cash_and_cash_equivalents - short_term_investments,core
PLTR,2026,Q2,quarterly,tangible_book_value,Tangible Book Value,derived,9774194000,USD,total_stockholders_equity - goodwill - intangible_assets_net,optional
PLTR,2026,Q2,quarterly,book_value_per_share,Book Value Per Share,derived,,USD/shares,total_stockholders_equity / shares_outstanding,important
PLTR,2026,Q2,quarterly,inventory_days,Days Inventory Outstanding (DIO),derived,,days,(inventory_net / cost_of_revenue) * 365,important
PLTR,2026,Q2,quarterly,days_sales_outstanding,Days Sales Outstanding (DSO),derived,280.0960829031178,days,(accounts_receivable_net / revenue) * 365,optional
PLTR,2026,Q2,quarterly,roe,Return on Equity,derived,0.1086422062013502,pure,net_income / total_stockholders_equity,important
PLTR,2026,Q2,quarterly,roa,Return on Assets,derived,0.09092641869325715,pure,net_income / total_assets,optional
PLTR,2026,Q2,quarterly,roic,Return on Invested Capital,derived,,pure,(operating_income * (1 - effective_tax_rate)) / (total_debt + total_stockholders_equity - cash_and_cash_equivalents),core
PLTR,2026,Q2,quarterly,revenue_yoy_growth,Revenue YoY Growth %,derived,0.928334945705726,pure,(revenue - revenue_prior_year) / revenue_prior_year,core
PLTR,2026,Q2,quarterly,eps_yoy_growth,Diluted EPS YoY Growth %,derived,2.1538461538461537,pure,(eps_diluted - eps_diluted_prior_year) / eps_diluted_prior_year,important
PLTR,2026,Q2,quarterly,diluted_share_count_change,YoY Diluted Share Count Change,derived,0.0022560275186975787,pure,(weighted_avg_shares_diluted / weighted_avg_shares_diluted_prior_year) - 1,optional
PLTR,2026,Q2,quarterly,deferred_revenue_total,Total Deferred Revenue,derived,613159000,USD,deferred_revenue_current + deferred_revenue_noncurrent,important
PLTR,2026,Q2,quarterly,segment_revenue_mix_pct,Segment Revenue Mix %,derived,,pure,segment_revenue / revenue,important
INTC,2023,Q1,quarterly,gross_profit_derived,Gross Profit (derived fallback),derived,4008000000,USD,revenue - cost_of_revenue,important
INTC,2023,Q1,quarterly,gross_margin,Gross Margin %,derived,0.3421254801536492,pure,gross_profit / revenue,core
INTC,2023,Q1,quarterly,operating_margin,Operating Margin %,derived,-0.12530943235168587,pure,operating_income / revenue,core
INTC,2023,Q1,quarterly,net_margin,Net Margin %,derived,-0.23542466922748612,pure,net_income / revenue,core
INTC,2023,Q1,quarterly,effective_tax_rate,Effective Tax Rate,derived,-1.390328151986183,pure,income_tax_expense / pretax_income,important
INTC,2023,Q1,quarterly,rd_intensity,R&D Intensity (R&D / Revenue),derived,0.35074690567648314,pure,research_development_expense / revenue,core
INTC,2023,Q1,quarterly,sbc_pct_revenue,Stock-Based Comp % of Revenue,derived,0.0630815194195476,pure,stock_based_compensation / revenue,important
INTC,2023,Q1,quarterly,capex_intensity,Capex Intensity (Capex / Revenue),derived,0.6327784891165172,pure,capital_expenditures / revenue,important
INTC,2023,Q1,quarterly,free_cash_flow,Free Cash Flow (FCF),derived,-9198000000,USD,net_cash_from_operating_activities - capital_expenditures,core
INTC,2023,Q1,quarterly,fcf_margin,FCF Margin %,derived,-0.7851472471190781,pure,free_cash_flow / revenue,core
INTC,2023,Q1,quarterly,net_working_capital,Net Working Capital,derived,20921000000,USD,total_current_assets - total_current_liabilities,important
INTC,2023,Q1,quarterly,total_debt,Total Debt,derived,50273000000,USD,short_term_debt + long_term_debt,core
INTC,2023,Q1,quarterly,net_debt,Net Debt (Net Cash),derived,,USD,total_debt - cash_and_cash_equivalents - short_term_investments,core
INTC,2023,Q1,quarterly,tangible_book_value,Tangible Book Value,derived,64901000000,USD,total_stockholders_equity - goodwill - intangible_assets_net,optional
INTC,2023,Q1,quarterly,book_value_per_share,Book Value Per Share,derived,,USD/shares,total_stockholders_equity / shares_outstanding,important
INTC,2023,Q1,quarterly,inventory_days,Days Inventory Outstanding (DIO),derived,615.3425457376411,days,(inventory_net / cost_of_revenue) * 365,important
INTC,2023,Q1,quarterly,days_sales_outstanding,Days Sales Outstanding (DSO),derived,119.85958173282116,days,(accounts_receivable_net / revenue) * 365,optional
INTC,2023,Q1,quarterly,roe,Return on Equity,derived,-0.028125924188498762,pure,net_income / total_stockholders_equity,important
INTC,2023,Q1,quarterly,roa,Return on Assets,derived,-0.01488373097035666,pure,net_income / total_assets,optional
INTC,2023,Q1,quarterly,roic,Return on Invested Capital,derived,,pure,(operating_income * (1 - effective_tax_rate)) / (total_debt + total_stockholders_equity - cash_and_cash_equivalents),core
INTC,2023,Q1,quarterly,revenue_yoy_growth,Revenue YoY Growth %,derived,,pure,(revenue - revenue_prior_year) / revenue_prior_year,core
INTC,2023,Q1,quarterly,eps_yoy_growth,Diluted EPS YoY Growth %,derived,,pure,(eps_diluted - eps_diluted_prior_year) / eps_diluted_prior_year,important
INTC,2023,Q1,quarterly,diluted_share_count_change,YoY Diluted Share Count Change,derived,,pure,(weighted_avg_shares_diluted / weighted_avg_shares_diluted_prior_year) - 1,optional
INTC,2023,Q1,quarterly,deferred_revenue_total,Total Deferred Revenue,derived,0,USD,deferred_revenue_current + deferred_revenue_noncurrent,important
INTC,2023,Q1,quarterly,segment_revenue_mix_pct,Segment Revenue Mix %,derived,,pure,segment_revenue / revenue,important
INTC,2023,Q2,quarterly,gross_profit_derived,Gross Profit (derived fallback),derived,4638000000,USD,revenue - cost_of_revenue,important
INTC,2023,Q2,quarterly,gross_margin,Gross Margin %,derived,0.358174376399722,pure,gross_profit / revenue,core
INTC,2023,Q2,quarterly,operating_margin,Operating Margin %,derived,-0.07846165727083172,pure,operating_income / revenue,core
INTC,2023,Q2,quarterly,net_margin,Net Margin %,derived,0.114371766159549,pure,net_income / revenue,core
INTC,2023,Q2,quarterly,effective_tax_rate,Effective Tax Rate,derived,2.8051470588235294,pure,income_tax_expense / pretax_income,important
INTC,2023,Q2,quarterly,rd_intensity,R&D Intensity (R&D / Revenue),derived,0.31508224573326127,pure,research_development_expense / revenue,core
INTC,2023,Q2,quarterly,sbc_pct_revenue,Stock-Based Comp % of Revenue,derived,,pure,stock_based_compensation / revenue,important
INTC,2023,Q2,quarterly,capex_intensity,Capex Intensity (Capex / Revenue),derived,,pure,capital_expenditures / revenue,important
INTC,2023,Q2,quarterly,free_cash_flow,Free Cash Flow (FCF),derived,,USD,net_cash_from_operating_activities - capital_expenditures,core
INTC,2023,Q2,quarterly,fcf_margin,FCF Margin %,derived,,pure,free_cash_flow / revenue,core
INTC,2023,Q2,quarterly,net_working_capital,Net Working Capital,derived,16176000000,USD,total_current_assets - total_current_liabilities,important
INTC,2023,Q2,quarterly,total_debt,Total Debt,derived,49046000000,USD,short_term_debt + long_term_debt,core
INTC,2023,Q2,quarterly,net_debt,Net Debt (Net Cash),derived,,USD,total_debt - cash_and_cash_equivalents - short_term_investments,core
INTC,2023,Q2,quarterly,tangible_book_value,Tangible Book Value,derived,68253000000,USD,total_stockholders_equity - goodwill - intangible_assets_net,optional
INTC,2023,Q2,quarterly,book_value_per_share,Book Value Per Share,derived,,USD/shares,total_stockholders_equity / shares_outstanding,important
INTC,2023,Q2,quarterly,inventory_days,Days Inventory Outstanding (DIO),derived,526.3097100228613,days,(inventory_net / cost_of_revenue) * 365,important
INTC,2023,Q2,quarterly,days_sales_outstanding,Days Sales Outstanding (DSO),derived,84.4497644605761,days,(accounts_receivable_net / revenue) * 365,optional
INTC,2023,Q2,quarterly,roe,Return on Equity,derived,0.01466089866062148,pure,net_income / total_stockholders_equity,important
INTC,2023,Q2,quarterly,roa,Return on Assets,derived,0.007978279255935226,pure,net_income / total_assets,optional
INTC,2023,Q2,quarterly,roic,Return on Invested Capital,derived,,pure,(operating_income * (1 - effective_tax_rate)) / (total_debt + total_stockholders_equity - cash_and_cash_equivalents),core
INTC,2023,Q2,quarterly,revenue_yoy_growth,Revenue YoY Growth %,derived,,pure,(revenue - revenue_prior_year) / revenue_prior_year,core
INTC,2023,Q2,quarterly,eps_yoy_growth,Diluted EPS YoY Growth %,derived,,pure,(eps_diluted - eps_diluted_prior_year) / eps_diluted_prior_year,important
INTC,2023,Q2,quarterly,diluted_share_count_change,YoY Diluted Share Count Change,derived,,pure,(weighted_avg_shares_diluted / weighted_avg_shares_diluted_prior_year) - 1,optional
INTC,2023,Q2,quarterly,deferred_revenue_total,Total Deferred Revenue,derived,0,USD,deferred_revenue_current + deferred_revenue_noncurrent,important
INTC,2023,Q2,quarterly,segment_revenue_mix_pct,Segment Revenue Mix %,derived,,pure,segment_revenue / revenue,important
INTC,2023,Q3,quarterly,gross_profit_derived,Gross Profit (derived fallback),derived,6018000000,USD,revenue - cost_of_revenue,important
INTC,2023,Q3,quarterly,gross_margin,Gross Margin %,derived,0.42506003672835146,pure,gross_profit / revenue,core
INTC,2023,Q3,quarterly,operating_margin,Operating Margin %,derived,-0.0005650515609549371,pure,operating_income / revenue,core
INTC,2023,Q3,quarterly,net_margin,Net Margin %,derived,0.02097753920045204,pure,net_income / revenue,core
INTC,2023,Q3,quarterly,effective_tax_rate,Effective Tax Rate,derived,6.961538461538462,pure,income_tax_expense / pretax_income,important
INTC,2023,Q3,quarterly,rd_intensity,R&D Intensity (R&D / Revenue),derived,0.27334369261195085,pure,research_development_expense / revenue,core
INTC,2023,Q3,quarterly,sbc_pct_revenue,Stock-Based Comp % of Revenue,derived,,pure,stock_based_compensation / revenue,important
INTC,2023,Q3,quarterly,capex_intensity,Capex Intensity (Capex / Revenue),derived,,pure,capital_expenditures / revenue,important
INTC,2023,Q3,quarterly,free_cash_flow,Free Cash Flow (FCF),derived,,USD,net_cash_from_operating_activities - capital_expenditures,core
INTC,2023,Q3,quarterly,fcf_margin,FCF Margin %,derived,,pure,free_cash_flow / revenue,core
INTC,2023,Q3,quarterly,net_working_capital,Net Working Capital,derived,15197000000,USD,total_current_assets - total_current_liabilities,important
INTC,2023,Q3,quarterly,total_debt,Total Debt,derived,48879000000,USD,short_term_debt + long_term_debt,core
INTC,2023,Q3,quarterly,net_debt,Net Debt (Net Cash),derived,,USD,total_debt - cash_and_cash_equivalents - short_term_investments,core
INTC,2023,Q3,quarterly,tangible_book_value,Tangible Book Value,derived,69252000000,USD,total_stockholders_equity - goodwill - intangible_assets_net,optional
INTC,2023,Q3,quarterly,book_value_per_share,Book Value Per Share,derived,,USD/shares,total_stockholders_equity / shares_outstanding,important
INTC,2023,Q3,quarterly,inventory_days,Days Inventory Outstanding (DIO),derived,514.1388206388207,days,(inventory_net / cost_of_revenue) * 365,important
INTC,2023,Q3,quarterly,days_sales_outstanding,Days Sales Outstanding (DSO),derived,73.29389744314169,days,(accounts_receivable_net / revenue) * 365,optional
INTC,2023,Q3,quarterly,roe,Return on Equity,derived,0.0029171127459165333,pure,net_income / total_stockholders_equity,important
INTC,2023,Q3,quarterly,roa,Return on Assets,derived,0.0015727849944661269,pure,net_income / total_assets,optional
INTC,2023,Q3,quarterly,roic,Return on Invested Capital,derived,,pure,(operating_income * (1 - effective_tax_rate)) / (total_debt + total_stockholders_equity - cash_and_cash_equivalents),core
INTC,2023,Q3,quarterly,revenue_yoy_growth,Revenue YoY Growth %,derived,,pure,(revenue - revenue_prior_year) / revenue_prior_year,core
INTC,2023,Q3,quarterly,eps_yoy_growth,Diluted EPS YoY Growth %,derived,,pure,(eps_diluted - eps_diluted_prior_year) / eps_diluted_prior_year,important
INTC,2023,Q3,quarterly,diluted_share_count_change,YoY Diluted Share Count Change,derived,,pure,(weighted_avg_shares_diluted / weighted_avg_shares_diluted_prior_year) - 1,optional
INTC,2023,Q3,quarterly,deferred_revenue_total,Total Deferred Revenue,derived,0,USD,deferred_revenue_current + deferred_revenue_noncurrent,important
INTC,2023,Q3,quarterly,segment_revenue_mix_pct,Segment Revenue Mix %,derived,,pure,segment_revenue / revenue,important
INTC,2023,FY,annual,gross_profit_derived,Gross Profit (derived fallback),derived,21711000000,USD,revenue - cost_of_revenue,important
INTC,2023,FY,annual,gross_margin,Gross Margin %,derived,0.400365125027661,pure,gross_profit / revenue,core
INTC,2023,FY,annual,operating_margin,Operating Margin %,derived,0.001714981190528878,pure,operating_income / revenue,core
INTC,2023,FY,annual,net_margin,Net Margin %,derived,0.031146271298959947,pure,net_income / revenue,core
INTC,2023,FY,annual,effective_tax_rate,Effective Tax Rate,derived,-1.1981627296587927,pure,income_tax_expense / pretax_income,important
INTC,2023,FY,annual,rd_intensity,R&D Intensity (R&D / Revenue),derived,0.2958987976691008,pure,research_development_expense / revenue,core
INTC,2023,FY,annual,sbc_pct_revenue,Stock-Based Comp % of Revenue,derived,0.05954488456148115,pure,stock_based_compensation / revenue,important
INTC,2023,FY,annual,capex_intensity,Capex Intensity (Capex / Revenue),derived,0.4748469425389098,pure,capital_expenditures / revenue,important
INTC,2023,FY,annual,free_cash_flow,Free Cash Flow (FCF),derived,-14279000000,USD,net_cash_from_operating_activities - capital_expenditures,core
INTC,2023,FY,annual,fcf_margin,FCF Margin %,derived,-0.26331415504905215,pure,free_cash_flow / revenue,core
INTC,2023,FY,annual,net_working_capital,Net Working Capital,derived,15216000000,USD,total_current_assets - total_current_liabilities,important
INTC,2023,FY,annual,total_debt,Total Debt,derived,49266000000,USD,short_term_debt + long_term_debt,core
INTC,2023,FY,annual,net_debt,Net Debt (Net Cash),derived,,USD,total_debt - cash_and_cash_equivalents - short_term_investments,core
INTC,2023,FY,annual,tangible_book_value,Tangible Book Value,derived,73410000000,USD,total_stockholders_equity - goodwill - intangible_assets_net,optional
INTC,2023,FY,annual,book_value_per_share,Book Value Per Share,derived,,USD/shares,total_stockholders_equity / shares_outstanding,important
INTC,2023,FY,annual,inventory_days,Days Inventory Outstanding (DIO),derived,124.89943721745549,days,(inventory_net / cost_of_revenue) * 365,important
INTC,2023,FY,annual,days_sales_outstanding,Days Sales Outstanding (DSO),derived,22.898318211993807,days,(accounts_receivable_net / revenue) * 365,optional
INTC,2023,FY,annual,roe,Return on Equity,derived,0.01599583293872526,pure,net_income / total_stockholders_equity,important
INTC,2023,FY,annual,roa,Return on Assets,derived,0.008816528511473493,pure,net_income / total_assets,optional
INTC,2023,FY,annual,roic,Return on Invested Capital,derived,,pure,(operating_income * (1 - effective_tax_rate)) / (total_debt + total_stockholders_equity - cash_and_cash_equivalents),core
INTC,2023,FY,annual,revenue_yoy_growth,Revenue YoY Growth %,derived,,pure,(revenue - revenue_prior_year) / revenue_prior_year,core
INTC,2023,FY,annual,eps_yoy_growth,Diluted EPS YoY Growth %,derived,,pure,(eps_diluted - eps_diluted_prior_year) / eps_diluted_prior_year,important
INTC,2023,FY,annual,diluted_share_count_change,YoY Diluted Share Count Change,derived,,pure,(weighted_avg_shares_diluted / weighted_avg_shares_diluted_prior_year) - 1,optional
INTC,2023,FY,annual,deferred_revenue_total,Total Deferred Revenue,derived,0,USD,deferred_revenue_current + deferred_revenue_noncurrent,important
INTC,2023,FY,annual,segment_revenue_mix_pct,Segment Revenue Mix %,derived,,pure,segment_revenue / revenue,important
INTC,2024,Q1,quarterly,gross_profit_derived,Gross Profit (derived fallback),derived,5217000000,USD,revenue - cost_of_revenue,important
INTC,2024,Q1,quarterly,gross_margin,Gross Margin %,derived,0.410012574662056,pure,gross_profit / revenue,core
INTC,2024,Q1,quarterly,operating_margin,Operating Margin %,derived,-0.08401446086136435,pure,operating_income / revenue,core
INTC,2024,Q1,quarterly,net_margin,Net Margin %,derived,-0.029943414020748193,pure,net_income / revenue,core
INTC,2024,Q1,quarterly,effective_tax_rate,Effective Tax Rate,derived,0.39221140472878996,pure,income_tax_expense / pretax_income,important
INTC,2024,Q1,quarterly,rd_intensity,R&D Intensity (R&D / Revenue),derived,0.3443885570575291,pure,research_development_expense / revenue,core
INTC,2024,Q1,quarterly,sbc_pct_revenue,Stock-Based Comp % of Revenue,derived,0.09265954102483495,pure,stock_based_compensation / revenue,important
INTC,2024,Q1,quarterly,capex_intensity,Capex Intensity (Capex / Revenue),derived,0.46919207796290474,pure,capital_expenditures / revenue,important
INTC,2024,Q1,quarterly,free_cash_flow,Free Cash Flow (FCF),derived,-7193000000,USD,net_cash_from_operating_activities - capital_expenditures,core
INTC,2024,Q1,quarterly,fcf_margin,FCF Margin %,derived,-0.5653096510531279,pure,free_cash_flow / revenue,core
INTC,2024,Q1,quarterly,net_working_capital,Net Working Capital,derived,15395000000,USD,total_current_assets - total_current_liabilities,important
INTC,2024,Q1,quarterly,total_debt,Total Debt,derived,52450000000,USD,short_term_debt + long_term_debt,core
INTC,2024,Q1,quarterly,net_debt,Net Debt (Net Cash),derived,,USD,total_debt - cash_and_cash_equivalents - short_term_investments,core
INTC,2024,Q1,quarterly,tangible_book_value,Tangible Book Value,derived,73858000000,USD,total_stockholders_equity - goodwill - intangible_assets_net,optional
INTC,2024,Q1,quarterly,book_value_per_share,Book Value Per Share,derived,,USD/shares,total_stockholders_equity / shares_outstanding,important
INTC,2024,Q1,quarterly,inventory_days,Days Inventory Outstanding (DIO),derived,558.8530704675636,days,(inventory_net / cost_of_revenue) * 365,important
INTC,2024,Q1,quarterly,days_sales_outstanding,Days Sales Outstanding (DSO),derived,95.32340458975165,days,(accounts_receivable_net / revenue) * 365,optional
INTC,2024,Q1,quarterly,roe,Return on Equity,derived,-0.0035952553952421844,pure,net_income / total_stockholders_equity,important
INTC,2024,Q1,quarterly,roa,Return on Assets,derived,-0.0019768280470910536,pure,net_income / total_assets,optional
INTC,2024,Q1,quarterly,roic,Return on Invested Capital,derived,,pure,(operating_income * (1 - effective_tax_rate)) / (total_debt + total_stockholders_equity - cash_and_cash_equivalents),core
INTC,2024,Q1,quarterly,revenue_yoy_growth,Revenue YoY Growth %,derived,0.08612889457959881,pure,(revenue - revenue_prior_year) / revenue_prior_year,core
INTC,2024,Q1,quarterly,eps_yoy_growth,Diluted EPS YoY Growth %,derived,-0.8636363636363636,pure,(eps_diluted - eps_diluted_prior_year) / eps_diluted_prior_year,important
INTC,2024,Q1,quarterly,diluted_share_count_change,YoY Diluted Share Count Change,derived,0.02118440057775639,pure,(weighted_avg_shares_diluted / weighted_avg_shares_diluted_prior_year) - 1,optional
INTC,2024,Q1,quarterly,deferred_revenue_total,Total Deferred Revenue,derived,0,USD,deferred_revenue_current + deferred_revenue_noncurrent,important
INTC,2024,Q1,quarterly,segment_revenue_mix_pct,Segment Revenue Mix %,derived,,pure,segment_revenue / revenue,important
INTC,2024,Q2,quarterly,gross_profit_derived,Gross Profit (derived fallback),derived,4547000000,USD,revenue - cost_of_revenue,important
INTC,2024,Q2,quarterly,gross_margin,Gross Margin %,derived,0.354320891451726,pure,gross_profit / revenue,core
INTC,2024,Q2,quarterly,operating_margin,Operating Margin %,derived,-0.15304293618016052,pure,operating_income / revenue,core
INTC,2024,Q2,quarterly,net_margin,Net Margin %,derived,-0.12545780409880777,pure,net_income / revenue,core
INTC,2024,Q2,quarterly,effective_tax_rate,Effective Tax Rate,derived,0.17465069860279442,pure,income_tax_expense / pretax_income,important
INTC,2024,Q2,quarterly,rd_intensity,R&D Intensity (R&D / Revenue),derived,0.3303202680589106,pure,research_development_expense / revenue,core
INTC,2024,Q2,quarterly,sbc_pct_revenue,Stock-Based Comp % of Revenue,derived,,pure,stock_based_compensation / revenue,important
INTC,2024,Q2,quarterly,capex_intensity,Capex Intensity (Capex / Revenue),derived,,pure,capital_expenditures / revenue,important
INTC,2024,Q2,quarterly,free_cash_flow,Free Cash Flow (FCF),derived,,USD,net_cash_from_operating_activities - capital_expenditures,core
INTC,2024,Q2,quarterly,fcf_margin,FCF Margin %,derived,,pure,free_cash_flow / revenue,core
INTC,2024,Q2,quarterly,net_working_capital,Net Working Capital,derived,18802000000,USD,total_current_assets - total_current_liabilities,important
INTC,2024,Q2,quarterly,total_debt,Total Debt,derived,53029000000,USD,short_term_debt + long_term_debt,core
INTC,2024,Q2,quarterly,net_debt,Net Debt (Net Cash),derived,,USD,total_debt - cash_and_cash_equivalents - short_term_investments,core
INTC,2024,Q2,quarterly,tangible_book_value,Tangible Book Value,derived,83404000000,USD,total_stockholders_equity - goodwill - intangible_assets_net,optional
INTC,2024,Q2,quarterly,book_value_per_share,Book Value Per Share,derived,,USD/shares,total_stockholders_equity / shares_outstanding,important
INTC,2024,Q2,quarterly,inventory_days,Days Inventory Outstanding (DIO),derived,495.30050687907317,days,(inventory_net / cost_of_revenue) * 365,important
INTC,2024,Q2,quarterly,days_sales_outstanding,Days Sales Outstanding (DSO),derived,89.05283254110496,days,(accounts_receivable_net / revenue) * 365,optional
INTC,2024,Q2,quarterly,roe,Return on Equity,derived,-0.013972177142906734,pure,net_income / total_stockholders_equity,important
INTC,2024,Q2,quarterly,roa,Return on Assets,derived,-0.007807764118231857,pure,net_income / total_assets,optional
INTC,2024,Q2,quarterly,roic,Return on Invested Capital,derived,,pure,(operating_income * (1 - effective_tax_rate)) / (total_debt + total_stockholders_equity - cash_and_cash_equivalents),core
INTC,2024,Q2,quarterly,revenue_yoy_growth,Revenue YoY Growth %,derived,-0.008958220712024095,pure,(revenue - revenue_prior_year) / revenue_prior_year,core
INTC,2024,Q2,quarterly,eps_yoy_growth,Diluted EPS YoY Growth %,derived,-2.085714285714286,pure,(eps_diluted - eps_diluted_prior_year) / eps_diluted_prior_year,important
INTC,2024,Q2,quarterly,diluted_share_count_change,YoY Diluted Share Count Change,derived,0.016920877025738745,pure,(weighted_avg_shares_diluted / weighted_avg_shares_diluted_prior_year) - 1,optional
INTC,2024,Q2,quarterly,deferred_revenue_total,Total Deferred Revenue,derived,0,USD,deferred_revenue_current + deferred_revenue_noncurrent,important
INTC,2024,Q2,quarterly,segment_revenue_mix_pct,Segment Revenue Mix %,derived,,pure,segment_revenue / revenue,important
INTC,2024,Q3,quarterly,gross_profit_derived,Gross Profit (derived fallback),derived,1997000000,USD,revenue - cost_of_revenue,important
INTC,2024,Q3,quarterly,gross_margin,Gross Margin %,derived,0.15033122553447756,pure,gross_profit / revenue,core
INTC,2024,Q3,quarterly,operating_margin,Operating Margin %,derived,-0.6817976513098465,pure,operating_income / revenue,core
INTC,2024,Q3,quarterly,net_margin,Net Margin %,derived,-1.252559470039145,pure,net_income / revenue,core
INTC,2024,Q3,quarterly,effective_tax_rate,Effective Tax Rate,derived,-0.8697996918335902,pure,income_tax_expense / pretax_income,important
INTC,2024,Q3,quarterly,rd_intensity,R&D Intensity (R&D / Revenue),derived,0.30480277024992475,pure,research_development_expense / revenue,core
INTC,2024,Q3,quarterly,sbc_pct_revenue,Stock-Based Comp % of Revenue,derived,,pure,stock_based_compensation / revenue,important
INTC,2024,Q3,quarterly,capex_intensity,Capex Intensity (Capex / Revenue),derived,,pure,capital_expenditures / revenue,important
INTC,2024,Q3,quarterly,free_cash_flow,Free Cash Flow (FCF),derived,,USD,net_cash_from_operating_activities - capital_expenditures,core
INTC,2024,Q3,quarterly,fcf_margin,FCF Margin %,derived,,pure,free_cash_flow / revenue,core
INTC,2024,Q3,quarterly,net_working_capital,Net Working Capital,derived,10978000000,USD,total_current_assets - total_current_liabilities,important
INTC,2024,Q3,quarterly,total_debt,Total Debt,derived,50236000000,USD,short_term_debt + long_term_debt,core
INTC,2024,Q3,quarterly,net_debt,Net Debt (Net Cash),derived,,USD,total_debt - cash_and_cash_equivalents - short_term_investments,core
INTC,2024,Q3,quarterly,tangible_book_value,Tangible Book Value,derived,70877000000,USD,total_stockholders_equity - goodwill - intangible_assets_net,optional
INTC,2024,Q3,quarterly,book_value_per_share,Book Value Per Share,derived,,USD/shares,total_stockholders_equity / shares_outstanding,important
INTC,2024,Q3,quarterly,inventory_days,Days Inventory Outstanding (DIO),derived,390.06201825108536,days,(inventory_net / cost_of_revenue) * 365,important
INTC,2024,Q3,quarterly,days_sales_outstanding,Days Sales Outstanding (DSO),derived,85.75466726889492,days,(accounts_receivable_net / revenue) * 365,optional
INTC,2024,Q3,quarterly,roe,Return on Equity,derived,-0.16717236667604388,pure,net_income / total_stockholders_equity,important
INTC,2024,Q3,quarterly,roa,Return on Assets,derived,-0.08597100370978909,pure,net_income / total_assets,optional
INTC,2024,Q3,quarterly,roic,Return on Invested Capital,derived,,pure,(operating_income * (1 - effective_tax_rate)) / (total_debt + total_stockholders_equity - cash_and_cash_equivalents),core
INTC,2024,Q3,quarterly,revenue_yoy_growth,Revenue YoY Growth %,derived,-0.06173188303432688,pure,(revenue - revenue_prior_year) / revenue_prior_year,core
INTC,2024,Q3,quarterly,eps_yoy_growth,Diluted EPS YoY Growth %,derived,-56.428571428571416,pure,(eps_diluted - eps_diluted_prior_year) / eps_diluted_prior_year,important
INTC,2024,Q3,quarterly,diluted_share_count_change,YoY Diluted Share Count Change,derived,0.014897138803499743,pure,(weighted_avg_shares_diluted / weighted_avg_shares_diluted_prior_year) - 1,optional
INTC,2024,Q3,quarterly,deferred_revenue_total,Total Deferred Revenue,derived,0,USD,deferred_revenue_current + deferred_revenue_noncurrent,important
INTC,2024,Q3,quarterly,segment_revenue_mix_pct,Segment Revenue Mix %,derived,,pure,segment_revenue / revenue,important
INTC,2024,FY,annual,gross_profit_derived,Gross Profit (derived fallback),derived,17345000000,USD,revenue - cost_of_revenue,important
INTC,2024,FY,annual,gross_margin,Gross Margin %,derived,0.32664168283083184,pure,gross_profit / revenue,core
INTC,2024,FY,annual,operating_margin,Operating Margin %,derived,-0.2199205288036007,pure,operating_income / revenue,core
INTC,2024,FY,annual,net_margin,Net Margin %,derived,-0.35321368712453627,pure,net_income / revenue,core
INTC,2024,FY,annual,effective_tax_rate,Effective Tax Rate,derived,-0.715700267618198,pure,income_tax_expense / pretax_income,important
INTC,2024,FY,annual,rd_intensity,R&D Intensity (R&D / Revenue),derived,0.31159488521873413,pure,research_development_expense / revenue,core
INTC,2024,FY,annual,sbc_pct_revenue,Stock-Based Comp % of Revenue,derived,0.06421724637954088,pure,stock_based_compensation / revenue,important
INTC,2024,FY,annual,capex_intensity,Capex Intensity (Capex / Revenue),derived,0.45091429539933336,pure,capital_expenditures / revenue,important
INTC,2024,FY,annual,free_cash_flow,Free Cash Flow (FCF),derived,-15656000000,USD,net_cash_from_operating_activities - capital_expenditures,core
INTC,2024,FY,annual,fcf_margin,FCF Margin %,derived,-0.2948343722340446,pure,free_cash_flow / revenue,core
INTC,2024,FY,annual,net_working_capital,Net Working Capital,derived,11658000000,USD,total_current_assets - total_current_liabilities,important
INTC,2024,FY,annual,total_debt,Total Debt,derived,50011000000,USD,short_term_debt + long_term_debt,core
INTC,2024,FY,annual,net_debt,Net Debt (Net Cash),derived,40914000000,USD,total_debt - cash_and_cash_equivalents - short_term_investments,core
INTC,2024,FY,annual,tangible_book_value,Tangible Book Value,derived,70886000000,USD,total_stockholders_equity - goodwill - intangible_assets_net,optional
INTC,2024,FY,annual,book_value_per_share,Book Value Per Share,derived,,USD/shares,total_stockholders_equity / shares_outstanding,important
INTC,2024,FY,annual,inventory_days,Days Inventory Outstanding (DIO),derived,124.51812283253162,days,(inventory_net / cost_of_revenue) * 365,important
INTC,2024,FY,annual,days_sales_outstanding,Days Sales Outstanding (DSO),derived,23.906706088397584,days,(accounts_receivable_net / revenue) * 365,optional
INTC,2024,FY,annual,roe,Return on Equity,derived,-0.18893925657298277,pure,net_income / total_stockholders_equity,important
INTC,2024,FY,annual,roa,Return on Assets,derived,-0.09545766852431484,pure,net_income / total_assets,optional
INTC,2024,FY,annual,roic,Return on Invested Capital,derived,-0.14206667795426084,pure,(operating_income * (1 - effective_tax_rate)) / (total_debt + total_stockholders_equity - cash_and_cash_equivalents),core
INTC,2024,FY,annual,revenue_yoy_growth,Revenue YoY Growth %,derived,-0.020782621523935976,pure,(revenue - revenue_prior_year) / revenue_prior_year,core
INTC,2024,FY,annual,eps_yoy_growth,Diluted EPS YoY Growth %,derived,-11.95,pure,(eps_diluted - eps_diluted_prior_year) / eps_diluted_prior_year,important
INTC,2024,FY,annual,diluted_share_count_change,YoY Diluted Share Count Change,derived,0.01614434947768273,pure,(weighted_avg_shares_diluted / weighted_avg_shares_diluted_prior_year) - 1,optional
INTC,2024,FY,annual,deferred_revenue_total,Total Deferred Revenue,derived,0,USD,deferred_revenue_current + deferred_revenue_noncurrent,important
INTC,2024,FY,annual,segment_revenue_mix_pct,Segment Revenue Mix %,derived,,pure,segment_revenue / revenue,important
INTC,2025,Q1,quarterly,gross_profit_derived,Gross Profit (derived fallback),derived,4672000000,USD,revenue - cost_of_revenue,important
INTC,2025,Q1,quarterly,gross_margin,Gross Margin %,derived,0.36883239914739085,pure,gross_profit / revenue,core
INTC,2025,Q1,quarterly,operating_margin,Operating Margin %,derived,-0.023762532564932503,pure,operating_income / revenue,core
INTC,2025,Q1,quarterly,net_margin,Net Margin %,derived,-0.06481408383989895,pure,net_income / revenue,core
INTC,2025,Q1,quarterly,effective_tax_rate,Effective Tax Rate,derived,-0.5136518771331058,pure,income_tax_expense / pretax_income,important
INTC,2025,Q1,quarterly,rd_intensity,R&D Intensity (R&D / Revenue),derived,0.28736085892476515,pure,research_development_expense / revenue,core
INTC,2025,Q1,quarterly,sbc_pct_revenue,Stock-Based Comp % of Revenue,derived,0.05399857898476356,pure,stock_based_compensation / revenue,important
INTC,2025,Q1,quarterly,capex_intensity,Capex Intensity (Capex / Revenue),derived,0.40917344280413676,pure,capital_expenditures / revenue,important
INTC,2025,Q1,quarterly,free_cash_flow,Free Cash Flow (FCF),derived,-4370000000,USD,net_cash_from_operating_activities - capital_expenditures,core
INTC,2025,Q1,quarterly,fcf_margin,FCF Margin %,derived,-0.34499092129154496,pure,free_cash_flow / revenue,core
INTC,2025,Q1,quarterly,net_working_capital,Net Working Capital,derived,9960000000,USD,total_current_assets - total_current_liabilities,important
INTC,2025,Q1,quarterly,total_debt,Total Debt,derived,50151000000,USD,short_term_debt + long_term_debt,core
INTC,2025,Q1,quarterly,net_debt,Net Debt (Net Cash),derived,,USD,total_debt - cash_and_cash_equivalents - short_term_investments,core
INTC,2025,Q1,quarterly,tangible_book_value,Tangible Book Value,derived,71495000000,USD,total_stockholders_equity - goodwill - intangible_assets_net,optional
INTC,2025,Q1,quarterly,book_value_per_share,Book Value Per Share,derived,,USD/shares,total_stockholders_equity / shares_outstanding,important
INTC,2025,Q1,quarterly,inventory_days,Days Inventory Outstanding (DIO),derived,560.6710444027517,days,(inventory_net / cost_of_revenue) * 365,important
INTC,2025,Q1,quarterly,days_sales_outstanding,Days Sales Outstanding (DSO),derived,88.28925554590668,days,(accounts_receivable_net / revenue) * 365,optional
INTC,2025,Q1,quarterly,roe,Return on Equity,derived,-0.008230081398612615,pure,net_income / total_stockholders_equity,important
INTC,2025,Q1,quarterly,roa,Return on Assets,derived,-0.004270658857065574,pure,net_income / total_assets,optional
INTC,2025,Q1,quarterly,roic,Return on Invested Capital,derived,,pure,(operating_income * (1 - effective_tax_rate)) / (total_debt + total_stockholders_equity - cash_and_cash_equivalents),core
INTC,2025,Q1,quarterly,revenue_yoy_growth,Revenue YoY Growth %,derived,-0.004479723357434769,pure,(revenue - revenue_prior_year) / revenue_prior_year,core
INTC,2025,Q1,quarterly,eps_yoy_growth,Diluted EPS YoY Growth %,derived,1.1111111111111112,pure,(eps_diluted - eps_diluted_prior_year) / eps_diluted_prior_year,important
INTC,2025,Q1,quarterly,diluted_share_count_change,YoY Diluted Share Count Change,derived,0.023809523809523725,pure,(weighted_avg_shares_diluted / weighted_avg_shares_diluted_prior_year) - 1,optional
INTC,2025,Q1,quarterly,deferred_revenue_total,Total Deferred Revenue,derived,0,USD,deferred_revenue_current + deferred_revenue_noncurrent,important
INTC,2025,Q1,quarterly,segment_revenue_mix_pct,Segment Revenue Mix %,derived,,pure,segment_revenue / revenue,important
INTC,2025,Q2,quarterly,gross_profit_derived,Gross Profit (derived fallback),derived,3542000000,USD,revenue - cost_of_revenue,important
INTC,2025,Q2,quarterly,gross_margin,Gross Margin %,derived,0.2754491017964072,pure,gross_profit / revenue,core
INTC,2025,Q2,quarterly,operating_margin,Operating Margin %,derived,-0.246986546387744,pure,operating_income / revenue,core
INTC,2025,Q2,quarterly,net_margin,Net Margin %,derived,-0.22692277782098141,pure,net_income / revenue,core
INTC,2025,Q2,quarterly,effective_tax_rate,Effective Tax Rate,derived,-0.09209100758396534,pure,income_tax_expense / pretax_income,important
INTC,2025,Q2,quarterly,rd_intensity,R&D Intensity (R&D / Revenue),derived,0.28649195116260984,pure,research_development_expense / revenue,core
INTC,2025,Q2,quarterly,sbc_pct_revenue,Stock-Based Comp % of Revenue,derived,,pure,stock_based_compensation / revenue,important
INTC,2025,Q2,quarterly,capex_intensity,Capex Intensity (Capex / Revenue),derived,,pure,capital_expenditures / revenue,important
INTC,2025,Q2,quarterly,free_cash_flow,Free Cash Flow (FCF),derived,,USD,net_cash_from_operating_activities - capital_expenditures,core
INTC,2025,Q2,quarterly,fcf_margin,FCF Margin %,derived,,pure,free_cash_flow / revenue,core
INTC,2025,Q2,quarterly,net_working_capital,Net Working Capital,derived,8409000000,USD,total_current_assets - total_current_liabilities,important
INTC,2025,Q2,quarterly,total_debt,Total Debt,derived,50757000000,USD,short_term_debt + long_term_debt,core
INTC,2025,Q2,quarterly,net_debt,Net Debt (Net Cash),derived,40647000000,USD,total_debt - cash_and_cash_equivalents - short_term_investments,core
INTC,2025,Q2,quarterly,tangible_book_value,Tangible Book Value,derived,70914000000,USD,total_stockholders_equity - goodwill - intangible_assets_net,optional
INTC,2025,Q2,quarterly,book_value_per_share,Book Value Per Share,derived,,USD/shares,total_stockholders_equity / shares_outstanding,important
INTC,2025,Q2,quarterly,inventory_days,Days Inventory Outstanding (DIO),derived,445.70194268541377,days,(inventory_net / cost_of_revenue) * 365,important
INTC,2025,Q2,quarterly,days_sales_outstanding,Days Sales Outstanding (DSO),derived,66.98810171864065,days,(accounts_receivable_net / revenue) * 365,optional
INTC,2025,Q2,quarterly,roe,Return on Equity,derived,-0.029811101008346698,pure,net_income / total_stockholders_equity,important
INTC,2025,Q2,quarterly,roa,Return on Assets,derived,-0.015156866819031788,pure,net_income / total_assets,optional
INTC,2025,Q2,quarterly,roic,Return on Invested Capital,derived,-0.024953639575578425,pure,(operating_income * (1 - effective_tax_rate)) / (total_debt + total_stockholders_equity - cash_and_cash_equivalents),core
INTC,2025,Q2,quarterly,revenue_yoy_growth,Revenue YoY Growth %,derived,0.0020260266500428583,pure,(revenue - revenue_prior_year) / revenue_prior_year,core
INTC,2025,Q2,quarterly,eps_yoy_growth,Diluted EPS YoY Growth %,derived,0.7631578947368421,pure,(eps_diluted - eps_diluted_prior_year) / eps_diluted_prior_year,important
INTC,2025,Q2,quarterly,diluted_share_count_change,YoY Diluted Share Count Change,derived,0.0239043824701195,pure,(weighted_avg_shares_diluted / weighted_avg_shares_diluted_prior_year) - 1,optional
INTC,2025,Q2,quarterly,deferred_revenue_total,Total Deferred Revenue,derived,0,USD,deferred_revenue_current + deferred_revenue_noncurrent,important
INTC,2025,Q2,quarterly,segment_revenue_mix_pct,Segment Revenue Mix %,derived,,pure,segment_revenue / revenue,important
INTC,2025,Q3,quarterly,gross_profit_derived,Gross Profit (derived fallback),derived,5218000000,USD,revenue - cost_of_revenue,important
INTC,2025,Q3,quarterly,gross_margin,Gross Margin %,derived,0.3821870651138944,pure,gross_profit / revenue,core
INTC,2025,Q3,quarterly,operating_margin,Operating Margin %,derived,0.05002563539148905,pure,operating_income / revenue,core
INTC,2025,Q3,quarterly,net_margin,Net Margin %,derived,0.2975902732000293,pure,net_income / revenue,core
INTC,2025,Q3,quarterly,effective_tax_rate,Effective Tax Rate,derived,0.0664626147791867,pure,income_tax_expense / pretax_income,important
INTC,2025,Q3,quarterly,rd_intensity,R&D Intensity (R&D / Revenue),derived,0.23665128543177325,pure,research_development_expense / revenue,core
INTC,2025,Q3,quarterly,sbc_pct_revenue,Stock-Based Comp % of Revenue,derived,,pure,stock_based_compensation / revenue,important
INTC,2025,Q3,quarterly,capex_intensity,Capex Intensity (Capex / Revenue),derived,,pure,capital_expenditures / revenue,important
INTC,2025,Q3,quarterly,free_cash_flow,Free Cash Flow (FCF),derived,,USD,net_cash_from_operating_activities - capital_expenditures,core
INTC,2025,Q3,quarterly,fcf_margin,FCF Margin %,derived,,pure,free_cash_flow / revenue,core
INTC,2025,Q3,quarterly,net_working_capital,Net Working Capital,derived,19434000000,USD,total_current_assets - total_current_liabilities,important
INTC,2025,Q3,quarterly,total_debt,Total Debt,derived,46553000000,USD,short_term_debt + long_term_debt,core
INTC,2025,Q3,quarterly,net_debt,Net Debt (Net Cash),derived,34840000000,USD,total_debt - cash_and_cash_equivalents - short_term_investments,core
INTC,2025,Q3,quarterly,tangible_book_value,Tangible Book Value,derived,79587000000,USD,total_stockholders_equity - goodwill - intangible_assets_net,optional
INTC,2025,Q3,quarterly,book_value_per_share,Book Value Per Share,derived,,USD/shares,total_stockholders_equity / shares_outstanding,important
INTC,2025,Q3,quarterly,inventory_days,Days Inventory Outstanding (DIO),derived,497.1529342027267,days,(inventory_net / cost_of_revenue) * 365,important
INTC,2025,Q3,quarterly,days_sales_outstanding,Days Sales Outstanding (DSO),derived,85.60243169999268,days,(accounts_receivable_net / revenue) * 365,optional
INTC,2025,Q3,quarterly,roe,Return on Equity,derived,0.03819470557268557,pure,net_income / total_stockholders_equity,important
INTC,2025,Q3,quarterly,roa,Return on Assets,derived,0.019866610598785413,pure,net_income / total_assets,optional
INTC,2025,Q3,quarterly,roic,Return on Invested Capital,derived,0.004496897016008516,pure,(operating_income * (1 - effective_tax_rate)) / (total_debt + total_stockholders_equity - cash_and_cash_equivalents),core
INTC,2025,Q3,quarterly,revenue_yoy_growth,Revenue YoY Growth %,derived,0.027777777777777776,pure,(revenue - revenue_prior_year) / revenue_prior_year,core
INTC,2025,Q3,quarterly,eps_yoy_growth,Diluted EPS YoY Growth %,derived,-1.231958762886598,pure,(eps_diluted - eps_diluted_prior_year) / eps_diluted_prior_year,important
INTC,2025,Q3,quarterly,diluted_share_count_change,YoY Diluted Share Count Change,derived,0.05568499534016769,pure,(weighted_avg_shares_diluted / weighted_avg_shares_diluted_prior_year) - 1,optional
INTC,2025,Q3,quarterly,deferred_revenue_total,Total Deferred Revenue,derived,0,USD,deferred_revenue_current + deferred_revenue_noncurrent,important
INTC,2025,Q3,quarterly,segment_revenue_mix_pct,Segment Revenue Mix %,derived,,pure,segment_revenue / revenue,important
INTC,2025,FY,annual,gross_profit_derived,Gross Profit (derived fallback),derived,18375000000,USD,revenue - cost_of_revenue,important
INTC,2025,FY,annual,gross_margin,Gross Margin %,derived,0.34766238434904356,pure,gross_profit / revenue,core
INTC,2025,FY,annual,operating_margin,Operating Margin %,derived,-0.04188976973870925,pure,operating_income / revenue,core
INTC,2025,FY,annual,net_margin,Net Margin %,derived,-0.005051747299112633,pure,net_income / revenue,core
INTC,2025,FY,annual,effective_tax_rate,Effective Tax Rate,derived,0.98330122029544,pure,income_tax_expense / pretax_income,important
INTC,2025,FY,annual,rd_intensity,R&D Intensity (R&D / Revenue),derived,0.26060961534823,pure,research_development_expense / revenue,core
INTC,2025,FY,annual,sbc_pct_revenue,Stock-Based Comp % of Revenue,derived,0.0460522581499631,pure,stock_based_compensation / revenue,important
INTC,2025,FY,annual,capex_intensity,Capex Intensity (Capex / Revenue),derived,0.2771082057782907,pure,capital_expenditures / revenue,important
INTC,2025,FY,annual,free_cash_flow,Free Cash Flow (FCF),derived,-4949000000,USD,net_cash_from_operating_activities - capital_expenditures,core
INTC,2025,FY,annual,fcf_margin,FCF Margin %,derived,-0.0936370688513424,pure,free_cash_flow / revenue,core
INTC,2025,FY,annual,net_working_capital,Net Working Capital,derived,32113000000,USD,total_current_assets - total_current_liabilities,important
INTC,2025,FY,annual,total_debt,Total Debt,derived,46585000000,USD,short_term_debt + long_term_debt,core
INTC,2025,FY,annual,net_debt,Net Debt (Net Cash),derived,31836000000,USD,total_debt - cash_and_cash_equivalents - short_term_investments,core
INTC,2025,FY,annual,tangible_book_value,Tangible Book Value,derived,87597000000,USD,total_stockholders_equity - goodwill - intangible_assets_net,optional
INTC,2025,FY,annual,book_value_per_share,Book Value Per Share,derived,,USD/shares,total_stockholders_equity / shares_outstanding,important
INTC,2025,FY,annual,inventory_days,Days Inventory Outstanding (DIO),derived,122.99350310342828,days,(inventory_net / cost_of_revenue) * 365,important
INTC,2025,FY,annual,days_sales_outstanding,Days Sales Outstanding (DSO),derived,26.511929313378616,days,(accounts_receivable_net / revenue) * 365,optional
INTC,2025,FY,annual,roe,Return on Equity,derived,-0.002336346374287939,pure,net_income / total_stockholders_equity,important
INTC,2025,FY,annual,roa,Return on Assets,derived,-0.0012628352780365986,pure,net_income / total_assets,optional
INTC,2025,FY,annual,roic,Return on Invested Capital,derived,-0.00025218858170064244,pure,(operating_income * (1 - effective_tax_rate)) / (total_debt + total_stockholders_equity - cash_and_cash_equivalents),core
INTC,2025,FY,annual,revenue_yoy_growth,Revenue YoY Growth %,derived,-0.004670345191239336,pure,(revenue - revenue_prior_year) / revenue_prior_year,core
INTC,2025,FY,annual,eps_yoy_growth,Diluted EPS YoY Growth %,derived,-0.9863013698630138,pure,(eps_diluted - eps_diluted_prior_year) / eps_diluted_prior_year,important
INTC,2025,FY,annual,diluted_share_count_change,YoY Diluted Share Count Change,derived,0.05841121495327095,pure,(weighted_avg_shares_diluted / weighted_avg_shares_diluted_prior_year) - 1,optional
INTC,2025,FY,annual,deferred_revenue_total,Total Deferred Revenue,derived,0,USD,deferred_revenue_current + deferred_revenue_noncurrent,important
INTC,2025,FY,annual,segment_revenue_mix_pct,Segment Revenue Mix %,derived,,pure,segment_revenue / revenue,important
INTC,2026,Q1,quarterly,gross_profit_derived,Gross Profit (derived fallback),derived,5347000000,USD,revenue - cost_of_revenue,important
INTC,2026,Q1,quarterly,gross_margin,Gross Margin %,derived,0.39382779700964865,pure,gross_profit / revenue,core
INTC,2026,Q1,quarterly,operating_margin,Operating Margin %,derived,-0.23097886130956766,pure,operating_income / revenue,core
INTC,2026,Q1,quarterly,net_margin,Net Margin %,derived,-0.2745820136996391,pure,net_income / revenue,core
INTC,2026,Q1,quarterly,effective_tax_rate,Effective Tax Rate,derived,-0.08489609731373543,pure,income_tax_expense / pretax_income,important
INTC,2026,Q1,quarterly,rd_intensity,R&D Intensity (R&D / Revenue),derived,0.24858216100758637,pure,research_development_expense / revenue,core
INTC,2026,Q1,quarterly,sbc_pct_revenue,Stock-Based Comp % of Revenue,derived,0.04573911762539589,pure,stock_based_compensation / revenue,important
INTC,2026,Q1,quarterly,capex_intensity,Capex Intensity (Capex / Revenue),derived,0.2678058481255064,pure,capital_expenditures / revenue,important
INTC,2026,Q1,quarterly,free_cash_flow,Free Cash Flow (FCF),derived,-2540000000,USD,net_cash_from_operating_activities - capital_expenditures,core
INTC,2026,Q1,quarterly,fcf_margin,FCF Margin %,derived,-0.1870810930249687,pure,free_cash_flow / revenue,core
INTC,2026,Q1,quarterly,net_working_capital,Net Working Capital,derived,35272000000,USD,total_current_assets - total_current_liabilities,important
INTC,2026,Q1,quarterly,total_debt,Total Debt,derived,45031000000,USD,short_term_debt + long_term_debt,core
INTC,2026,Q1,quarterly,net_debt,Net Debt (Net Cash),derived,27467000000,USD,total_debt - cash_and_cash_equivalents - short_term_investments,core
INTC,2026,Q1,quarterly,tangible_book_value,Tangible Book Value,derived,88207000000,USD,total_stockholders_equity - goodwill - intangible_assets_net,optional
INTC,2026,Q1,quarterly,book_value_per_share,Book Value Per Share,derived,,USD/shares,total_stockholders_equity / shares_outstanding,important
INTC,2026,Q1,quarterly,inventory_days,Days Inventory Outstanding (DIO),derived,551.0923450789793,days,(inventory_net / cost_of_revenue) * 365,important
INTC,2026,Q1,quarterly,days_sales_outstanding,Days Sales Outstanding (DSO),derived,109.30912572733298,days,(accounts_receivable_net / revenue) * 365,optional
INTC,2026,Q1,quarterly,roe,Return on Equity,derived,-0.0334667935436379,pure,net_income / total_stockholders_equity,important
INTC,2026,Q1,quarterly,roa,Return on Assets,derived,-0.018155962051701634,pure,net_income / total_assets,optional
INTC,2026,Q1,quarterly,roic,Return on Invested Capital,derived,-0.024445200830417697,pure,(operating_income * (1 - effective_tax_rate)) / (total_debt + total_stockholders_equity - cash_and_cash_equivalents),core
INTC,2026,Q1,quarterly,revenue_yoy_growth,Revenue YoY Growth %,derived,0.07184021473119129,pure,(revenue - revenue_prior_year) / revenue_prior_year,core
INTC,2026,Q1,quarterly,eps_yoy_growth,Diluted EPS YoY Growth %,derived,2.8421052631578947,pure,(eps_diluted - eps_diluted_prior_year) / eps_diluted_prior_year,important
INTC,2026,Q1,quarterly,diluted_share_count_change,YoY Diluted Share Count Change,derived,0.17038913193644944,pure,(weighted_avg_shares_diluted / weighted_avg_shares_diluted_prior_year) - 1,optional
INTC,2026,Q1,quarterly,deferred_revenue_total,Total Deferred Revenue,derived,0,USD,deferred_revenue_current + deferred_revenue_noncurrent,important
INTC,2026,Q1,quarterly,segment_revenue_mix_pct,Segment Revenue Mix %,derived,,pure,segment_revenue / revenue,important
INTC,2026,Q2,quarterly,gross_profit_derived,Gross Profit (derived fallback),derived,6509000000,USD,revenue - cost_of_revenue,important
INTC,2026,Q2,quarterly,gross_margin,Gross Margin %,derived,0.40358382936507936,pure,gross_profit / revenue,core
INTC,2026,Q2,quarterly,operating_margin,Operating Margin %,derived,0.11135912698412699,pure,operating_income / revenue,core
INTC,2026,Q2,quarterly,net_margin,Net Margin %,derived,-0.6840897817460317,pure,net_income / revenue,core
INTC,2026,Q2,quarterly,effective_tax_rate,Effective Tax Rate,derived,-0.0026804695443201775,pure,income_tax_expense / pretax_income,important
INTC,2026,Q2,quarterly,rd_intensity,R&D Intensity (R&D / Revenue),derived,0.2088293650793651,pure,research_development_expense / revenue,core
INTC,2026,Q2,quarterly,sbc_pct_revenue,Stock-Based Comp % of Revenue,derived,,pure,stock_based_compensation / revenue,important
INTC,2026,Q2,quarterly,capex_intensity,Capex Intensity (Capex / Revenue),derived,,pure,capital_expenditures / revenue,important
INTC,2026,Q2,quarterly,free_cash_flow,Free Cash Flow (FCF),derived,,USD,net_cash_from_operating_activities - capital_expenditures,core
INTC,2026,Q2,quarterly,fcf_margin,FCF Margin %,derived,,pure,free_cash_flow / revenue,core
INTC,2026,Q2,quarterly,net_working_capital,Net Working Capital,derived,21543000000,USD,total_current_assets - total_current_liabilities,important
INTC,2026,Q2,quarterly,total_debt,Total Debt,derived,50537000000,USD,short_term_debt + long_term_debt,core
INTC,2026,Q2,quarterly,net_debt,Net Debt (Net Cash),derived,37413000000,USD,total_debt - cash_and_cash_equivalents - short_term_investments,core
INTC,2026,Q2,quarterly,tangible_book_value,Tangible Book Value,derived,64532000000,USD,total_stockholders_equity - goodwill - intangible_assets_net,optional
INTC,2026,Q2,quarterly,book_value_per_share,Book Value Per Share,derived,,USD/shares,total_stockholders_equity / shares_outstanding,important
INTC,2026,Q2,quarterly,inventory_days,Days Inventory Outstanding (DIO),derived,474.0180891984614,days,(inventory_net / cost_of_revenue) * 365,important
INTC,2026,Q2,quarterly,days_sales_outstanding,Days Sales Outstanding (DSO),derived,91.2726314484127,days,(accounts_receivable_net / revenue) * 365,optional
INTC,2026,Q2,quarterly,roe,Return on Equity,derived,-0.12603093372324142,pure,net_income / total_stockholders_equity,important
INTC,2026,Q2,quarterly,roa,Return on Assets,derived,-0.05450036801209253,pure,net_income / total_assets,optional
INTC,2026,Q2,quarterly,roic,Return on Invested Capital,derived,0.014382924989430126,pure,(operating_income * (1 - effective_tax_rate)) / (total_debt + total_stockholders_equity - cash_and_cash_equivalents),core
INTC,2026,Q2,quarterly,revenue_yoy_growth,Revenue YoY Growth %,derived,0.2542188350571584,pure,(revenue - revenue_prior_year) / revenue_prior_year,core
INTC,2026,Q2,quarterly,eps_yoy_growth,Diluted EPS YoY Growth %,derived,2.2238805970149254,pure,(eps_diluted - eps_diluted_prior_year) / eps_diluted_prior_year,important
INTC,2026,Q2,quarterly,diluted_share_count_change,YoY Diluted Share Count Change,derived,0.16823071641107812,pure,(weighted_avg_shares_diluted / weighted_avg_shares_diluted_prior_year) - 1,optional
INTC,2026,Q2,quarterly,deferred_revenue_total,Total Deferred Revenue,derived,0,USD,deferred_revenue_current + deferred_revenue_noncurrent,important
INTC,2026,Q2,quarterly,segment_revenue_mix_pct,Segment Revenue Mix %,derived,,pure,segment_revenue / revenue,important
