ticker,fiscal_year,fiscal_period,revenue,cost_of_revenue,gross_profit,research_development_expense,sga_expense,sales_marketing_expense,general_administrative_expense,total_operating_expenses,stock_based_compensation,operating_income,interest_expense,interest_investment_income,other_nonoperating_income_expense,pretax_income,income_tax_expense,net_income,net_income_available_common,eps_basic,eps_diluted,dividends_per_share,weighted_avg_shares_basic,weighted_avg_shares_diluted,shares_outstanding,remaining_performance_obligation,cash_and_cash_equivalents,short_term_investments,long_term_investments,accounts_receivable_net,inventory_net,total_current_assets,property_plant_equipment_net,goodwill,intangible_assets_net,total_assets,accounts_payable,total_current_liabilities,short_term_debt,commercial_paper,long_term_debt,deferred_revenue_current,deferred_revenue_noncurrent,total_liabilities,total_stockholders_equity,net_cash_from_operating_activities,capital_expenditures,net_cash_from_investing_activities,net_cash_from_financing_activities,share_repurchases,depreciation_and_amortization,dividends_paid,acquisitions_net_of_cash,debt_issued,debt_repaid,gross_profit_derived,gross_margin,operating_margin,net_margin,effective_tax_rate,rd_intensity,sbc_pct_revenue,capex_intensity,free_cash_flow,fcf_margin,net_working_capital,total_debt,net_debt,tangible_book_value,book_value_per_share,inventory_days,days_sales_outstanding,roe,roa,roic,revenue_yoy_growth,eps_yoy_growth,diluted_share_count_change,deferred_revenue_total,segment_revenue_mix_pct
NVDA,2024,Q1,7192000000,2544000000,4648000000,1875000000,633000000,,,2508000000,735000000,2140000000,66000000,150000000,69000000,2209000000,166000000,2043000000,,0.83,0.82,0.04,2470000000,2490000000,,639000000,5079000000,10241000000,,4080000000,4611000000,24883000000,3740000000,4430000000,1541000000,44460000000,1141000000,7260000000,1250000000,0,9704000000,367000000,230000000,19940000000,24520000000,2911000000,248000000,-841000000,-380000000,0,384000000,99000000,83000000,,,4648000000,0.646273637374861,0.2975528364849833,0.2840656284760845,0.07514712539610684,0.260706340378198,0.10219688542825361,0.034482758620689655,2663000000,0.37027252502780866,17623000000,10954000000,-4366000000,18549000000,,661.5625,207.06340378197999,0.08331973898858075,0.04595141700404858,0.06511548450904199,,,,597000000,
NVDA,2024,Q2,13507000000,4045000000,9462000000,2040000000,622000000,,,2662000000,842000000,6800000000,65000000,187000000,181000000,6981000000,793000000,6188000000,,2.5,2.48,0.04,2473000000,2499000000,,717000000,5783000000,10240000000,,7066000000,4319000000,28797000000,3799000000,4430000000,1395000000,49555000000,1929000000,10334000000,1249000000,,8456000000,421000000,308000000,22054000000,27501000000,,,,,,,99000000,,,,9462000000,0.7005256533649219,0.5034426593618124,0.45813282001924927,0.11359404096834265,0.15103279780854373,0.062338046938624415,,,,18463000000,9705000000,-6318000000,21676000000,,389.72435105067984,190.94469534315542,0.22500999963637686,0.1248713550600343,0.1918200210487627,,,,729000000,
NVDA,2024,Q3,18120000000,4720000000,13400000000,2294000000,689000000,,,2983000000,979000000,10417000000,63000000,234000000,105000000,10522000000,1279000000,9243000000,,3.75,3.71,0.04,2468000000,2494000000,,896000000,5519000000,12762000000,,8309000000,4779000000,32658000000,3844000000,4430000000,1251000000,54148000000,2380000000,9101000000,1249000000,,8457000000,513000000,425000000,20883000000,33265000000,,,,,,,99000000,,,,13400000000,0.739514348785872,0.5748896247240618,0.5100993377483444,0.12155483748336818,0.12660044150110375,0.05402869757174393,,,,23557000000,9706000000,-8575000000,27584000000,,369.5625,167.37224061810156,0.2778596122050203,0.17069882544138287,0.2443330999128419,,,,938000000,
NVDA,2025,Q1,26044000000,5638000000,20406000000,2720000000,777000000,,,3497000000,1011000000,16909000000,64000000,359000000,370000000,17279000000,2398000000,14881000000,,6.04,5.98,0.04,2462000000,2489000000,,1300000000,7587000000,23851000000,,12365000000,5864000000,53729000000,4006000000,4453000000,986000000,77072000000,2715000000,15223000000,1250000000,,8460000000,845000000,704000000,27930000000,49142000000,15345000000,369000000,-5693000000,-9345000000,7740000000,410000000,98000000,39000000,,,20406000000,0.7835201965903855,0.6492474274305022,0.5713792044232837,0.1387811794664043,0.10443864229765012,0.038818921824604516,0.014168330517585623,14976000000,0.5750268775917677,38506000000,9710000000,-21728000000,43703000000,,379.6310748492373,173.2923130087544,0.3028163281917708,0.19307919867137222,0.28406025624505155,2.621245828698554,6.2926829268292686,-0.00040160642570286065,1549000000,
NVDA,2025,Q2,30040000000,7466000000,22574000000,3090000000,842000000,,,3932000000,1154000000,18642000000,61000000,444000000,572000000,19214000000,2615000000,16599000000,,0.68,0.67,0.01,24578000000,24848000000,,1300000000,8563000000,26237000000,,14132000000,6675000000,59633000000,4885000000,4622000000,952000000,85227000000,3680000000,13969000000,0,,8461000000,948000000,773000000,27070000000,58157000000,,,,,,,246000000,,,,22574000000,0.7514647137150466,0.620572569906791,0.5525632490013316,0.1360986780472572,0.10286284953395473,0.03841544607190413,,,,45664000000,8461000000,-26339000000,52583000000,,326.32935976426467,171.7103861517976,0.2854170607149612,0.19476222323911435,0.2774067426378956,1.2240319834160065,-0.7298387096774194,8.943177270908363,1721000000,
NVDA,2025,Q3,35082000000,8926000000,26156000000,3390000000,897000000,,,4287000000,1252000000,21869000000,61000000,472000000,447000000,22316000000,3007000000,19309000000,,0.79,0.78,0.01,24533000000,24774000000,,1600000000,9107000000,29380000000,,17693000000,7654000000,67640000000,5343000000,4724000000,838000000,96013000000,5353000000,16479000000,0,,8462000000,752000000,833000000,30114000000,65899000000,,,,,,,245000000,,,,26156000000,0.7455675275069836,0.6233681090017673,0.550396214582977,0.13474637031726117,0.09663075081238241,0.03568781711418961,,,,51161000000,8462000000,-30025000000,60337000000,,312.9856598700426,184.08143777435723,0.2930089986190989,0.2011081832668493,0.2899781105760845,0.936092715231788,-0.7897574123989217,8.933440256615878,1585000000,
NVDA,2026,Q1,44062000000,17394000000,26668000000,3989000000,1041000000,,,5030000000,1474000000,21638000000,63000000,515000000,272000000,21910000000,3135000000,18775000000,,0.77,0.76,0.01,24441000000,24611000000,,1800000000,15234000000,38457000000,,22132000000,11333000000,89935000000,7136000000,5498000000,769000000,125254000000,7331000000,26542000000,,,8464000000,1074000000,1004000000,41411000000,83843000000,27414000000,1227000000,-5216000000,-15553000000,14095000000,611000000,244000000,383000000,,,26668000000,0.6052380736235304,0.49108074985248057,0.4261041260042667,0.1430853491556367,0.09053152376197177,0.033452861876446825,0.02784712450637738,26187000000,0.5943216376923426,63393000000,8464000000,-45227000000,77576000000,,237.8144762561803,183.33666197630612,0.2239304414202736,0.14989541252175578,0.24057606703995346,0.6918292121025956,-0.8729096989966556,8.887906789875451,2078000000,
NVDA,2026,Q2,46743000000,12890000000,33853000000,4291000000,1122000000,,,5413000000,1624000000,28440000000,62000000,592000000,2766000000,31206000000,4784000000,26422000000,,1.08,1.08,0.01,24366000000,24532000000,,1900000000,11639000000,45152000000,,27808000000,14962000000,102219000000,9141000000,5755000000,755000000,140740000000,9064000000,24257000000,,,8466000000,980000000,1055000000,40609000000,100131000000,,,,,,,244000000,,,,33853000000,0.724236784117408,0.6084333483088377,0.5652611086151937,0.1533038518233673,0.0917998416875254,0.03474317010033588,,,,77962000000,8466000000,-48325000000,93621000000,,423.6718386346005,217.14310164088738,0.2638743246347285,0.1877362512434276,0.24835535442298143,0.5560252996005326,0.6119402985074627,-0.012717321313586605,2035000000,
NVDA,2026,Q3,57006000000,15157000000,41849000000,4705000000,1134000000,,,5839000000,1655000000,36010000000,61000000,624000000,1926000000,37936000000,6026000000,31910000000,,1.31,1.3,0.01,24327000000,24483000000,,2500000000,11486000000,49122000000,,33391000000,19784000000,116492000000,9780000000,6261000000,936000000,161148000000,8624000000,26075000000,999000000,,7468000000,1248000000,1165000000,42251000000,118897000000,,,,,,,,,,,41849000000,0.7341157071185489,0.6316878925025436,0.5597656387046978,0.1588464782792071,0.08253517173630846,0.029032031715959722,,,,90417000000,8467000000,-52141000000,111700000000,,476.4240944777991,213.79705645019823,0.2683835588786933,0.19801672996251893,0.26139507341484797,0.624935864545921,0.6666666666666666,-0.011746185517074403,2413000000,
NVDA,2027,Q1,81615000000,20458000000,61157000000,6321000000,1300000000,,,7621000000,1928000000,53536000000,102000000,540000000,16367000000,69903000000,11582000000,58321000000,,2.4,2.39,0.01,24286000000,24391000000,,2600000000,13237000000,,,40710000000,25797000000,150995000000,12403000000,20894000000,3120000000,259474000000,13097000000,43884000000,1000000000,,7470000000,1714000000,1403000000,64000000000,195474000000,50344000000,1757000000,-26429000000,-21283000000,19312000000,997000000,243000000,87000000,,,61157000000,0.749335293757275,0.6559578508852539,0.7145867793910433,0.16568673733602277,0.0774489983458923,0.02362310849721252,0.021527905409544815,48587000000,0.5953194878392453,107111000000,8470000000,-4767000000,171460000000,,460.25540131000093,182.0639588310972,0.2983568147170468,0.22476625789096402,0.23421161693057246,0.8522763378875221,2.1447368421052633,-0.008939092275811578,3117000000,
MU,2023,Q1,4085000000,3192000000,893000000,849000000,251000000,,,,146000000,-209000000,51000000,88000000,-4000000,-176000000,8000000,-195000000,,-0.18,-0.18,0.115,1090000000,1090000000,,,9574000000,,,2875000000,8359000000,22921000000,,1228000000,428000000,67874000000,1789000000,6525000000,171000000,,9351000000,,,18568000000,49306000000,943000000,2449000000,-2266000000,2632000000,425000000,1921000000,126000000,,3349000000,,893000000,0.2186046511627907,-0.05116279069767442,-0.04773561811505508,-0.045454545454545456,0.20783353733170135,0.035740514075887395,0.5995104039167687,-1506000000,-0.36866585067319463,16396000000,9522000000,-52000000,47650000000,,955.8380325814537,256.88494492044066,-0.003954893927716708,-0.0028729705041694907,-0.004436187923823446,,,,0,
MU,2023,Q2,3693000000,4899000000,-1206000000,788000000,231000000,,,,133000000,-2303000000,89000000,119000000,2000000,-2271000000,54000000,-2312000000,,-2.12,-2.12,0.115,1091000000,1091000000,,,9798000000,,,1891000000,8129000000,21898000000,,1228000000,410000000,66520000000,1689000000,5255000000,237000000,,11203000000,,,19263000000,47257000000,,,,,,,126000000,,,,-1206000000,-0.32656376929325753,-0.6236122393717844,-0.6260492824262117,-0.023778071334214,0.21337665854318982,0.03601408069320336,,,,16643000000,11440000000,1642000000,45619000000,,605.6511532965911,186.89818575683725,-0.04892396893581903,-0.03475646422128683,-0.04821695532184083,,,,0,
MU,2023,Q3,3752000000,4420000000,-668000000,758000000,219000000,,,,148000000,-1761000000,119000000,127000000,0,-1753000000,139000000,-1896000000,,-1.73,-1.73,0.115,1094000000,1094000000,,,9298000000,,,2042000000,8238000000,21734000000,,1252000000,410000000,65680000000,1640000000,5104000000,259000000,,12074000000,,,20275000000,45405000000,,,,,,,126000000,,,,-668000000,-0.17803837953091683,-0.4693496801705757,-0.5053304904051172,-0.07929264118653737,0.20202558635394458,0.039445628997867806,,,,16630000000,12333000000,3035000000,43743000000,,680.2873303167421,198.64872068230275,-0.0417575156921044,-0.02886723507917174,-0.03923687739738836,,,,0,
MU,2024,Q1,4726000000,4761000000,-35000000,845000000,263000000,,,,188000000,-1128000000,132000000,132000000,-27000000,-1155000000,73000000,-1234000000,,-1.12,-1.12,0.115,1100000000,1100000000,,,8075000000,,,2478000000,8276000000,21058000000,,1150000000,416000000,63776000000,1721000000,5962000000,908000000,,12024000000,600000000,,20891000000,42885000000,1401000000,1796000000,-1558000000,-352000000,0,1915000000,129000000,,0,,-35000000,-0.007405840033855269,-0.23867964451967838,-0.26110876005078293,-0.0632034632034632,0.17879813796022007,0.03977994075327973,0.3800253914515446,-395000000,-0.08358019466779518,15096000000,12932000000,4857000000,41319000000,,634.4759504305817,191.38171815488784,-0.028774629823947767,-0.019348971399899648,-0.025120303013981538,0.1569155446756426,5.222222222222223,0.00917431192660545,600000000,
MU,2024,Q2,5824000000,4745000000,1079000000,832000000,280000000,,,,209000000,191000000,144000000,130000000,-7000000,170000000,-622000000,793000000,,0.72,0.71,0.115,1104000000,1114000000,,,8016000000,,,3648000000,8443000000,23435000000,,1150000000,414000000,65718000000,1913000000,6259000000,344000000,,12018000000,600000000,,21848000000,43870000000,,,,,,,127000000,,,,1079000000,0.18526785714285715,0.03279532967032967,0.13616071428571427,-3.6588235294117646,0.14285714285714285,0.03588598901098901,,,,17176000000,12362000000,4346000000,42306000000,,649.4615384615385,228.62637362637363,0.018076134032368362,0.012066709272954137,0.01845518695282991,0.5770376387760628,-1.3349056603773584,0.02108157653528875,600000000,
MU,2024,Q3,6811000000,4979000000,1832000000,850000000,291000000,,,,217000000,719000000,150000000,136000000,10000000,715000000,377000000,332000000,,0.3,0.3,0.115,1107000000,1123000000,,,7594000000,,,4416000000,8512000000,23319000000,,1150000000,413000000,66255000000,1951000000,6840000000,398000000,,11332000000,615000000,,22030000000,44225000000,,,,,,,128000000,,,,1832000000,0.2689766554103656,0.10556452796946117,0.04874467772720599,0.5272727272727272,0.12479812068712377,0.03186022610483042,,,,16479000000,11730000000,4136000000,42662000000,,623.9967865033138,236.65247393921598,0.007507066139061617,0.005010942570372047,0.007028202665182877,0.8152985074626866,-1.1734104046242773,0.026508226691042136,615000000,
MU,2025,Q1,8709000000,5361000000,3348000000,888000000,288000000,,,,220000000,2174000000,118000000,107000000,-11000000,2152000000,283000000,1870000000,,1.68,1.67,0.115,1111000000,1122000000,,,6693000000,,,6250000000,8705000000,24493000000,,1150000000,419000000,71461000000,2520000000,9015000000,533000000,,11306000000,473000000,,24664000000,46797000000,3244000000,3206000000,-3148000000,-422000000,0,2030000000,131000000,,,,3348000000,0.3844299001033414,0.2496268228269606,0.21472040417958435,0.13150557620817843,0.10196348604891492,0.02526122402112757,0.368124928235159,38000000,0.004363302330922035,15478000000,11839000000,5146000000,45228000000,,592.6739414288379,261.9416695372603,0.039959826484603715,0.026168119673668156,0.03634959238633541,0.8427845958527296,-2.4910714285714284,0.020000000000000018,473000000,
MU,2025,Q2,8053000000,5090000000,2963000000,898000000,285000000,,,,233000000,1773000000,112000000,108000000,-11000000,1758000000,177000000,1583000000,,1.42,1.41,0.115,1115000000,1123000000,,,7552000000,,,5092000000,9007000000,24689000000,,1150000000,423000000,73053000000,2383000000,7877000000,504000000,,11541000000,413000000,,24420000000,48633000000,,,,,,2079000000,,,,,2963000000,0.36793741462808893,0.22016639761579535,0.19657270582391656,0.10068259385665529,0.11151123804793245,0.028933316776356636,,,,16812000000,12045000000,4493000000,47060000000,,645.885068762279,230.79349310815843,0.03254991466699566,0.021669199074644437,0.03001335995731186,0.3827266483516483,0.9859154929577465,0.008078994614003632,413000000,
MU,2025,Q3,9301000000,5793000000,3508000000,965000000,318000000,,,,263000000,2169000000,123000000,135000000,-68000000,2113000000,235000000,1885000000,,1.69,1.68,0.115,1118000000,1125000000,,,10163000000,,,5492000000,8727000000,27919000000,,1150000000,426000000,78397000000,2757000000,10135000000,538000000,,12434000000,3000000,,27649000000,50748000000,,,,,,,,,,,3508000000,0.3771637458337813,0.23320073110418235,0.2026663799591442,0.11121628017037388,0.10375228470056982,0.028276529405440277,,,,17784000000,12972000000,2809000000,49172000000,,549.8627654065251,215.5230620363402,0.037144320958461416,0.024044287408956977,0.03599476983980542,0.3655850829540449,4.6,0.0017809439002671734,3000000,
MU,2026,Q1,13643000000,5997000000,7646000000,1171000000,337000000,,,,290000000,6136000000,74000000,139000000,-140000000,6061000000,829000000,5240000000,,4.66,4.6,0.115,1125000000,1138000000,,,9731000000,,,8009000000,8205000000,29665000000,,1150000000,465000000,85971000000,3227000000,12060000000,569000000,,8844000000,,,27165000000,58806000000,8411000000,5389000000,-4594000000,-3745000000,300000000,2212000000,134000000,,,2822000000,7646000000,0.5604339221578831,0.4497544528329546,0.3840797478560434,0.13677610955287905,0.08583156197317306,0.021256321923330646,0.39500109946492706,3022000000,0.22150553397346626,17605000000,9413000000,-318000000,57191000000,,499.38719359679845,214.2699552884263,0.0891065537530184,0.06095078573007177,0.09056117138188234,0.566540360546561,1.7544910179640718,0.01426024955436711,0,
MU,2026,Q2,23860000000,6105000000,17755000000,1250000000,344000000,,,,297000000,16135000000,32000000,155000000,-98000000,16160000000,2371000000,13785000000,,12.25,12.07,0.115,1126000000,1142000000,,,13908000000,,,15389000000,8267000000,41413000000,,1150000000,468000000,101509000000,3387000000,14296000000,585000000,,9557000000,,,29050000000,72459000000,,,,,,2286000000,,,,,17755000000,0.7441324392288349,0.6762363788767812,0.577745180217938,0.14672029702970296,0.052388935456831515,0.012447611064543168,,,,27117000000,10142000000,-3766000000,70841000000,,494.25962325962325,235.41429170159262,0.1902455181550946,0.13580076643450334,0.20042315821736917,1.962870979759096,7.560283687943263,0.016918967052537814,0,
SNDK,2024,Q1,,,,,,,,,,,,,,,,-518000000,,,,,,,,,,,,,,,,,,,,,,,,,,,10925000000,,,,,,,,,,,,,,,,,,,,,,,,10925000000,,,,-0.04741418764302059,,,,,,0,
SNDK,2024,Q2,1665000000,1504000000,161000000,246000000,113000000,,,406000000,37000000,-245000000,11000000,3000000,-15000000,-260000000,41000000,-301000000,,,,,,,,,,,,,,,,,,,,,,,,,,,10896000000,,,,,,,,,,,161000000,0.0966966966966967,-0.14714714714714713,-0.18078078078078078,-0.1576923076923077,0.14774774774774774,0.022222222222222223,,,,,,,10896000000,,,,-0.02762481644640235,,,,,,0,
SNDK,2024,Q3,1705000000,1242000000,463000000,277000000,107000000,,,398000000,38000000,65000000,9000000,3000000,-11000000,54000000,27000000,27000000,,0.19,0.19,,145000000,145000000,,,,,,,,,,,,,,,,,,,,,10939000000,,,,,,,,,,,463000000,0.2715542521994135,0.03812316715542522,0.015835777126099706,0.5,0.1624633431085044,0.022287390029325515,,,,,,,10939000000,,,,0.002468232928055581,,,,,,0,
SNDK,2025,Q1,1883000000,1157000000,726000000,283000000,130000000,,,435000000,41000000,291000000,2000000,3000000,-24000000,267000000,56000000,211000000,,1.46,1.46,,145000000,145000000,,,,,,,,,,,,,,,,,,,,,12126000000,-131000000,67000000,-19000000,214000000,,54000000,,,,0,726000000,0.385554965480616,0.15454062665958576,0.11205523101433883,0.20973782771535582,0.15029208709506106,0.02177376526818906,0.03558151885289432,-198000000,-0.1051513542219862,,,,12126000000,,,,0.01740062675243279,,,,,,0,
SNDK,2025,Q2,1876000000,1270000000,606000000,279000000,142000000,,,411000000,48000000,195000000,4000000,2000000,-22000000,173000000,69000000,104000000,,0.72,0.72,,145000000,145000000,,,804000000,,,904000000,2172000000,4456000000,579000000,6825000000,,14234000000,,1873000000,,,,,,2233000000,12001000000,,,,,,,,,,,606000000,0.3230277185501066,0.10394456289978678,0.05543710021321962,0.3988439306358382,0.14872068230277186,0.0255863539445629,,,,2583000000,,,5176000000,,624.2362204724409,175.88486140724947,0.008665944504624615,0.007306449346634818,,0.12672672672672672,,,0,
SNDK,2025,Q3,1695000000,1313000000,382000000,285000000,139000000,,,2263000000,44000000,-1881000000,16000000,6000000,-20000000,-1901000000,32000000,-1933000000,,-13.33,-13.33,,145000000,145000000,,,1507000000,,,979000000,2160000000,5090000000,603000000,4997000000,,12960000000,,1375000000,20000000,,1927000000,,,3799000000,9161000000,,,,,,,,,,,382000000,0.22536873156342183,-1.1097345132743364,-1.1404129793510325,-0.016833245660178853,0.168141592920354,0.025958702064896755,,,,3715000000,1947000000,440000000,4164000000,,600.4569687738004,210.81710914454274,-0.21100316559327584,-0.14915123456790125,-0.1992150125077384,-0.005865102639296188,-71.1578947368421,0.0,0,
SNDK,2026,Q1,2308000000,1621000000,687000000,316000000,179000000,,,511000000,53000000,176000000,40000000,16000000,-52000000,124000000,12000000,112000000,,0.77,0.75,,146000000,149000000,,,1442000000,,,1193000000,1907000000,4984000000,630000000,4998000000,,12749000000,,1516000000,20000000,,1331000000,,,3368000000,9381000000,488000000,50000000,-15000000,-515000000,,36000000,,,,500000000,687000000,0.29766031195840553,0.07625649913344887,0.04852686308492201,0.0967741935483871,0.1369150779896014,0.02296360485268631,0.021663778162911613,438000000,0.18977469670710573,3468000000,1351000000,-91000000,4383000000,,429.3985194324491,188.66767764298092,0.011939025690224923,0.008785002745313358,0.017111705267544013,0.2257036643653744,-0.4863013698630137,0.02758620689655178,0,
SNDK,2026,Q2,3025000000,1484000000,1541000000,327000000,139000000,,,476000000,58000000,1065000000,25000000,12000000,-128000000,937000000,134000000,803000000,,5.46,5.15,,147000000,156000000,,,1539000000,,,1239000000,1970000000,5150000000,631000000,4995000000,,12998000000,,1654000000,20000000,,583000000,,,2785000000,10213000000,,,,,,,,,,,1541000000,0.5094214876033057,0.35206611570247937,0.26545454545454544,0.14300960512273211,0.10809917355371901,0.019173553719008266,,,,3496000000,603000000,-936000000,5218000000,,484.5350404312669,149.499173553719,0.07862528150396553,0.06177873519002924,0.09838253428309694,0.6124733475479744,6.152777777777779,0.07586206896551717,0,
SNDK,2026,Q3,5950000000,1288000000,4662000000,337000000,161000000,,,551000000,54000000,4111000000,6000000,12000000,-4000000,4107000000,492000000,3615000000,,24.43,23.03,,148000000,157000000,,41600000000,3735000000,,,2726000000,2238000000,9168000000,649000000,4994000000,,17075000000,,1917000000,0,,0,323000000,188000000,3298000000,13777000000,,,,,,,,,,,4662000000,0.7835294117647059,0.6909243697478992,0.607563025210084,0.1197954711468225,0.05663865546218488,0.00907563025210084,,,,7251000000,0,-3735000000,8783000000,,634.2158385093168,167.22521008403362,0.2623938448138201,0.21171303074670572,0.36033865944188537,2.510324483775811,-2.72768192048012,0.08275862068965512,511000000,
AVGO,2023,Q1,8915000000,2911000000,6004000000,1195000000,348000000,,,1901000000,391000000,4103000000,406000000,,143000000,3840000000,66000000,3774000000,3774000000,9.03,8.8,4.6,418000000,429000000,,22800000000,12647000000,,,3234000000,1899000000,18836000000,2201000000,43614000000,6225000000,72976000000,923000000,7483000000,1077000000,,38167000000,3109000000,,49666000000,23310000000,4036000000,103000000,-103000000,-3702000000,1188000000,127000000,1926000000,0,0,260000000,6004000000,0.6734716769489624,0.4602355580482333,0.423331463825014,0.0171875,0.1340437464946719,0.04385866517106001,0.01155356141334829,3933000000,0.4411665731912507,11353000000,39244000000,26597000000,-26529000000,,238.10889728615595,132.40717891194615,0.1619047619047619,0.051715632536724405,0.08079988152964514,,,,3109000000,
AVGO,2023,Q2,8733000000,2618000000,6115000000,1312000000,438000000,,,2107000000,513000000,4008000000,405000000,,113000000,3716000000,235000000,3481000000,3481000000,8.39,8.15,4.6,415000000,427000000,,21400000000,11553000000,,,3031000000,1886000000,17871000000,2209000000,43614000000,5434000000,71667000000,831000000,7511000000,1077000000,,38194000000,3427000000,,49660000000,22007000000,,,,,2806000000,,1914000000,,,,6115000000,0.7002175655559373,0.45894881484026107,0.39860300011450817,0.0632400430570506,0.15023474178403756,0.05874270010305737,,,,10360000000,39271000000,27718000000,-27041000000,,262.94499618029033,126.68212527195695,0.1581769436997319,0.04857186710759485,0.07550596093368209,,,,3427000000,
AVGO,2023,Q3,8876000000,2712000000,6164000000,1358000000,388000000,,,2308000000,629000000,3856000000,406000000,,124000000,3574000000,271000000,3303000000,3303000000,8,7.74,4.6,413000000,427000000,,21400000000,12055000000,,,2914000000,1842000000,18333000000,2180000000,43619000000,4654000000,71595000000,992000000,7345000000,1077000000,,38222000000,2941000000,,49516000000,22079000000,,,,,1707000000,,1901000000,,,,6164000000,0.6944569625957638,0.43442992338891395,0.3721270842721947,0.07582540570789031,0.1529968454258675,0.07086525461919783,,,,10988000000,39299000000,27244000000,-26194000000,,247.90929203539824,119.82987832356918,0.14959916662892342,0.04613450659962288,0.07225061808061908,,,,2941000000,
AVGO,2024,Q1,11961000000,4586000000,7375000000,2308000000,1572000000,,,5292000000,1582000000,2083000000,926000000,,185000000,1342000000,68000000,1325000000,1325000000,2.93,2.84,5.25,452000000,467000000,,27700000000,11864000000,,,4969000000,1920000000,27192000000,2662000000,97586000000,47185000000,177870000000,1496000000,20369000000,2374000000,,73468000000,9593000000,5858000000,107586000000,70284000000,4815000000,122000000,-25477000000,18337000000,7176000000,139000000,2435000000,25416000000,30010000000,934000000,7375000000,0.6165872418694089,0.17414931861884458,0.11077669091213109,0.05067064083457526,0.19296045481147062,0.13226318869659728,0.01019981606889056,4693000000,0.39235849845330656,6823000000,75842000000,63978000000,-74487000000,,152.81290885303096,151.63322464676867,0.01885208582323146,0.007449260696013943,0.01472831519820634,0.34167134043746494,-0.6772727272727274,0.08857808857808869,15451000000,
AVGO,2024,Q2,12487000000,4711000000,7776000000,2415000000,1277000000,,,4811000000,1403000000,2965000000,1047000000,,87000000,2005000000,-116000000,2121000000,,4.56,4.42,5.25,465000000,480000000,,22900000000,9809000000,,,5500000000,1842000000,25302000000,2668000000,97873000000,45407000000,175211000000,1441000000,20171000000,2374000000,,71590000000,10519000000,6183000000,105250000000,69961000000,,,,,,,2443000000,,,,7776000000,0.6227276367422119,0.23744694482261552,0.16985665091695362,-0.05785536159600998,0.19340113718266996,0.11235685112517017,,,,5131000000,73964000000,64155000000,-73319000000,,142.7149225217576,160.76719788580124,0.03031689083918183,0.012105404341051647,0.02338677821536707,0.4298637352570709,-0.45766871165644174,0.1241217798594847,16702000000,
AVGO,2024,Q3,13072000000,4716000000,8356000000,2353000000,1100000000,,,4568000000,1381000000,3788000000,1064000000,,82000000,2806000000,4238000000,-1875000000,,-0.4,-0.4,0.525,4663000000,4663000000,,21200000000,9952000000,,,4665000000,1894000000,19947000000,2602000000,97873000000,43034000000,167966000000,1757000000,19221000000,3117000000,,66798000000,9789000000,5759000000,102315000000,65651000000,,,,,,,2452000000,,,,8356000000,0.6392288861689106,0.2897796817625459,-0.14343635250917994,1.510334996436208,0.18000305997552019,0.10564565483476132,,,,726000000,69915000000,59963000000,-75256000000,,146.58821034775232,130.25742044063648,-0.02856011332652968,-0.011162973458914304,-0.015389598026496698,0.47273546642631814,-1.0516795865633075,9.920374707259953,15548000000,
AVGO,2025,Q1,14916000000,4771000000,10145000000,2253000000,949000000,,,3885000000,1280000000,6260000000,873000000,,103000000,5490000000,-13000000,5503000000,,1.17,1.14,0.59,4695000000,4836000000,,22400000000,9307000000,,,4955000000,1908000000,20990000000,2465000000,97871000000,38583000000,165358000000,1905000000,20910000000,1650000000,3992000000,60926000000,9908000000,4628000000,95569000000,69789000000,6113000000,100000000,-174000000,-5980000000,0,142000000,2774000000,0,2986000000,8090000000,10145000000,0.6801421292571735,0.41968356127648165,0.3689326897291499,-0.0023679417122040073,0.1510458567980692,0.08581389112362564,0.006704210244033253,6013000000,0.4031241619737195,80000000,62576000000,53269000000,-66665000000,,145.96939844896247,121.25067042102441,0.07885196807519809,0.033279309135330615,0.050990779267649375,0.2470529219964886,-0.5985915492957746,9.355460385438972,14536000000,
AVGO,2025,Q2,15004000000,4807000000,10197000000,2693000000,1083000000,,,4368000000,1771000000,5829000000,769000000,,25000000,5085000000,120000000,4965000000,,1.05,1.03,0.59,4707000000,4826000000,,24700000000,9472000000,,,5563000000,2017000000,22181000000,2462000000,97801000000,36393000000,164630000000,1297000000,20597000000,1650000000,3877000000,61751000000,10303000000,4154000000,95044000000,69586000000,,,,,2450000000,,2785000000,,,,10197000000,0.6796187683284457,0.3884964009597441,0.33091175686483604,0.02359882005899705,0.17948547054118902,0.11803519061583578,,,,1584000000,63401000000,53929000000,-64608000000,,153.15269398793424,135.33024526792858,0.07135055902049263,0.03015853732612525,0.046078957842173876,0.20156963241771442,-0.7669683257918551,9.054166666666667,14457000000,
AVGO,2025,Q3,15952000000,5249000000,10703000000,3050000000,1072000000,,,4816000000,2322000000,5887000000,807000000,,205000000,5285000000,1145000000,4140000000,,0.88,0.85,0.59,4714000000,4860000000,,27500000000,10718000000,,,6494000000,2180000000,24998000000,2451000000,97801000000,34344000000,165621000000,1432000000,16704000000,900000000,496000000,62830000000,10305000000,4031000000,92344000000,73277000000,,,,,,,2786000000,,,,10703000000,0.6709503510531595,0.3690446339017051,0.25952858575727183,0.21665089877010407,0.1911985957873621,0.1455616850551655,,,,8294000000,63730000000,53012000000,-58868000000,,151.59077919603735,148.59014543630894,0.05649794614954215,0.02499683011212346,0.03651605570509227,0.22031823745410037,-3.125,0.042247480162985296,14336000000,
AVGO,2026,Q1,19311000000,6154000000,13157000000,2965000000,1019000000,,,4594000000,2176000000,8563000000,801000000,,433000000,8195000000,846000000,7349000000,,1.55,1.5,0.65,4741000000,4888000000,,45000000000,14174000000,,,8460000000,2962000000,32062000000,2599000000,97801000000,30302000000,169903000000,2112000000,16859000000,2252000000,,63805000000,9188000000,3667000000,90031000000,79872000000,8260000000,250000000,-115000000,-10149000000,7850000000,150000000,3086000000,,4474000000,3650000000,13157000000,0.681321526591062,0.44342602661695407,0.3805603024183108,0.10323367907260525,0.15353943348350682,0.1126818911501217,0.01294598933250479,8010000000,0.41478949821345346,15203000000,66057000000,51883000000,-48231000000,,175.67923301917452,159.90368183936616,0.09200971554487179,0.043254092040752666,0.058282494069305,0.2946500402252615,0.3157894736842106,0.010752688172043001,12855000000,
MRVL,2024,Q1,1321700000,764500000,557200000,480700000,199000000,,,739600000,143200000,-182400000,52700000,2500000,-49900000,,-63400000,-168900000,,-0.2,-0.2,0.06,856700000,856700000,,,1028300000,,,1000900000,1026000000,3202900000,636200000,11586900000,4832000000,22273200000,388400000,3061400000,1517600000,,3154900000,44400000,,6779300000,15493900000,208400000,99800000,-102700000,11600000,0,,51400000,0,200000000,21900000,557200000,0.42157827040932133,-0.13800408564727246,-0.1277899674661421,,0.36369826738291594,0.10834531285465689,0.07550881440568964,108600000,0.08216690625709314,141500000,4672500000,3644200000,-925000000,,489.84957488554613,276.40803510630246,-0.010901064289817283,-0.0075831043586013685,,,,,44400000,
MRVL,2024,Q2,1340900000,819800000,521100000,474800000,210000000,,,726800000,,-205700000,53800000,1600000,-45900000,,-44100000,-207500000,,-0.24,-0.24,0.06,860900000,860900000,,,423400000,,,1209200000,1015800000,2767200000,693800000,11586900000,4560200000,21750100000,412800000,2685200000,1018600000,,3134500000,44600000,,6360600000,15389500000,,,,,,,,,,,521100000,0.3886195838615855,-0.15340442986054142,-0.15474681184279215,,0.35409053620702513,,,,,82000000,4153100000,3729700000,-757600000,,452.2651866308856,329.1505705123425,-0.013483219077942752,-0.009540186022133232,,,,,44600000,
MRVL,2024,Q3,1418600000,867400000,551200000,481100000,213000000,,,697500000,,-146300000,52600000,1700000,-41200000,,-23200000,-164300000,,-0.19,-0.19,0.06,862600000,862600000,,,725600000,,,1214600000,941500000,2973200000,701600000,11586900000,4290400000,21714400000,419100000,1879600000,96300000,,4089600000,56900000,,6481000000,15233400000,,,,,,,,,,,551200000,0.3885520936134217,-0.10312984632736501,-0.11581841251938531,,0.3391371774989426,,,,,1093600000,4185900000,3460300000,-643900000,,396.1811159787872,312.51163118567604,-0.010785510785510785,-0.007566407545223446,,,,,56900000,
MRVL,2025,Q1,1160900000,633100000,527800000,476100000,199900000,,,680100000,136500000,-152300000,48800000,,-45500000,,17800000,-215600000,,-0.25,-0.25,0.06,865000000,865000000,,,847700000,,,881900000,826400000,2647700000,758000000,11586900000,3739200000,20491000000,320900000,1467700000,118300000,,4027600000,33900000,,6012300000,14478700000,324500000,91500000,-101900000,-325700000,150000000,,51800000,,0,21900000,527800000,0.45464725643896975,-0.13119131708157464,-0.1857179774313033,,0.4101128434835042,0.11758118701007839,0.07881815832543716,233000000,0.20070634852269792,1180000000,4145900000,3298200000,-847400000,,476.4429000157953,277.2792660866569,-0.014890839647205896,-0.010521692450344053,,-0.12166149655746387,0.24999999999999994,0.009688338975137212,33900000,
MRVL,2025,Q2,1272900000,685300000,587600000,486700000,197300000,,,688000000,,-100400000,48400000,,-45800000,,47100000,-193300000,,-0.22,-0.22,0.06,865700000,865700000,,,808700000,,,1060100000,817800000,2763900000,781500000,11586900000,3463400000,20293400000,453400000,1546500000,129300000,,3996500000,39200000,,6088500000,14204900000,,,,,,,,,,,587600000,0.4616230654411187,-0.07887500982009585,-0.15185796213371042,,0.38235525178725743,,,,,1217400000,4125800000,3317100000,-845400000,,435.57128264993435,303.98028124754495,-0.013607980344810594,-0.009525264371667636,,-0.0507122082183608,-0.0833333333333333,0.005575560459983642,39200000,
MRVL,2025,Q3,1516100000,1166700000,349400000,488600000,205300000,,,1052200000,,-702800000,47200000,,-47700000,,-74200000,-676300000,,-0.78,-0.78,0.06,865700000,865700000,,,868100000,,,997900000,859400000,2816800000,781900000,11586900000,2957700000,19715600000,538100000,1763600000,129400000,,3965500000,34500000,,6342700000,13372900000,,,,,,,,,,,349400000,0.23045973220763802,-0.46355781280918146,-0.4460787546995581,,0.32227425631554646,,,,,1053200000,4094900000,3226800000,-1171700000,,268.86174680723406,240.24371743288702,-0.05057242632488092,-0.03430278561139402,,0.06872973354010997,3.105263157894737,0.003593786227683804,34500000,
MRVL,2026,Q1,1895300000,942900000,952400000,507700000,186400000,,,681800000,142100000,270600000,48700000,,-54700000,,38000000,177900000,177900000,0.21,0.2,0.06,864800000,875600000,,,885900000,,,1144000000,1071400000,3837600000,774700000,11062200000,2450900000,20023700000,562700000,2941400000,1255200000,,2977400000,31800000,,6711000000,13312700000,332900000,118800000,-94100000,-301200000,340000000,,51800000,0,200000000,32800000,952400000,0.502506199546246,0.142774230992455,0.09386376826887564,,0.2678731599219121,0.07497493800453754,0.06268136970400465,214100000,0.11296364691605551,896200000,4232600000,3346700000,-200400000,,414.742814720543,220.31340684852003,0.013363179520307676,0.008884471900797554,,0.6326126281333448,-1.8,0.012254335260115656,31800000,
MRVL,2026,Q2,2006100000,995500000,1010600000,519000000,192800000,,,720500000,,290100000,51900000,,-56400000,,38900000,194800000,,0.23,0.22,0.06,862600000,870400000,,,1224400000,,,1451700000,1051600000,4512900000,794500000,11062200000,2207200000,20586300000,610700000,2399300000,499300000,,3967900000,41300000,,7164600000,13421700000,,,,,,,,,,,1010600000,0.5037635212601566,0.1446089427246897,0.09710383330840935,,0.2587109316584418,,,,,2113600000,4467200000,3242800000,152300000,,385.5690607734807,264.1296545536115,0.014513809726040666,0.00946260377046871,,0.5760075418336082,-2.0,0.005429132493935507,41300000,
MRVL,2026,Q3,2074500000,1004700000,1069800000,512500000,189900000,,,712000000,,357800000,51200000,,1857600000,,314100000,1901300000,,2.22,2.2,0.06,855800000,863700000,,,2714500000,,,1546300000,1014500000,5512500000,854800000,11062200000,1978300000,21579000000,633700000,2736700000,499500000,,3969400000,32200000,,7522400000,14056600000,,,,,,,,,,,1069800000,0.5156905278380333,0.17247529525186792,0.9165100024102193,,0.2470474813208002,,,,,2775800000,4468900000,1754400000,1016100000,,368.5602667462924,272.0653169438419,0.13526030476786705,0.08810880949070855,,0.36831343578919595,-3.820512820512821,-0.0023102691463555702,32200000,
MRVL,2027,Q1,2417800000,1157000000,1260800000,652300000,258400000,,,921400000,207600000,339400000,52800000,,-256100000,,48800000,34500000,34500000,0.04,0.04,0.06,882000000,893300000,,,3843600000,,,1871700000,1400900000,7464000000,972500000,13883500000,2561500000,26944500000,709700000,2276800000,0,,4961300000,63700000,,8728700000,18215800000,638800000,155700000,-1421400000,1987400000,200000000,,53800000,1270900000,998900000,500000000,1260800000,0.5214657953511457,0.14037554801886012,0.014269170320125734,,0.2697907188353048,0.08586318140458268,0.064397386053437,483100000,0.19980974439573165,5187200000,4961300000,1117700000,1770800000,,441.9433880726015,282.55873107783935,0.0018939601884078658,0.0012804097311139564,,0.2756819500870575,-0.7999999999999999,0.0202147099132024,63700000,
GOOGL,2023,Q1,69787000000,30612000000,,11468000000,,6533000000,3759000000,52372000000,5284000000,17415000000,80000000,797000000,790000000,18205000000,3154000000,15051000000,,1.18,1.17,,,,,61700000000,25924000000,89178000000,920000000,36036000000,2315000000,161985000000,,28994000000,1968000000,369491000000,4184000000,68854000000,999000000,0,13697000000,3715000000,610000000,108597000000,260894000000,23509000000,6289000000,-2946000000,-16568000000,14557000000,2635000000,,,,,39175000000,0.5613509679453194,0.24954504420594092,0.21567054035851949,0.1732491073880802,0.1643285998824996,0.07571610758450714,0.09011707051456574,17220000000,0.2467508275180191,93131000000,14696000000,-100406000000,229932000000,,27.602737488566575,188.47550403370255,0.05769009636097419,0.04073441572325172,0.057668512311794894,,,,4325000000,
GOOGL,2023,Q2,74604000000,31916000000,,10588000000,,6781000000,3481000000,52766000000,5400000000,21838000000,43000000,892000000,65000000,21903000000,3535000000,18368000000,18368000000,1.45,1.44,,12668000000,12764000000,,60600000000,25929000000,92403000000,892000000,38804000000,2231000000,168788000000,,29210000000,1966000000,383044000000,5313000000,77709000000,999000000,0,13705000000,3846000000,667000000,115903000000,267141000000,,,,,,,,,,,42688000000,0.5721945204010509,0.2927188890676103,0.2462066377137955,0.16139341642697347,0.14192268511071793,0.07238217789930834,,,,91079000000,14704000000,-103628000000,235965000000,,25.514318836946984,189.84853359069217,0.06875769724602364,0.047952715614916305,0.07156055335370884,,,,4513000000,
GOOGL,2023,Q3,76693000000,33229000000,,11258000000,,6884000000,3979000000,55350000000,5800000000,21343000000,116000000,1066000000,-146000000,21197000000,1508000000,19689000000,19689000000,1.56,1.55,,12581000000,12696000000,,64900000000,30702000000,89233000000,958000000,41020000000,2957000000,176310000000,,29146000000,1833000000,396711000000,5803000000,86295000000,1000000000,0,13781000000,4303000000,884000000,123509000000,273202000000,,,,,,,,,,,43464000000,0.5667270806983689,0.27829136948613303,0.25672486406842865,0.07114214275605038,0.14679305803658743,0.07562619795809265,,,,90015000000,14781000000,-105154000000,242223000000,,32.48081495079599,195.223814428957,0.07206755441028982,0.04963058750576616,0.07705432288881657,,,,5187000000,
GOOGL,2024,Q1,80539000000,33712000000,,11903000000,,6426000000,3026000000,55067000000,5264000000,25472000000,94000000,1061000000,2843000000,28315000000,4653000000,23662000000,23662000000,1.91,1.89,,12415000000,12527000000,,72500000000,24493000000,83597000000,1400000000,44552000000,,165471000000,143182000000,29183000000,,407350000000,6198000000,76997000000,0,0,13228000000,3973000000,921000000,114506000000,292844000000,28848000000,12012000000,-8564000000,-19714000000,15696000000,3413000000,0,,,,46827000000,0.5814201815269621,0.3162691366915407,0.2937955524652653,0.16432986049796927,0.1477917530637331,0.06535963942934479,0.1491451346552602,16836000000,0.20904158233899106,88474000000,13228000000,-94862000000,263661000000,,,201.90814388060443,0.08080069934845857,0.05808763962194673,0.07559580008948012,0.15406880937710463,0.6153846153846154,,4894000000,
GOOGL,2024,Q2,84742000000,35507000000,,11860000000,,6792000000,3158000000,57317000000,5900000000,27425000000,67000000,1090000000,126000000,27551000000,3932000000,23619000000,23619000000,1.91,1.89,0.2,12343000000,12495000000,,78800000000,27225000000,73500000000,276000000,47087000000,,161995000000,151155000000,29185000000,,414770000000,6092000000,77913000000,0,0,13238000000,4251000000,985000000,114017000000,300753000000,,,,,,,,,,,49235000000,0.5809987963465578,0.32362936914399,0.2787165750159307,0.14271714275343908,0.13995421396710014,0.06962309126525218,,,,84082000000,13238000000,-87487000000,271568000000,,,202.8127138844965,0.07853288246501282,0.05694481278781011,0.08198664541816998,0.13589083695244222,0.3125,-0.021074898151049792,5236000000,
GOOGL,2024,Q3,88268000000,36474000000,,12447000000,,7227000000,3599000000,59747000000,5900000000,28521000000,54000000,1243000000,3185000000,31706000000,5405000000,26301000000,26301000000,2.14,2.12,0.2,12290000000,12419000000,,86800000000,19959000000,73271000000,253000000,49104000000,,157541000000,161270000000,31935000000,,430266000000,7049000000,80803000000,999000000,1000000000,12297000000,4896000000,1015000000,116147000000,314119000000,,,,,,,,,,,51794000000,0.5867811664476368,0.3231182308424344,0.2979675533602211,0.17047246577934777,0.1410137309104092,0.06684189060588208,,,,76738000000,13296000000,-79934000000,282184000000,,,203.05161553450853,0.08372941464858859,0.061127302645340324,0.07695070124995845,0.15092642092498665,0.367741935483871,-0.02181789540012602,5911000000,
GOOGL,2025,Q1,90234000000,36361000000,,13556000000,,6172000000,3539000000,59628000000,5516000000,30606000000,34000000,1001000000,11183000000,41789000000,7249000000,34540000000,34540000000,2.84,2.81,0.2,12183000000,12291000000,,92400000000,23264000000,72064000000,376000000,51000000000,,162052000000,185062000000,32173000000,,475374000000,8497000000,91654000000,1000000000,2500000000,10886000000,4908000000,,130107000000,345267000000,36150000000,17197000000,-16194000000,-20201000000,15068000000,4487000000,2434000000,,,,53873000000,0.5970365937451515,0.3391847862224882,0.38278254316554733,0.173466701763622,0.15023162001019572,0.061129951016246645,0.19058226389165947,18953000000,0.2100427776669548,70398000000,11886000000,-83442000000,313094000000,,,206.2969612341246,0.10003852091280081,0.07265858040195719,0.07576433523063829,0.1203764635766523,0.48677248677248686,-0.018839307096671143,4908000000,
GOOGL,2025,Q2,96428000000,39039000000,,13808000000,,7101000000,5209000000,65157000000,6000000000,31271000000,261000000,1050000000,2662000000,33933000000,5737000000,28196000000,28196000000,2.33,2.31,0.21,12122000000,12198000000,,108200000000,21036000000,74112000000,,55048000000,,166216000000,,32335000000,,502053000000,8347000000,87310000000,1000000000,3000000000,23607000000,4969000000,,139137000000,362916000000,,,,,,,,,,,57389000000,0.5951487119923674,0.3242937735927324,0.2924046957315303,0.16906845843279403,0.1431949226365786,0.0622225909486871,,,,78906000000,24607000000,-70541000000,330581000000,,,208.36810884805246,0.07769290965402462,0.05616140128631838,0.07090036000280528,0.13790092280097235,0.22222222222222232,-0.02376950780312126,4969000000,
GOOGL,2025,Q3,102346000000,41369000000,,15151000000,,7205000000,7393000000,71118000000,6400000000,31228000000,143000000,1076000000,12759000000,43987000000,9008000000,34979000000,34979000000,2.89,2.87,0.21,12086000000,12203000000,,157700000000,23090000000,75406000000,,57148000000,,173947000000,,33269000000,,536469000000,10546000000,99550000000,1995000000,3000000000,21607000000,5542000000,,149602000000,386867000000,,,,,,,,,,,60977000000,0.5957927031833193,0.30512184159615424,0.34177202821800556,0.20478777820719757,0.14803705078850174,0.06253297637425986,,,,74397000000,23602000000,-74894000000,353598000000,,,203.80884450784595,0.09041608614846963,0.06520227636638837,0.0641048876220591,0.15949154846603525,0.35377358490566035,-0.01739270472662857,5542000000,
GOOGL,2026,Q1,109896000000,41271000000,,17032000000,,7606000000,4291000000,70200000000,6751000000,39696000000,533000000,1381000000,37716000000,77412000000,14834000000,62578000000,62578000000,5.17,5.11,0.21,12099000000,12238000000,,467600000000,38063000000,88777000000,,62999000000,,213753000000,,57774000000,9444000000,703919000000,16852000000,111188000000,1998000000,,77501000000,7162000000,,225173000000,478746000000,45790000000,35674000000,-63389000000,25077000000,0,6482000000,2542000000,,,,68625000000,0.6244540292640315,0.36121423891679405,0.5694292785906675,0.19162403761690694,0.15498289291693965,0.061430807308728255,0.3246160005823688,10116000000,0.09205066608429788,102565000000,79499000000,-47341000000,411528000000,,,209.23996323797044,0.13071231926741947,0.0888994330313573,0.06168858630779085,0.21790012633818737,0.8185053380782918,-0.004312098283296706,7162000000,
MSFT,2023,Q1,50122000000,15452000000,34670000000,6628000000,,5126000000,1398000000,,2192000000,21518000000,500000000,641000000,54000000,21572000000,4016000000,17556000000,,2.35,2.35,0.68,7457000000,7485000000,,183000000000,22884000000,84378000000,6839000000,31279000000,4268000000,160812000000,77037000000,67459000000,10808000000,359784000000,16609000000,87389000000,3248000000,,45374000000,41340000000,2549000000,186218000000,173566000000,23198000000,6283000000,-3132000000,-10883000000,5573000000,,4621000000,,,,34670000000,0.691712222177886,0.42931247755476637,0.3502653525398029,0.1861672538475802,0.13223734088823272,0.043733290770519934,0.12535413590838354,16915000000,0.33747655720043096,73423000000,48622000000,-58640000000,95299000000,,100.816722754336,227.78091456845297,0.10114884251523916,0.048795944233206594,0.08786603897416895,,,,43889000000,
MSFT,2023,Q2,52747000000,17488000000,35259000000,6844000000,,5679000000,2337000000,,2538000000,20399000000,490000000,700000000,-60000000,20339000000,3914000000,16425000000,,2.2,2.2,0.68,7451000000,7473000000,,193000000000,15646000000,83862000000,7097000000,35833000000,2980000000,157823000000,82755000000,67905000000,10354000000,364552000000,15354000000,81718000000,3997000000,,44119000000,36982000000,2644000000,181416000000,183136000000,11173000000,6274000000,-7150000000,-11349000000,5459000000,,5066000000,,,,35259000000,0.6684550780139155,0.3867328947617874,0.3113921170872277,0.1924381729681892,0.1297514550590555,0.048116480558136006,0.11894515327885946,4899000000,0.09287732003715851,76105000000,48116000000,-51392000000,104877000000,,62.19693504117109,247.95808292414736,0.08968744539577145,0.04505530075270469,0.07640535842982991,,,,39626000000,
MSFT,2023,Q3,52857000000,16128000000,36729000000,6984000000,,5750000000,1643000000,,2465000000,22352000000,496000000,748000000,321000000,22673000000,4374000000,18299000000,,2.46,2.45,0.68,7441000000,7464000000,,201000000000,26562000000,77865000000,9415000000,37420000000,2877000000,163889000000,88132000000,67940000000,9879000000,380088000000,15305000000,85691000000,6245000000,,41965000000,36903000000,2698000000,185405000000,194683000000,24441000000,6607000000,-3264000000,-10290000000,5509000000,,5059000000,,,,36729000000,0.6948748510131109,0.4228768185859962,0.3461982329681972,0.1929166850438848,0.13213008683807254,0.04663526117638156,0.1249976351287436,17834000000,0.33740091189435645,78198000000,48210000000,-56217000000,116864000000,,65.11067708333333,258.4009686512666,0.09399382586050144,0.04814411399465387,0.08339038906074066,,,,39601000000,
MSFT,2024,Q1,56517000000,16302000000,40215000000,6659000000,,5187000000,1474000000,,2507000000,26895000000,525000000,1166000000,389000000,27284000000,4993000000,22291000000,,3,2.99,0.75,7429000000,7462000000,,216000000000,80452000000,63499000000,11423000000,36953000000,3000000000,207586000000,102502000000,67790000000,8895000000,445785000000,19307000000,124792000000,3748000000,25808000000,41946000000,46429000000,2759000000,225071000000,220714000000,30583000000,9917000000,503000000,14761000000,4831000000,,5051000000,,,,40215000000,0.7115558150644938,0.4758745156324646,0.39441230072367606,0.18300102624248643,0.11782295592476599,0.044358334660367676,0.17546932781287047,20666000000,0.36565988994461845,82794000000,45694000000,-98257000000,144029000000,,67.16967243283032,238.6511138241591,0.10099495274427539,0.05000392565923035,0.11816336874964146,0.12758868361198675,0.27234042553191495,-0.0030728122912491163,49188000000,
MSFT,2024,Q2,62020000000,19623000000,42397000000,7142000000,,6246000000,1977000000,,2828000000,27032000000,909000000,734000000,-506000000,26526000000,4656000000,21870000000,,2.94,2.93,0.75,7432000000,7468000000,,229000000000,17305000000,63712000000,13367000000,42831000000,1615000000,147393000000,112308000000,118931000000,29896000000,470558000000,17695000000,121016000000,2250000000,27041000000,44928000000,43068000000,2966000000,232290000000,238268000000,18853000000,9735000000,-71925000000,-10147000000,4000000000,,5574000000,,,,42397000000,0.6836020638503708,0.43585940019348596,0.3526281844566269,0.17552589911784663,0.11515640116091583,0.04559819413092551,0.1569654950016124,9118000000,0.14701709126088358,26377000000,47178000000,-33839000000,89441000000,,30.040004076848593,252.06892937762012,0.09178739906323971,0.04647673613029637,0.08311740425763448,0.1758014673820312,0.3318181818181818,-0.0006690753378830738,46034000000,
MSFT,2024,Q3,61858000000,18505000000,43353000000,7653000000,,6207000000,1912000000,,2703000000,27581000000,800000000,619000000,-854000000,26727000000,4788000000,21939000000,,2.95,2.94,0.75,7431000000,7472000000,,242000000000,19634000000,60387000000,14807000000,44029000000,1304000000,147180000000,121375000000,119163000000,28828000000,484275000000,18087000000,118525000000,2249000000,20535000000,42658000000,41888000000,2945000000,231123000000,253152000000,31917000000,10952000000,-10700000000,-18808000000,4213000000,,5572000000,,,,43353000000,0.7008471014258463,0.4458760386692101,0.3546671408710272,0.17914468514984846,0.12371883992369621,0.043696854085162794,0.17705066442497333,20965000000,0.338921400627243,28655000000,44907000000,-35114000000,105161000000,,25.72061604971629,259.79800510847423,0.08666334850208571,0.04530277218522534,0.08131457462110812,0.17028964943148495,0.1999999999999999,0.001071811361200492,44833000000,
MSFT,2025,Q1,65585000000,20099000000,45486000000,7544000000,,5717000000,1673000000,14934000000,2832000000,30552000000,582000000,681000000,-283000000,30269000000,5602000000,24667000000,,3.32,3.3,0.83,7433000000,7470000000,,266000000000,20840000000,57588000000,15778000000,44148000000,1626000000,149926000000,152863000000,119374000000,26751000000,523013000000,22768000000,115200000000,2249000000,0,42868000000,53026000000,2663000000,235290000000,287723000000,34180000000,14923000000,-15201000000,-16576000000,4107000000,4700000000,5574000000,,,,45486000000,0.6935427308073493,0.4658382252039338,0.37610734161774795,0.18507383791998414,0.11502630174582602,0.04318060532133872,0.22753678432568422,19257000000,0.2936189677517725,34726000000,45117000000,-33311000000,141598000000,,29.528334743022043,245.69672943508425,0.08573176284134393,0.047163263628246334,0.07980007725598924,0.1604472990427659,0.10367892976588615,0.0010720986330743365,55689000000,
MSFT,2025,Q2,69632000000,21799000000,47833000000,7917000000,,6440000000,1823000000,16180000000,3089000000,31653000000,594000000,600000000,-2288000000,29365000000,5257000000,24108000000,,3.24,3.23,0.83,7435000000,7468000000,,304000000000,17482000000,54073000000,15581000000,48188000000,909000000,147080000000,166902000000,119191000000,25385000000,533898000000,22608000000,108882000000,5248000000,0,39722000000,45508000000,2537000000,231203000000,302695000000,22291000000,15804000000,-14112000000,-11243000000,4986000000,5200000000,6170000000,,,,47833000000,0.6869399126838235,0.4545754825367647,0.34622012867647056,0.17902264600715137,0.11369772518382353,0.04436178768382353,0.22696461397058823,6487000000,0.09316119025735294,38198000000,44970000000,-26585000000,158119000000,,15.220193586861784,252.5939223345588,0.07964452666875899,0.04515469246934808,0.07870301071204647,0.12273460174137375,0.10238907849829344,0.0,48045000000,
MSFT,2025,Q3,70066000000,21919000000,48147000000,8198000000,,6212000000,1737000000,16147000000,2980000000,32000000000,594000000,597000000,-623000000,31377000000,5553000000,25824000000,,3.47,3.46,0.83,7434000000,7461000000,,321000000000,28828000000,50790000000,16035000000,51700000000,848000000,156644000000,183939000000,119329000000,23968000000,562624000000,26250000000,114206000000,2999000000,0,39882000000,44636000000,2840000000,240733000000,321891000000,37044000000,16745000000,-12714000000,-13036000000,4781000000,5800000000,6169000000,,,,48147000000,0.6871663859789342,0.456712242742557,0.3685667798932435,0.17697676642126398,0.11700396768760883,0.04253132760540062,0.23898895327262867,20299000000,0.2897125567322239,42438000000,42881000000,-36737000000,178594000000,,14.121082166157215,269.3246367710444,0.08022591498364354,0.045899215106358776,0.0783962311412603,0.13269100197225905,0.17687074829931973,-0.001472162740899341,47476000000,
MSFT,2026,Q1,77673000000,24043000000,53630000000,8146000000,,5717000000,1806000000,15669000000,2983000000,37961000000,698000000,976000000,-3660000000,34301000000,6554000000,27747000000,,3.73,3.72,0.91,7433000000,7466000000,,398000000000,28849000000,73163000000,11465000000,52894000000,1130000000,189066000000,230861000000,119497000000,21236000000,636351000000,32580000000,134996000000,7832000000,,35376000000,58987000000,2546000000,273275000000,363076000000,45057000000,19394000000,-34559000000,-11799000000,5650000000,7100000000,6169000000,,,,53630000000,0.6904587179586213,0.48872838695557014,0.35722838051832684,0.191073146555494,0.10487556808672255,0.038404593616829526,0.24968779369922625,25663000000,0.33039795038172853,54070000000,43208000000,-58804000000,222343000000,,17.15468119619016,248.55882996665508,0.07642201632716016,0.04360329440827468,0.08135883604754962,0.18431043683769155,0.1272727272727274,-0.0005354752342704439,61533000000,
MSFT,2026,Q2,81273000000,25978000000,55295000000,8504000000,,6584000000,1932000000,17020000000,3219000000,38275000000,736000000,840000000,9971000000,48246000000,9788000000,38458000000,,5.18,5.16,0.91,7431000000,7460000000,,631000000000,24296000000,65166000000,21202000000,56535000000,1059000000,180190000000,261126000000,119622000000,20289000000,665302000000,37328000000,130005000000,4837000000,,35425000000,51376000000,2668000000,274427000000,390875000000,35758000000,29876000000,-22705000000,-17617000000,7415000000,7900000000,6762000000,,,,55295000000,0.6803612515841669,0.47094360980891564,0.473195280105324,0.20287692243916594,0.1046349956320057,0.03960724964010188,0.367600556150259,5882000000,0.07237335892608862,50185000000,40262000000,-49200000000,250964000000,,14.879320963892523,253.90074194381899,0.09838951071314359,0.05780532750540356,0.07499216104974897,0.16717888327205882,0.5975232198142415,-0.0010712372790573355,54044000000,
MSFT,2026,Q3,82886000000,26828000000,56058000000,8915000000,,6814000000,1931000000,17660000000,3081000000,38398000000,778000000,730000000,942000000,39340000000,7562000000,31778000000,,4.28,4.27,0.91,7426000000,7445000000,,633000000000,32105000000,46167000000,33683000000,60041000000,1219000000,175329000000,283228000000,119661000000,19325000000,694228000000,37513000000,136661000000,8839000000,,31423000000,50924000000,2753000000,279861000000,414367000000,46679000000,30876000000,-27405000000,-11351000000,4627000000,9000000000,6756000000,,,,56058000000,0.6763265207634582,0.46326279468185216,0.3833940593103781,0.1922216573462125,0.10755736795116183,0.0371715368095939,0.3725116424969235,15803000000,0.19065945998117897,38668000000,40262000000,-38010000000,275381000000,,16.584724914268676,264.39887315107495,0.07669047004225722,0.045774587023283415,0.07340902008222049,0.1829703422487369,0.23410404624277445,-0.0021444846535316753,53677000000,
META,2023,Q1,28645000000,6108000000,,9381000000,,3044000000,2885000000,21418000000,3051000000,7227000000,49000000,,80000000,7307000000,1598000000,5709000000,,2.21,2.2,,2587000000,2596000000,,,11551000000,25888000000,,11044000000,,52483000000,,20649000000,949000000,184491000000,3672000000,25381000000,,,9925000000,460000000,,59696000000,124795000000,13998000000,6842000000,-6743000000,-10516000000,9365000000,2524000000,0,,,,22537000000,0.7867690696456624,0.2522953395007855,0.1993017978704835,0.21869440262761736,0.327491708849712,0.10651073485774132,0.23885494850759295,7156000000,0.2498167219410019,27102000000,9925000000,-27514000000,103197000000,,,140.72473381043812,0.04574702512119876,0.030944598923524726,0.04584347970845106,,,,460000000,
META,2023,Q2,31999000000,5945000000,,9344000000,,3154000000,4164000000,22607000000,4060000000,9392000000,110000000,,-99000000,9293000000,1505000000,7788000000,,3.03,2.98,,2568000000,2612000000,,,28785000000,24661000000,,12511000000,,69560000000,,20659000000,856000000,206688000000,3093000000,29921000000,,,18382000000,494000000,,72655000000,134033000000,,,,,,2580000000,0,,,,26054000000,0.8142129441545048,0.29350917216163,0.24338260570642833,0.16194985472936618,0.29200912528516515,0.12687896496765524,,,,39639000000,18382000000,-35064000000,112518000000,,,142.70805337666803,0.058105093521744644,0.03767998142127264,0.06366550970138149,,,,494000000,
META,2023,Q3,34146000000,6210000000,,9241000000,,2877000000,2070000000,20398000000,3492000000,13748000000,132000000,,272000000,14020000000,2437000000,11583000000,,4.5,4.39,,2576000000,2641000000,,,36890000000,24233000000,,12944000000,,78378000000,,20668000000,813000000,216274000000,4372000000,30531000000,,,18383000000,509000000,,73401000000,142873000000,,,,,,2830000000,0,,,,27936000000,0.8181338956246705,0.4026240262402624,0.33921982076963625,0.1738231098430813,0.27063199203420607,0.10226673695308382,,,,47847000000,18383000000,-42740000000,121392000000,,,138.36349792069348,0.08107200100788813,0.05355706187521385,0.09132946211888553,,,,509000000,
META,2024,Q1,36455000000,6640000000,,9978000000,,2564000000,3455000000,22637000000,3562000000,13818000000,,,365000000,14183000000,1814000000,12369000000,,4.86,4.71,0.5,2545000000,2625000000,,,32307000000,25813000000,,13430000000,,75330000000,,20654000000,829000000,222844000000,3785000000,28101000000,,,18387000000,599000000,,73315000000,149529000000,19246000000,6400000000,-8734000000,-19767000000,15008000000,3374000000,1273000000,,,,29815000000,0.8178576326978466,0.3790426553284872,0.33929502125908656,0.12789959811041388,0.27370731038266355,0.0977095048690166,0.17555890824303935,12846000000,0.3523796461390756,47229000000,18387000000,-39733000000,128046000000,,,134.46577972843232,0.08271973998354834,0.05550519646030407,0.08886344824687374,0.2726479315761913,1.1409090909090907,0.011171032357472965,599000000,
META,2024,Q2,39071000000,7308000000,,10537000000,,2721000000,3658000000,24224000000,4616000000,14847000000,,,259000000,15106000000,1641000000,13465000000,,5.31,5.16,0.5,2534000000,2610000000,,,32045000000,26035000000,,14505000000,,76431000000,,20654000000,984000000,230238000000,3173000000,27004000000,,,18389000000,637000000,,73475000000,156763000000,,,,,,3580000000,1266000000,,,,31763000000,0.8129559007959868,0.38000051188861306,0.34462900872770086,0.10863233152389778,0.2696885157789665,0.11814389188912493,,,,49427000000,18389000000,-39691000000,135125000000,,,135.5052340610683,0.08589399284269886,0.058482961109808114,0.09247720778064449,0.22100690646582705,0.7315436241610739,-0.0007656967840734552,637000000,
META,2024,Q3,40589000000,7375000000,,11177000000,,2822000000,1865000000,23239000000,4250000000,17350000000,200000000,,472000000,17822000000,2134000000,15688000000,,6.2,6.03,0.5,2529000000,2600000000,,,43852000000,27048000000,,14700000000,,91067000000,,20654000000,973000000,256408000000,7656000000,33330000000,,,28823000000,704000000,,91879000000,164529000000,,,,,,3960000000,1262000000,,,,33214000000,0.8183005247727216,0.4274557146024785,0.3865086599817685,0.11973964762652901,0.27537017418512405,0.10470817216487226,,,,57737000000,28823000000,-42077000000,142902000000,,,132.19098770602872,0.09535097156124452,0.061183738416898066,0.10215730510822556,0.18868974404029754,0.3735763097949888,-0.015524422567209428,704000000,
META,2025,Q1,42314000000,7572000000,,12150000000,,2757000000,2280000000,24759000000,4147000000,17555000000,,,827000000,18382000000,1738000000,16644000000,,6.59,6.43,0.525,2527000000,2590000000,,,28750000000,41480000000,,14514000000,,90227000000,,20654000000,,280213000000,8512000000,33890000000,,,28829000000,,,95184000000,185029000000,24026000000,12941000000,-20010000000,-19495000000,12754000000,3900000000,1325000000,,,,34742000000,0.8210521340454696,0.414874509618566,0.39334499220116276,0.09454901534109456,0.2871390083660254,0.0980053882875644,0.3058325849600605,11085000000,0.2619700335586331,56337000000,28829000000,-41401000000,164375000000,,,125.19757054402798,0.0899534667538602,0.059397672484859734,0.0858698275368276,0.16071869428061994,0.3651804670912951,-0.013333333333333308,0,
META,2025,Q2,47516000000,8491000000,,12942000000,,2979000000,2663000000,27075000000,4834000000,20441000000,,,93000000,20534000000,2197000000,18337000000,,7.28,7.14,0.525,2518000000,2570000000,,,12005000000,35066000000,,16561000000,,73613000000,,20654000000,,294744000000,10271000000,37305000000,,,28832000000,,,99674000000,195070000000,,,,,,4280000000,1322000000,,,,39025000000,0.821302298173247,0.43019193534809325,0.38591211381429413,0.10699327943897925,0.2723714117349945,0.10173415270645678,,,,36308000000,28832000000,-18239000000,174416000000,,,127.21535903695596,0.09400215307325575,0.06221331053388703,0.08614539316265839,0.2161449668552123,0.38372093023255804,-0.01532567049808431,0,
META,2025,Q3,51242000000,9206000000,,15144000000,,2845000000,3512000000,30707000000,5555000000,20535000000,,,1128000000,21663000000,18954000000,2709000000,,1.08,1.05,0.525,2517000000,2572000000,,,10187000000,34261000000,,17297000000,,73118000000,,21158000000,3179000000,303844000000,7798000000,36958000000,,,28834000000,,,109778000000,194066000000,,,,,,4760000000,1323000000,,,,42036000000,0.820342687639046,0.4007454822216151,0.05286678896217946,0.8749480681346073,0.2955388158151516,0.10840716599664338,,,,36160000000,28834000000,-15614000000,169729000000,,,123.20762265329223,0.013959168530293817,0.008915759402851463,0.012072329480830219,0.2624602724876198,-0.8258706467661692,-0.010769230769230753,0,
META,2026,Q1,56311000000,10218000000,,17699000000,,2908000000,2614000000,33439000000,6032000000,22872000000,,,-1120000000,21752000000,-5021000000,26773000000,,10.57,10.44,0.525,2534000000,2564000000,,,23426000000,57754000000,,17470000000,,109765000000,,24748000000,,395250000000,13326000000,46753000000,,,58748000000,,,151569000000,243681000000,32226000000,18997000000,-33678000000,-6553000000,0,5999000000,1346000000,,,,46093000000,0.8185434462183232,0.40617286143027115,0.47544884658414877,-0.23082934902537697,0.3143080392818455,0.10711939052760562,0.33735859778728844,13229000000,0.23492745644723056,63012000000,58748000000,-22432000000,218933000000,,,113.2380884729449,0.1098690501105954,0.06773687539531942,0.10090045222061564,0.33078886420570025,0.6236391912908242,-0.010038610038610063,0,
AMZN,2024,Q1,143313000000,72633000000,,,,9662000000,2742000000,128006000000,4961000000,15307000000,644000000,993000000,-2324000000,12983000000,2467000000,10431000000,,1,0.98,,10393000000,10670000000,,,72852000000,12222000000,,47768000000,31147000000,163989000000,,22770000000,,530969000000,73068000000,152965000000,8848000000,,57634000000,15927000000,6400000000,,216661000000,18989000000,14925000000,-17862000000,-1256000000,0,11684000000,,3354000000,0,330000000,70680000000,0.49318624269954575,0.10680817511321374,0.07278474388227167,0.1900177154740815,,0.034616538625246836,0.10414268070586757,4064000000,0.028357511181818815,11024000000,66482000000,-18592000000,193891000000,,156.52189775997135,121.65902604788121,0.048144336082636005,0.019645214692383173,0.058958295073199676,,,,22327000000,
AMZN,2024,Q2,147977000000,73785000000,,,,10512000000,3041000000,133305000000,6722000000,14672000000,589000000,1180000000,573000000,15245000000,1767000000,13485000000,,1.29,1.26,,10447000000,10708000000,,,71178000000,17914000000,,50106000000,34109000000,173307000000,,22879000000,,554818000000,81817000000,158172000000,7429000000,,54889000000,16004000000,6700000000,,236447000000,25281000000,17620000000,-22138000000,-4490000000,,12038000000,,571000000,0,4169000000,74192000000,0.501375213715645,0.09915054366556965,0.0911290268082202,0.11590685470646113,,0.045425978361502126,0.1190725585732918,7661000000,0.05177155909364293,15135000000,62318000000,-26774000000,213568000000,,168.73056854374195,123.59143650702474,0.05703180839680774,0.024305267673363155,0.056995411107606336,,,,22704000000,
AMZN,2024,Q3,158877000000,80977000000,,,,10609000000,2713000000,141466000000,5333000000,17411000000,603000000,1256000000,626000000,18037000000,2706000000,15328000000,,1.46,1.43,,10501000000,10735000000,,,75091000000,12960000000,,51638000000,36103000000,175792000000,,23081000000,,584626000000,84570000000,161477000000,5248000000,,54890000000,16305000000,7000000000,,259151000000,25971000000,22620000000,-16899000000,-2758000000,,13442000000,,622000000,0,2183000000,77900000000,0.4903164082906903,0.1095879202150091,0.09647714898946984,0.15002494871652713,,0.033566847309553935,0.14237428954474216,3351000000,0.02109178798693329,14315000000,60138000000,-27913000000,236070000000,,162.73256603726983,118.63183468972852,0.05914698380480878,0.026218471296179095,0.060602116388735965,,,,23305000000,
AMZN,2025,Q1,155667000000,76976000000,,,,9763000000,2628000000,137262000000,3689000000,18405000000,541000000,1066000000,3274000000,21679000000,4553000000,17127000000,,1.62,1.59,,10603000000,10793000000,,,66207000000,28358000000,,54216000000,35864000000,184645000000,,23089000000,,643256000000,89241000000,176171000000,5014000000,,53374000000,20599000000,4900000000,,305867000000,17015000000,25019000000,-29803000000,-47000000,,14262000000,,-48000000,746000000,0,78691000000,0.5055085535148747,0.11823315153500742,0.1100233190078822,0.21001891231145348,,0.023698022059909937,0.16072128325207014,-8004000000,-0.05141744878490624,8474000000,58388000000,-36177000000,282778000000,,170.05768031594263,127.12289695311145,0.055994925899165326,0.026625480368624624,0.04878275284151445,0.08620292646166083,0.6224489795918369,0.011527647610121816,25499000000,
AMZN,2025,Q2,167702000000,80809000000,,,,11416000000,2965000000,148531000000,6534000000,19171000000,516000000,1085000000,1686000000,20857000000,2678000000,18164000000,,1.71,1.68,,10637000000,10806000000,,,57741000000,35439000000,,57415000000,40825000000,191420000000,,23155000000,,682170000000,98285000000,186921000000,5005000000,,50718000000,21662000000,4300000000,,333775000000,32515000000,32183000000,-39424000000,-2539000000,,15227000000,,1700000000,0,2751000000,86893000000,0.5181393185531479,0.11431586981669867,0.10831117100571251,0.1283981397132857,,0.038961968253211056,0.1919058806692824,332000000,0.0019797020906131115,4499000000,55723000000,-37457000000,310620000000,,184.39932433268572,124.96258243789579,0.054419893640925775,0.02662679390767697,0.05036662154395114,0.13329774221669582,0.33333333333333326,0.00915203586103841,25962000000,
AMZN,2025,Q3,180169000000,88670000000,,,,11686000000,2875000000,162747000000,4847000000,17422000000,538000000,1100000000,10748000000,28170000000,6910000000,21187000000,,1.98,1.95,,10674000000,10845000000,,,66922000000,27275000000,,61175000000,41494000000,196866000000,,23260000000,,727921000000,106032000000,195196000000,3997000000,,50742000000,21113000000,4100000000,,369631000000,35525000000,35095000000,-26073000000,-44000000,,16796000000,,786000000,0,1008000000,91499000000,0.5078509621522015,0.09669810011711227,0.11759514677885763,0.2452964146254881,,0.026902519301322647,0.1947893366783409,430000000,0.0023866480915140783,1670000000,54739000000,-39458000000,346371000000,,170.80534566369684,123.93294628931726,0.05731932657163495,0.029106180478376088,0.036784219982752026,0.13401562214795093,0.36363636363636365,0.010246856078248712,25213000000,
AMZN,2026,Q1,181519000000,87463000000,,,,10314000000,2587000000,157667000000,4032000000,23852000000,800000000,1135000000,15982000000,39834000000,9560000000,30255000000,,2.82,2.78,,10743000000,10874000000,,,101816000000,41273000000,,75532000000,36534000000,255155000000,,23449000000,,916630000000,124749000000,216756000000,2832000000,,119074000000,20887000000,4400000000,,441914000000,26032000000,44203000000,-64212000000,52767000000,,18945000000,,15408000000,53441000000,0,94056000000,0.5181606333221316,0.13140222235688825,0.16667676661947234,0.23999598333082292,,0.022212550752262847,0.2435172075650483,-18171000000,-0.10010522314468458,38399000000,121906000000,-21183000000,418465000000,,152.46344168391207,151.8804092133606,0.06846354720601747,0.033006774816447204,0.039236923934843015,0.16607244952366268,0.7484276729559747,0.007504864263874644,25287000000,
TSLA,2023,Q1,23329000000,18818000000,4511000000,771000000,1076000000,,,1847000000,418000000,2664000000,29000000,213000000,-48000000,2800000000,261000000,2513000000,2518000000,0.8,0.73,,3166000000,3468000000,,209000000,16048000000,6354000000,,2993000000,14375000000,42997000000,24969000000,195000000,204000000,86833000000,15904000000,27436000000,935000000,,817000000,1750000000,2911000000,37598000000,48054000000,2513000000,2072000000,-2484000000,-233000000,,722000000,,,0,,4511000000,0.19336448197522396,0.11419263577521539,0.10772000514381243,0.09321428571428571,0.03304899481332248,0.01791761327103605,0.0888164944918342,441000000,0.018903510651978223,15561000000,1752000000,-20650000000,47655000000,,278.82213837814857,46.82776801405975,0.052295334415449285,0.028940610136699182,0.07155865699559047,,,,4661000000,
TSLA,2023,Q2,24927000000,20394000000,4533000000,943000000,1191000000,,,2134000000,445000000,2399000000,28000000,238000000,328000000,2937000000,323000000,2703000000,2703000000,0.85,0.78,,3171000000,3478000000,,814000000,15296000000,7779000000,,3447000000,14356000000,43875000000,26389000000,263000000,202000000,90591000000,15273000000,27592000000,1015000000,,504000000,2176000000,3021000000,38409000000,51130000000,,,,,,816000000,,,,,4533000000,0.18185100493440848,0.09624102378946524,0.10843663497412444,0.10997616615594144,0.03783046495767642,0.017852128214386007,,,,16283000000,1519000000,-21556000000,50665000000,,256.93537314896537,50.47358286195691,0.052865245452767454,0.029837401066331093,0.05716186591149028,,,,5197000000,
TSLA,2023,Q3,23350000000,19172000000,4178000000,1161000000,1253000000,,,2414000000,465000000,1764000000,38000000,282000000,37000000,2045000000,167000000,1853000000,1851000000,0.58,0.53,,3176000000,3493000000,,1910000000,15932000000,10145000000,,2520000000,13721000000,45026000000,27744000000,250000000,191000000,93941000000,13937000000,26640000000,1552000000,,2152000000,2206000000,3059000000,39446000000,53466000000,,,,,,897000000,,,,,4178000000,0.17892933618843684,0.07554603854389721,0.0793576017130621,0.08166259168704157,0.04972162740899358,0.019914346895074948,,,,18386000000,3704000000,-22373000000,53025000000,,261.2228771124557,39.39186295503212,0.034657539370815095,0.019725146634589796,0.03928287473359665,,,,5265000000,
TSLA,2024,Q1,21301000000,17605000000,3696000000,1151000000,1374000000,,,2525000000,524000000,1171000000,76000000,350000000,108000000,1553000000,409000000,1129000000,1171000000,0.37,0.34,,3186000000,3484000000,,3860000000,11805000000,15058000000,,3887000000,16033000000,50535000000,31436000000,250000000,171000000,109226000000,14725000000,29453000000,2135000000,,2739000000,3024000000,3214000000,44046000000,64378000000,242000000,2773000000,-5084000000,196000000,,929000000,,,776000000,,3696000000,0.1735129806112389,0.054973944885216654,0.05300220646917985,0.2633612363168062,0.05403502182996103,0.02459978404769729,0.13018168161119195,-2531000000,-0.11882071264259894,21082000000,4874000000,-21989000000,63957000000,,332.4081226924169,66.60508896295948,0.017537046817235703,0.010336366799113764,0.015015649072588993,-0.0869304299369883,-0.5342465753424657,0.0046136101499423265,6238000000,
TSLA,2024,Q2,25500000000,20922000000,4578000000,1074000000,1277000000,,,2973000000,439000000,1605000000,86000000,348000000,20000000,1887000000,393000000,1478000000,1478000000,0.46,0.42,,3191000000,3481000000,,5710000000,14635000000,16085000000,,3737000000,14195000000,52977000000,32902000000,249000000,164000000,112832000000,13056000000,27729000000,2024000000,,5338000000,2793000000,3357000000,45569000000,66468000000,,,,,,981000000,,,,,4578000000,0.17952941176470588,0.06294117647058824,0.05796078431372549,0.2082670906200318,0.04211764705882353,0.017215686274509805,,,,25248000000,7362000000,-23358000000,66055000000,,247.6424338017398,53.49039215686275,0.02223626406691942,0.013099120816789564,0.02146686915372665,0.02298712239740041,-0.46153846153846156,0.0008625646923519081,6150000000,
TSLA,2024,Q3,25182000000,20185000000,4997000000,1039000000,1186000000,,,2280000000,457000000,2717000000,92000000,429000000,-270000000,2784000000,601000000,2167000000,2167000000,0.68,0.62,,3198000000,3497000000,,6610000000,18111000000,15537000000,,3313000000,14530000000,56379000000,36116000000,253000000,158000000,119852000000,14654000000,30577000000,2115000000,,5275000000,3031000000,3350000000,49142000000,69931000000,,,,,,1050000000,,,,,4997000000,0.19843539035819235,0.10789452783734413,0.08605353029942021,0.2158764367816092,0.041259629894368995,0.018147883408784052,,,,25802000000,7390000000,-26258000000,69520000000,,262.74213524894725,48.020212850448736,0.03098768786375141,0.018080632780429196,0.03598148490566404,0.07845824411134904,0.16981132075471692,0.001145147437732641,6381000000,
TSLA,2025,Q1,19335000000,16182000000,3153000000,1409000000,1251000000,,,2754000000,573000000,399000000,91000000,400000000,-119000000,589000000,169000000,409000000,409000000,0.13,0.12,,3218000000,3521000000,,9950000000,16352000000,20644000000,,3782000000,13706000000,59389000000,37088000000,248000000,144000000,125111000000,13471000000,29753000000,2164000000,,5080000000,3243000000,3610000000,49693000000,74653000000,2156000000,1492000000,-1651000000,-332000000,,1150000000,,,625000000,,3153000000,0.1630721489526765,0.020636152055857254,0.021153348849237134,0.2869269949066214,0.07287302818722524,0.029635376260667184,0.07716576157227825,664000000,0.0343418670804241,29636000000,7244000000,-29752000000,74261000000,,309.15152638734395,71.39539694853892,0.005478681365785702,0.003269097041826858,0.004340775482985095,-0.09229613633162763,-0.6470588235294118,0.010619977037887418,6853000000,
TSLA,2025,Q2,22496000000,18618000000,3878000000,1589000000,1366000000,,,2955000000,635000000,923000000,86000000,392000000,320000000,1549000000,359000000,1172000000,1172000000,0.36,0.33,,3223000000,3519000000,,10380000000,15587000000,21195000000,,3838000000,14570000000,61133000000,38574000000,258000000,138000000,128567000000,13212000000,30008000000,1962000000,,4994000000,3237000000,3764000000,50495000000,77314000000,,,,,,1150000000,,,,,3878000000,0.17238620199146515,0.041029516358463726,0.05209815078236131,0.2317624273724984,0.07063477951635846,0.02822724039829303,,,,31125000000,6956000000,-29826000000,76918000000,,285.64024062734984,62.27195945945946,0.015158962154331686,0.009115869546617717,0.01032399981851672,-0.11780392156862746,-0.21428571428571422,0.010916403332375646,7001000000,
TSLA,2025,Q3,28095000000,23041000000,5054000000,1630000000,1562000000,,,3430000000,663000000,1624000000,76000000,439000000,-28000000,1959000000,570000000,1373000000,1373000000,0.43,0.39,,3227000000,3526000000,,9710000000,18289000000,23358000000,,4703000000,12276000000,64653000000,39407000000,257000000,131000000,133735000000,12819000000,31290000000,1852000000,,5609000000,3756000000,3746000000,53019000000,79970000000,,,,,,1350000000,,,,,5054000000,0.1798896600818651,0.057803879693895714,0.04886990567716676,0.29096477794793263,0.05801744082576971,0.02359850507207688,,,,33363000000,7461000000,-34186000000,79582000000,,194.46812204331408,61.09966186154119,0.017168938351881956,0.010266571951994615,0.016653744476766038,0.11567786514176794,-0.3709677419354838,0.008292822419216472,7502000000,
TSLA,2026,Q1,22387000000,17667000000,4720000000,1946000000,1833000000,,,3779000000,1030000000,941000000,92000000,434000000,-535000000,748000000,257000000,477000000,,0.15,0.13,,3234000000,3538000000,,10150000000,16603000000,28140000000,,3959000000,14434000000,69748000000,,,,143724000000,14696000000,34138000000,1374000000,,7645000000,3441000000,3847000000,58922000000,84116000000,3937000000,2493000000,-5023000000,1172000000,,1340000000,,,4331000000,,4720000000,0.21083664626792334,0.04203332291061777,0.02130700853173717,0.34358288770053474,0.08692544780452942,0.046008844418635814,0.11135927100549425,1444000000,0.06450171974806808,35610000000,9019000000,-35724000000,84116000000,,298.20626025924037,64.54795193639166,0.0056707404061058534,0.0033188611505385324,0.008070983414438364,0.1578484613395397,0.08333333333333341,0.004828173814257264,7288000000,
CEG,2023,Q1,5833000000,,,,,,,7560000000,,31000000,107000000,,207000000,238000000,131000000,96000000,,0.29,0.29,0.28,328000000,328000000,,460000000,237000000,,223000000,2147000000,,8108000000,20074000000,,,46158000000,1558000000,5947000000,161000000,,5763000000,,,35072000000,10728000000,-934000000,660000000,219000000,523000000,231000000,605000000,93000000,17000000,1353000000,30000000,,,0.005314589405108864,0.0164580833190468,0.5504201680672269,,,0.11314932281844677,-1594000000,-0.2732727584433396,2161000000,5924000000,5687000000,10728000000,,,134.3485342019544,0.008948545861297539,0.002079812816846484,0.000849038975931524,,,,0,
CEG,2023,Q2,4701000000,,,,,,,4777000000,,669000000,103000000,,502000000,1171000000,342000000,833000000,,2.57,2.56,0.28,324000000,325000000,,438000000,269000000,,647000000,1306000000,,7575000000,20239000000,,,46559000000,1260000000,5225000000,110000000,,6156000000,,,34947000000,11256000000,,,,,,,,,,,,,0.14231014677728143,0.17719634120399916,0.2920580700256191,,,,,,2350000000,6266000000,5997000000,11256000000,,,101.40182939800043,0.0740049751243781,0.0178912777336283,0.027451060751919134,,,,0,
CEG,2023,Q3,5313000000,,,,,,,5134000000,,977000000,82000000,,-82000000,895000000,205000000,731000000,,2.27,2.26,0.28,322000000,323000000,,410000000,1889000000,,727000000,1541000000,,9902000000,20849000000,,,48965000000,1317000000,5263000000,116000000,,7512000000,,,36965000000,11666000000,,,,,,,,,,,,,0.183888575192923,0.1375870506305289,0.22905027932960895,,,,,,4639000000,7628000000,5739000000,11666000000,,,105.86580086580086,0.06266072346991257,0.01492903094046768,0.043275948123813385,,,,0,
CEG,2024,Q1,5260000000,,,,,,,5348000000,,813000000,127000000,,235000000,1048000000,165000000,883000000,,2.79,2.78,0.3525,317000000,318000000,,341000000,562000000,,623000000,1855000000,,8460000000,22446000000,425000000,,52014000000,1309000000,5922000000,122000000,,8352000000,,,40454000000,11199000000,-723000000,738000000,830000000,84000000,499000000,694000000,112000000,14000000,900000000,32000000,,,0.15456273764258555,0.16787072243346007,0.15744274809160305,,,0.14030418250950571,-1461000000,-0.27775665399239546,2538000000,8474000000,7912000000,10774000000,,,128.72148288973384,0.07884632556478258,0.01697619871573038,0.03584318171741545,-0.0982341848105606,8.586206896551724,-0.030487804878048808,0,
CEG,2024,Q2,4406000000,,,,,,,4375000000,,1100000000,142000000,,-136000000,964000000,154000000,814000000,,2.58,2.58,0.3525,315000000,316000000,,329000000,311000000,,584000000,1578000000,,7852000000,21973000000,420000000,,51340000000,1360000000,5801000000,1035000000,,7409000000,,,39559000000,11425000000,,,,,,,,,,,,,0.24965955515206537,0.18474807081252836,0.15975103734439833,,,,,,2051000000,8444000000,8133000000,11005000000,,,130.72401270994098,0.0712472647702407,0.015855083755356447,0.04725809688726669,-0.06275260582854712,0.007812500000000007,-0.027692307692307683,0,
CEG,2024,Q3,4773000000,,,,,,,5085000000,,1467000000,147000000,,178000000,1645000000,449000000,1200000000,,3.83,3.82,0.3525,313000000,314000000,,665000000,1793000000,,494000000,1208000000,,9270000000,20892000000,420000000,,51834000000,1302000000,5452000000,1034000000,,7378000000,,,38893000000,12570000000,,,,,,,,,,,,,0.3073538654934004,0.251414204902577,0.2729483282674772,,,,,,3818000000,8412000000,6619000000,12150000000,,,92.37795935470355,0.0954653937947494,0.023150827642088204,0.055583136298484076,-0.10163749294184077,0.6902654867256638,-0.02786377708978327,0,
CEG,2025,Q1,6106000000,,,,,,,6337000000,,451000000,146000000,,-300000000,151000000,22000000,118000000,,0.38,0.38,0.3878,313000000,314000000,,862000000,1846000000,,386000000,3193000000,,9631000000,21566000000,420000000,,52252000000,2498000000,6545000000,1037000000,,7321000000,,,38918000000,12956000000,107000000,806000000,-886000000,-408000000,0,640000000,122000000,5000000,0,57000000,,,0.07386177530298067,0.019325253848673438,0.1456953642384106,,,0.1320013101867016,-699000000,-0.11447756305273502,3086000000,8358000000,6512000000,12536000000,,,190.86881755650182,0.009107749305341155,0.0022582867641429993,0.019791010413420837,0.16083650190114068,-0.8633093525179857,-0.012578616352201255,0,
CEG,2025,Q2,5161000000,,,,,,,5150000000,,951000000,118000000,,322000000,1273000000,440000000,839000000,,2.67,2.67,0.3878,314000000,314000000,,855000000,1974000000,,398000000,2947000000,,9233000000,21820000000,420000000,,53038000000,2446000000,6256000000,125000000,,7286000000,,,39235000000,13446000000,,,,,,,,,,,,,0.1842666149970936,0.16256539430342956,0.34564021995286726,,,,,,2977000000,7411000000,5437000000,13026000000,,,208.4198798682426,0.06239773910456641,0.015818846864512237,0.03295536465735441,0.1713572401270994,0.0348837209302325,-0.006329113924050667,0,
CEG,2025,Q3,5703000000,,,,,,,5484000000,,1086000000,134000000,,309000000,1395000000,466000000,930000000,,2.98,2.97,0.3878,313000000,313000000,,851000000,3959000000,,427000000,3168000000,,11649000000,21990000000,420000000,,56161000000,2509000000,7455000000,118000000,,7269000000,,,41469000000,14350000000,,,,,,,,,,,,,0.19042609153077328,0.16307206733298263,0.3340501792114695,,,,,,4194000000,7387000000,3428000000,13930000000,,,202.75644397685429,0.06480836236933799,0.016559534196328413,0.04068070116865475,0.19484600879949718,-0.22251308900523553,-0.0031847133757961776,0,
CEG,2026,Q1,7541000000,,,,,,,8804000000,,2332000000,253000000,,-207000000,2125000000,530000000,1590000000,,4.49,4.49,0.4265,354000000,354000000,,12034000000,800000000,,,4414000000,2582000000,18009000000,40769000000,11527000000,,96911000000,2708000000,13215000000,370000000,,16994000000,,,63091000000,33483000000,425000000,1275000000,-3732000000,730000000,,1202000000,155000000,2537000000,2770000000,5254000000,,,0.3092428059939,0.21084736772311363,0.24941176470588236,,,0.16907571940061,-850000000,-0.11271714626707333,4794000000,17364000000,16564000000,21956000000,,,213.64673120275825,0.04748678433832094,0.01640680624490512,0.034974559208461695,0.23501473960039307,10.81578947368421,0.1273885350318471,0,
BE,2023,Q1,258771000,220924000,54267000,45690000,,27111000,45147000,117948000,,-63681000,11700000,1995000,-1343000,-74658000,259000,-74917000,,-0.35,-0.35,,206724000,206724000,,,320431000,,,329757000,397689000,1244929000,,,,2192210000,130061000,771591000,24406000,,377946000,,,1758376000,399315000,-314710000,26574000,-26574000,306487000,,18150000,,,,,37847000,0.2097105162479567,-0.2460901723918059,-0.28951080298797005,-0.003469152669506282,0.17656538020102716,,0.1026931147617005,-341284000,-1.3188649423621657,473338000,402352000,81921000,399315000,,657.0426255182778,465.1267143536177,-0.18761378861299977,-0.034174189516515296,-0.13278707143926646,,,,0,
BE,2023,Q2,285291000,244745000,56350000,41493000,,26822000,42491000,110806000,,-54456000,14000000,4357000,-740000,-68881000,178000,-69059000,,-0.32,-0.32,,208692000,208692000,,,767055000,,,351021000,468266000,1776399000,,,,2719902000,194503000,828548000,10814000,,947016000,,,2373667000,307756000,,,,,,,,,,,40546000,0.19751762235752268,-0.19087878692282617,-0.24206511947450146,-0.0025841668965316997,0.1454409707982376,,,,,947851000,957830000,190775000,307756000,,698.3476271221067,449.09466124062794,-0.22439530017286421,-0.025390253031175387,-0.10951520244983266,,,,0,
BE,2023,Q3,383439000,405482000,-5214000,35126000,,20002000,43366000,98494000,,-103708000,-68000000,7419000,-1577000,-167432000,646000,-168078000,,-0.8,-0.8,,210930000,210930000,,,557384000,,,334495000,475649000,1682472000,,,,2376172000,153793000,461726000,0,,841975000,,,1870972000,486613000,,,,,,,,,,,-22043000,-0.013597990814705859,-0.2704680535887064,-0.4383435174825722,-0.0038582827655406376,0.09160779159136134,,,,,1220746000,841975000,284591000,486613000,,428.1617556389679,318.409642733264,-0.3454038424785199,-0.07073477845879844,-0.13499428787849738,,,,0,
BE,2024,Q1,226095000,197222000,38076000,35485000,,13599000,38009000,87093000,,-49017000,14546000,7531000,-1170000,-57044000,-501000,-56543000,,-0.25,-0.25,,225587000,225587000,,,515957000,,,348422000,526351000,1579595000,,,,2286054000,94231000,354671000,0,,847935000,,,1796904000,466115000,-147266000,21435000,-21428000,7150000,,12518000,,,,,28873000,0.16840708551714986,-0.2167982485238506,-0.2500851412017073,0.008782694060725054,0.1569473009133329,,0.09480528096596563,-168701000,-0.7461509542448971,1224924000,847935000,331978000,466115000,,974.1211173195688,562.4805059819987,-0.1213069736009354,-0.024733886426129916,-0.06087824186557888,-0.12627380966182455,-0.28571428571428564,0.0912472668872506,0,
BE,2024,Q2,326465000,267245000,68522000,37364000,,17901000,36385000,91650000,,-23128000,15376000,6430000,-985000,-60329000,856000,-61185000,,-0.27,-0.27,,227167000,227167000,,,581684000,,,524000000,520216000,1830014000,,,,2548044000,104201000,393475000,0,,1125358000,,,2101494000,423253000,,,,,,,,,,,59220000,0.20989079993261145,-0.07084373516303433,-0.18741672154748595,-0.014188864393575229,0.1144502473465762,,,,,1436539000,1125358000,543674000,423253000,,710.504742838968,585.8514695296586,-0.14455892811155502,-0.024012536675190852,-0.024258460106807038,0.14432281424931034,-0.15624999999999997,0.08852759089950735,0,
BE,2024,Q3,321796000,251665000,78734000,36315000,,14667000,37403000,88385000,,-9651000,16763000,6456000,5821000,-14523000,109000,-14632000,,-0.06,-0.06,,227957000,227957000,,,495677000,,,590794000,584484000,1902888000,,,,2604517000,124272000,566923000,114139000,,1013297000,,,2149525000,430944000,,,,,,,,,,,70131000,0.24467053661325808,-0.029991050230580865,-0.04546980074332807,-0.007505336363010397,0.1128509987694067,,,,,1335965000,1127436000,631759000,430944000,,847.7009516619316,670.1133948215639,-0.03395336749090369,-0.005617932230812853,-0.009149719160705685,-0.16076351127558752,-0.9249999999999999,0.0807234627601574,0,
BE,2025,Q1,319262000,237314000,88707000,40612000,,22265000,44900000,107777000,,-19070000,14411000,8553000,2048000,-22983000,431000,-23414000,-23814000,-0.1,-0.1,,230210000,230210000,,,794751000,,,333981000,612504000,2008878000,,,,2607984000,144998000,584419000,114631000,,1016182000,,,2006529000,578271000,-110682000,14259000,-14216000,5130000,,11986000,,,,,81948000,0.27785016694752274,-0.05973150578521716,-0.07333788549843076,-0.018752991341426273,0.12720586853430724,,0.044662377608359276,-124941000,-0.3913431601631262,1424459000,1130813000,336062000,578271000,,942.0597183478429,381.82766818475113,-0.040489666609599996,-0.00897781581482095,-0.021247859964456058,0.41207014750436766,-0.6,0.020493202179203696,0,
BE,2025,Q2,396256000,294119000,107123000,40768000,,24066000,45792000,110626000,,-3503000,14440000,6623000,2373000,-41175000,1017000,-42192000,,-0.18,-0.18,,232542000,232542000,,,574764000,,,467038000,689963000,1933286000,,,,2530422000,144781000,387339000,3707000,,1129190000,,,1910992000,594581000,,,,,,,,,,,102137000,0.27033786239198904,-0.00884024469030122,-0.10647662117419042,-0.024699453551912567,0.10288298473713962,,,,,1545947000,1132897000,558133000,594581000,,856.2401442953362,430.19883610595167,-0.0709608951513755,-0.016673898661962314,-0.0031139746596227243,0.21377789349547424,-0.3333333333333334,0.02366100710050323,0,
BE,2025,Q3,513331000,367373000,151675000,48724000,,41995000,53110000,143829000,,7846000,14390000,5292000,-1362000,-22624000,336000,-22960000,,-100,-100,,234931000,234931000,,,595055000,,,411653000,704996000,2047896000,,,,2638199000,167382000,465951000,1424000,,1130892000,,,1960720000,653070000,,,,,,,,,,,145958000,0.2954721222758805,0.015284485059347673,-0.04472747603398197,-0.01485148514851485,0.09491731455922202,,,,,1581945000,1132316000,537261000,653070000,,700.4421664085276,292.70265189517096,-0.03515702757744193,-0.008702906793611855,0.006689336623573819,0.5952062797548757,1665.6666666666667,0.03059348912294868,0,
BE,2026,Q1,746401000,525510000,225544000,56849000,,38439000,58066000,153354000,,72190000,8604000,20601000,6197000,74136000,445000,73691000,70653000,0.25,0.23,,281719000,319708000,,,2491433000,,,359406000,732528000,3954536000,,,,4664729000,241649000,786804000,3959000,,2598676000,,,3716721000,921469000,73610000,26182000,-45939000,7057000,,13279000,,,,,220891000,0.3021753722194906,0.09671744812774903,0.0987284314999578,0.0060024819251106075,0.07616415304909828,,0.03507765932789479,47428000,0.06354225141713368,3167732000,2602635000,111202000,921469000,,508.7871210823771,175.7543063313152,0.07997121986740736,0.0157974879140889,0.06948648778732652,1.3378948951018286,-3.3,0.38876677815907223,0,
AAOI,2023,Q1,53030000,43786000,9244000,8536000,,2327000,12548000,23411000,2290000,-14167000,2137000,33000,-2125000,-16292000,0,-16292000,,-0.56,-0.56,,28871857,28871857,,,16103000,,,56799000,70186000,161529000,207171000,,3655000,383551000,38419000,205607000,50921000,,0,200000,,210914000,172637000,-9390000,575000,-783000,1088000,,5329000,,,,,9244000,0.1743164246652838,-0.26715066943239674,-0.3072223269847256,-0.0,0.16096549123137846,0.04318310390345088,0.010842919102394872,-9965000,-0.1879125023571563,-44078000,50921000,34818000,168982000,,585.0703421184854,390.9416368093532,-0.09437142675092824,-0.042476750158388324,-0.06828950856812321,,,,200000,
AAOI,2023,Q2,41615000,33717000,7898000,8640000,,2269000,12954000,23863000,3062000,-15965000,2175000,37000,-971000,-16936000,8000,-16944000,,-0.57,-0.57,,29488561,29488561,,,21578000,,,42598000,66321000,144546000,197879000,,3625000,356877000,35111000,187470000,37276000,,0,10720000,1000000,193618000,163259000,,,,,,5000000,,,,,7898000,0.18978733629700828,-0.38363570827826504,-0.4071608794905683,-0.0004723665564478035,0.2076174456325844,0.07357923825543675,,,,-42924000,37276000,15698000,159634000,,717.9513301895187,373.6217709960351,-0.10378600873458738,-0.04747854302742962,-0.08925351526944289,,,,11720000,
AAOI,2023,Q3,62547000,42373000,20174000,9457000,,3035000,14368000,26860000,3235000,-6686000,1989000,65000,-2267000,-8953000,0,-8953000,,-0.27,-0.27,,32774148,32774148,,,21940000,,,60751000,67533000,164398000,193828000,,3626000,373792000,34854000,188248000,31323000,,0,10073000,2424000,195439000,178353000,,,,,,4800000,,,,,20174000,0.32254144883047947,-0.10689561449789758,-0.14314035845044526,-0.0,0.1511982988792428,0.05172110572849217,,,,-23850000,31323000,9383000,174727000,,581.7276331626272,354.51924153036913,-0.05019820244122611,-0.023951823474017635,-0.03561384071248988,,,,12497000,
AAOI,2024,Q1,40673000,33082000,7591000,11712000,,3798000,13727000,29237000,2839000,-21646000,1676000,260000,-1524000,-23170000,0,-23170000,,-0.6,-0.6,,38362118,38362118,,,8433000,,,57476000,54322000,133635000,199941000,,3610000,350916000,23639000,74609000,24129000,,0,1689000,,155190000,195726000,-28481000,5761000,-8072000,-1417000,,4995000,,,,,7591000,0.18663486834017654,-0.5321958055712634,-0.5696653799818061,-0.0,0.28795515452511494,0.06980060482383892,0.1416418754456273,-34242000,-0.8418852801612864,59026000,24129000,15696000,192116000,,599.344961005985,515.7903277358445,-0.11837977580903916,-0.06602719739196845,-0.10238291190131585,-0.233019045823119,0.07142857142857129,0.3287028264236693,1689000,
AAOI,2024,Q2,43270000,33708000,9562000,13078000,,5910000,16818000,35806000,6058000,-26244000,1693000,93000,129000,-26115000,0,-26115000,,-0.66,-0.66,,39364720,39364720,,,10653000,,,57661000,54322000,132969000,197781000,,3616000,348040000,33518000,80939000,22506000,,0,1570000,,161546000,186494000,,,,,,5000000,,,,,9562000,0.22098451583082968,-0.6065172174716894,-0.6035359371388953,-0.0,0.30224173792465914,0.14000462214005086,,,,52030000,22506000,11853000,182878000,,588.2143704758514,486.39392188583315,-0.14003131468036506,-0.07503447879554075,-0.13231357166985133,0.03976931394929713,0.15789473684210542,0.3349149183644464,1570000,
AAOI,2024,Q3,65151000,49234000,15917000,13428000,,4796000,14240000,32464000,2943000,-16547000,1702000,156000,-1210000,-17757000,0,-17757000,,-0.42,-0.42,,42311811,42311811,,,34124000,,,75154000,64382000,188363000,205303000,,3663000,409972000,55991000,117102000,29483000,,0,1439000,,197886000,212086000,,,,,,5100000,,,,,15917000,0.24430937360900062,-0.25397921751009195,-0.2725514573836165,-0.0,0.20610581572040337,0.045171985080812264,,,,71261000,29483000,-4641000,208423000,,477.30084900678395,421.0405059016746,-0.08372546985656762,-0.04331271403900754,-0.07976572103449107,0.04163269221545398,0.5555555555555554,0.2910117755006172,1439000,
AAOI,2025,Q1,99859000,69315000,30544000,17810000,,5357000,16314000,39481000,2562000,-8937000,934000,224000,-235000,-9172000,0,-9172000,,-0.18,-0.18,,50041000,50041000,,,51144000,,,171101000,102313000,358842000,241453000,,3634000,644668000,124866000,191007000,20312000,,1811000,,,335655000,309013000,-50915000,28389000,-36301000,70014000,,5725000,,,,,30544000,0.3058712785026888,-0.0894961896273746,-0.09184950780600647,-0.0,0.1783514755805686,0.02565617520704193,0.2842908500986391,-79304000,-0.7941597652690293,167835000,22123000,-29021000,305379000,,538.7613792108491,625.4004646551638,-0.029681599156022562,-0.014227478329931065,-0.03191876910768879,1.4551668182823987,-0.7,0.3044378832263641,0,
AAOI,2025,Q2,102952000,71790000,31162000,20612000,,8135000,18391000,47138000,3164000,-15976000,818000,286000,6878000,-9098000,0,-9098000,,-0.16,-0.16,,56772000,56772000,,,64699000,,,211452000,138867000,458338000,269386000,,3639000,796850000,132962000,216843000,22183000,,0,,,371869000,424981000,,,,,,6300000,,,,,31162000,0.302684746289533,-0.15517911259616132,-0.08837127981972182,-0.0,0.20020980651177248,0.030732768668894243,,,,241495000,22183000,-42516000,421342000,,706.0378186376932,749.6695547439583,-0.0214080158877691,-0.011417456233921064,-0.04177114245747977,1.379292812572221,-0.7575757575757576,0.44220510142076463,0,
AAOI,2025,Q3,118630000,85367000,33263000,21265000,,9871000,20314000,51450000,3116000,-18187000,902000,451000,251000,-17936000,0,-17936000,,-0.28,-0.28,,63329000,63329000,,,136961000,,,224028000,170214000,575312000,310303000,,3640000,978528000,150145000,249142000,27978000,,0,,,419443000,559085000,,,,,,7300000,,,,,33263000,0.28039281800556354,-0.15330860659192447,-0.15119278428727978,-0.0,0.1792548259293602,0.02626654303295962,,,,326170000,27978000,-108983000,555445000,,727.7766584277297,689.2878698474248,-0.03208098947387249,-0.018329572582491252,-0.04040639677228717,0.8208469555340671,-0.33333333333333326,0.49672156552221325,0,
AAOI,2026,Q1,151144000,107228000,43916000,25656000,,6347000,24904000,56907000,4391000,-12991000,863000,1737000,-241000,-13232000,1049000,-14281000,,-0.19,-0.19,,75980000,75980000,,,439705000,,,298996000,206246000,992577000,419003000,,3614000,1565879000,148160000,259428000,41225000,,0,,,459927000,1105952000,-85353000,58225000,-68087000,389265000,,9229000,,,,,43916000,0.29055734928280313,-0.08595114592706293,-0.0944860530355158,-0.07927750906892382,0.1697454083522998,0.029051765204043827,0.3852286561160218,-143578000,-0.9499417773778648,733149000,41225000,-398480000,1102338000,,702.0534748386616,722.0500979198645,-0.012912856977518011,-0.009120117199349374,-0.019818302519837374,0.5135741395367468,0.05555555555555561,0.5183549489418677,0,
IREN,2025,Q1,52764000,31859000,,,25172000,578000,,,8184000,-47086000,22000,2289000,-3335000,-50421000,1282000,-51703000,-51703000,-0.27,-0.27,0,189262447,189262447,,,,,,,,,,,,,,,,,,,,,1129677000,-3915000,105831000,-387137000,84669000,,33931000,,,,,20905000,0.3961981654158138,-0.8923887499052384,-0.9798915927526344,-0.02542591380575554,,0.15510575392312942,2.0057425517398224,-109746000,-2.0799408687741643,,,,1129677000,,,,-0.04576794959975285,,,,,,0,
IREN,2025,Q2,116144000,32294000,,,28892000,857000,,,7975000,17310000,1722000,1587000,-36193000,-18883000,3005000,-21888000,-21888000,-0.1,-0.1,0,210470186,210470186,,,,,,,,,,,,,,,,,,,,,1245645000,,,,,,36077000,,,,,83850000,0.7219486155117785,0.1490391238462598,-0.18845571015291362,-0.15913784885876184,,0.06866476098636176,,,,,,,1245645000,,,,-0.017571619522416097,,,,,,0,
IREN,2025,Q3,144823000,41951000,,,29097000,619000,,,7770000,29215000,4119000,1925000,-40321000,-11106000,5038000,-16144000,-16144000,-0.07,-0.07,0,218659835,218659835,,,,,,,,,,,,,,,,,,,,,1344558000,,,,,,47311000,,,,,102872000,0.7103291604234134,0.20172900713284492,-0.11147400620067255,-0.4536286691878264,,0.0536516989704674,,,,,,,1344558000,,,,-0.012006919746117312,,,,,,0,
IREN,2026,Q1,240295000,80673000,,,138359000,3080000,,,72405000,-76405000,9280000,7128000,651703000,575298000,190687000,384611000,391494000,1.42,1.08,0,270696733,361680593,,195027000,1032263000,,681400000,24139000,,1123940000,2115436000,,,4267374000,70938000,203745000,,,,1107000,22234000,1391207000,2876167000,142353000,180307000,-280877000,606137000,,85226000,,,,,159622000,0.6642751617803117,-0.31796333673193367,1.6005784556482656,0.33145778361822914,,0.30131713102644664,0.7503568530348114,-37954000,-0.15794752283651345,920195000,,,2876167000,,,36.66632680663351,0.13372345903419378,0.09012826154914005,,3.554146766734895,-5.0,0.9110003000225395,23341000,
IREN,2026,Q2,184692000,65763000,,,100755000,1997000,,,58231000,-116403000,10668000,15775000,-221524000,-337927000,-182520000,-155407000,-155407000,-0.52,-0.52,0,298027356,298027356,,289411000,3260589000,,0,9606000,,3383421000,,,107573000,7027577000,232590000,682131000,,,,6794000,39831000,4516384000,2511193000,,,,,,99176000,,,,,118929000,0.6439315184198557,-0.6302546943018648,-0.8414387195980335,0.5401166524130951,,0.31528707253156607,,,,2701290000,,,2403620000,,,18.98398414657917,-0.06188572523099579,-0.0221138807870764,,0.59019837443174,4.2,0.41600747195614685,46625000,
IREN,2026,Q3,144795000,39933000,,,81750000,8843000,,,31487000,-233523000,14837000,21799000,-20563000,-254086000,-6259000,-247827000,-247827000,-0.74,-0.74,0,333734176,333734176,,710272000,2213274000,,0,69087000,,2424486000,,1180000,,7264897000,97049000,651356000,,,,21790000,98598000,4600369000,2664528000,,,,,,121245000,,,,,104862000,0.7242100901274215,-1.6127835905935979,-1.711571532166166,0.02463339184370646,,0.21745916640767982,,,,1773130000,,,2663348000,,,174.15487413239407,-0.09300971879447317,-0.034112940623934516,,-0.00019333945574943206,9.57142857142857,0.5262710501908134,120388000,
CRWV,2024,Q1,188684000,59220000,,9000000,,4050000,15686000,171837000,8189000,16847000,40503000,,7460000,-113849000,15399000,-129248000,-129248000,-0.62,-0.62,,209228000,209228000,,,1306872000,,,,,,,,,,,,,,,,,,-715555000,2039038000,1741935000,-1771243000,919495000,,79510000,,,931647000,4956000,129464000,0.6861419092238875,0.08928684997138073,-0.6849971380721206,-0.13525810503386063,0.04769879799029064,0.04340060630472112,9.232022853024104,297103000,1.574606219923258,,,,-715555000,,,,0.18062622719427576,,,,,,0,
CRWV,2024,Q2,395371000,108838000,,12000000,,4172000,21754000,317650000,7660000,77721000,67097000,,16406000,-282870000,40151000,-323021000,-338617000,-1.62,-1.62,,209626000,209626000,,,1028044000,,,,,,,,,,,,,,,,,,-1043940000,,,,,,164000000,,,,,286533000,0.7247193142643239,0.19657739186738532,-0.8170073171780429,-0.1419415279103475,0.03035123972167913,0.019374208022338513,,,,,,,-1043940000,,,,0.30942487116117784,,,,,,0,
CRWV,2024,Q3,583941000,143134000,,14000000,,4554000,33628000,466825000,7617000,117116000,102328000,,10244000,-318148000,41659000,-359807000,-389167000,-1.82,-1.82,,213806000,213806000,,,1355216000,,,,,,,,,,,,,,,,,,-344027000,,,,,,253000000,,,,,440807000,0.7548827706908746,0.20056135808240902,-0.6161701267765065,-0.1309422029998617,0.023975024874088306,0.01304412603328076,,,,,,,-344027000,,,,1.0458684928799193,,,,,,0,
CRWV,2025,Q1,981632000,262394000,,70000000,,10549000,174757000,1009102000,183973000,-27470000,257371000,,-4137000,-268605000,46036000,-314641000,-343363000,-1.4,-1.49,0,245608000,249293000,,14700000000,1276456000,,,1055208000,,3102647000,14210992000,19544000,4395000,21860383000,1242100000,7130797000,3776595000,,4935071000,436530000,3611469000,18791101000,1906123000,61168000,1407359000,-1433051000,1853866000,,443497000,,,784956000,271104000,719238000,0.7326961631242666,-0.027984010301212673,-0.3205284668796453,-0.1713892146460416,0.07130981875081496,0.18741544692919546,1.4336930743904028,-1346191000,-1.371380517342548,-4028150000,8711666000,7435210000,1882184000,,,392.35774709870907,-0.1650685711257878,-0.01439320619405433,-0.0034446969962773797,4.202518496533887,1.403225806451613,0.19148966677500145,4047999000,
CRWV,2025,Q2,1212788000,312667000,,80000000,,36799000,174200000,1193579000,145005000,19209000,256162000,,5023000,-242734000,47775000,-290509000,-290509000,-0.6,-0.6,,486591000,486591000,,30100000000,1152883000,,,1933698000,,3945983000,16631510000,812970000,205895000,26241363000,1226579000,7556355000,3627664000,,7423837000,951346000,3896173000,22420557000,2657647000,,,,,,553000000,,,,,900121000,0.7421915454308585,0.015838712124460336,-0.239538155060901,-0.19682038774955302,0.06596371336127996,0.119563353199405,,,,-3610372000,11051501000,9898618000,1638782000,,,581.9646714842165,-0.109310604455746,-0.011070652084649718,0.0018309364152700794,2.067468276631316,-0.6296296296296297,1.3212340072319275,4847519000,
CRWV,2025,Q3,1364676000,368824000,,93000000,,44645000,151878000,1312826000,144431000,51850000,283416000,,21901000,-236804000,-126680000,-110124000,-110124000,-0.22,-0.22,,497886000,497886000,,50000000000,1894399000,47449000,,1659229000,,4731283000,20659181000,829979000,200001000,32910498000,1156978000,9714872000,3712177000,,10322757000,1107580000,4228222000,29032484000,3878014000,,,,,,621000000,,,,,995852000,0.7297351166137603,0.03799436642836834,-0.08069607731065835,0.5349571797773687,0.06814804393130677,0.10583537777465127,,,,-4983589000,14034934000,12093086000,2848034000,,,443.7819563031812,-0.02839700939707799,-0.0033461663205461064,0.0015052842943854298,1.3370100746479525,-0.8791208791208791,1.3286811408473103,5335802000,
CRWV,2026,Q1,2078000000,716000000,,104000000,,69000000,164000000,2222000000,153000000,-144000000,427000000,,24000000,-656000000,84000000,-740000000,-740000000,-1.4,-1.4,0,527000000,527000000,,98800000000,2244000000,22000000,,2120000000,,5609000000,36424000000,1101000000,224000000,55573000000,3371000000,17818000000,7547000000,,17312000000,2130000000,5393000000,50814000000,4759000000,2984000000,7695000000,-7708000000,3914000000,,1147000000,,,3290000000,1335000000,1362000000,0.6554379210779596,-0.06929740134744947,-0.35611164581328203,-0.12804878048780488,0.05004812319538017,0.07362848893166506,3.703079884504331,-4711000000,-2.2670837343599617,-12209000000,24859000000,22593000000,3434000000,,,372.3772858517806,-0.15549485185963438,-0.013315818832886473,-0.005934062409229337,1.1168829052027645,-0.06040268456375844,1.113978330719274,7523000000,
LITE,2023,Q1,506800000,,201200000,72700000,105700000,,,187700000,46600000,13500000,8500000,4800000,13800000,,19200000,-400000,-400000,-0.01,-0.01,,68100000,68100000,,,605300000,1019600000,,,366200000,2438400000,478000000,693700000,576000000,4387400000,205700000,802800000,420200000,,1899500000,,,2861000000,1526400000,20800000,22900000,-646600000,-59100000,35800000,24500000,,,,,,0.39700078926598265,0.026637726913970008,-0.0007892659826361484,,0.14344909234411996,0.09194948697711129,0.045185477505919495,-2100000,-0.004143646408839779,1635600000,2319700000,694800000,256700000,,,,-0.0002620545073375262,-9.117016912066372e-05,,,,,0,
LITE,2023,Q2,506000000,,166200000,75800000,98400000,,,188100000,36600000,-21900000,8900000,7700000,3700000,,4600000,-31700000,-31700000,-0.46,-0.46,,68300000,68300000,,,592100000,1088300000,,,366900000,2492600000,487700000,698200000,539900000,4418100000,205600000,814300000,420700000,,1900300000,,,2874500000,1543600000,,,,,,26400000,,,,,,0.3284584980237154,-0.043280632411067194,-0.06264822134387352,,0.14980237154150197,0.07233201581027668,,,,1678300000,2321000000,640600000,305500000,,,,-0.020536408395957502,-0.007175029990267309,,,,,0,
LITE,2023,Q3,383400000,,112000000,85400000,76400000,,,163400000,33100000,-51400000,8700000,11900000,11400000,,-9400000,-39300000,-39300000,-0.57,-0.57,,68600000,68600000,,,549200000,1118000000,,,410200000,2463600000,482900000,696200000,498400000,4354000000,198700000,768900000,426200000,,1900800000,,,2816000000,1538000000,,,,,,27700000,,,,,,0.2921231090245175,-0.13406364110589464,-0.10250391236306729,,0.22274387063119458,0.08633281168492436,,,,1694700000,2327000000,659800000,343400000,,,,-0.025552665799739922,-0.009026182820395039,,,,,0,
LITE,2024,Q1,317600000,,76700000,73500000,73000000,,,157500000,32100000,-80800000,9700000,21700000,21200000,,-1400000,-67900000,-67900000,-1.02,-1.02,,66700000,66700000,,,861500000,1082700000,,,428000000,2691700000,511600000,695100000,435200000,4545000000,134600000,593700000,,,,,,3234200000,1310800000,-2300000,57800000,17800000,-12900000,0,28200000,,,0,,,0.24149874055415618,-0.25440806045340053,-0.21379093198992444,,0.23142317380352645,0.10107052896725441,0.18198992443324938,-60100000,-0.1892317380352645,2098000000,,,180500000,,,,-0.05180042722001831,-0.01493949394939494,,-0.3733228097868982,101.0,-0.02055800293685761,0,
LITE,2024,Q2,366800000,,64000000,78300000,85100000,,,169200000,34600000,-105200000,9700000,17100000,13400000,,-2400000,-99100000,-99100000,-1.47,-1.47,,67200000,67200000,,,469300000,754700000,,,471700000,2062100000,582300000,1054600000,730600000,4656000000,163000000,658400000,,,,,,3378200000,1277800000,,,,,,27200000,,,,,,0.17448200654307525,-0.28680479825517996,-0.2701744820065431,,0.21346782988004362,0.09432933478735006,,,,1403700000,,,-507400000,,,,-0.07755517295351386,-0.021284364261168386,,-0.27509881422924903,2.1956521739130435,-0.016105417276720324,0,
LITE,2024,Q3,366500000,,59500000,77200000,77700000,,,174100000,31600000,-114600000,9000000,12600000,16200000,,19600000,-127000000,-127000000,-1.88,-1.88,,67500000,67500000,,,425000000,445900000,,,420700000,1650000000,578700000,1055900000,688500000,4204500000,133400000,317600000,,,,,,3027800000,1176700000,,,,,,27000000,,,,,,0.16234652114597545,-0.31268758526603,-0.34652114597544337,,0.2106412005457026,0.08622100954979536,,,,1332400000,,,-567700000,,,,-0.10792895385399848,-0.03020573195385896,,-0.0440792905581638,2.298245614035088,-0.01603498542274051,0,
LITE,2025,Q1,336900000,,77900000,74300000,76300000,,,160300000,35600000,-82400000,5500000,9400000,3200000,,3200000,-82400000,-82400000,-1.21,-1.21,,68300000,68300000,,,489200000,426900000,,,403300000,1636200000,,1060900000,573900000,3969600000,163100000,305100000,10800000,,2569200000,,,3073700000,895900000,39600000,74100000,-47100000,60000000,,27000000,,,76500000,,,0.23122588305135056,-0.2445829623033541,-0.2445829623033541,,0.2205402196497477,0.10566933808251706,0.21994657168299198,-34500000,-0.10240427426536064,1331100000,2580000000,1663900000,-738900000,,,,-0.09197455073110838,-0.020757758968158,,0.06076826196473552,0.18627450980392152,0.02398800599700146,0,
LITE,2025,Q2,402200000,,99600000,74200000,76300000,,,151200000,38800000,-51600000,5600000,18400000,9300000,,18600000,-60900000,-60900000,-0.88,-0.88,,68900000,68900000,,,479700000,417000000,,,402300000,1651400000,,1060900000,534900000,3966100000,184700000,346900000,9800000,,2561200000,,,3093800000,872300000,,,,,,25900000,,,,,,0.24763799104922923,-0.12829438090502238,-0.15141720537046247,,0.1844853306812531,0.09646941819990054,,,,1304500000,2571000000,1674300000,-723500000,,,,-0.06981543047116817,-0.015355134767151609,,0.0965103598691385,-0.4013605442176871,0.02529761904761907,0,
LITE,2025,Q3,425200000,,122500000,75900000,112000000,,,160200000,62700000,-37700000,5700000,,-1500000,,4900000,-44100000,-44100000,-0.64,-0.64,,69300000,69300000,,,516400000,350300000,,,422900000,1667300000,,1060900000,499800000,3975000000,195200000,353000000,10300000,,2562400000,,,3095500000,879500000,,,,,,25000000,,,,,,0.2880997177798683,-0.08866415804327375,-0.10371589840075258,,0.17850423330197554,0.14746001881467544,,,,1314300000,2572700000,1706000000,-681200000,,,,-0.05014212620807277,-0.01109433962264151,,0.1601637107776262,-0.6595744680851063,0.026666666666666616,0,
LITE,2026,Q1,533800000,,181500000,81400000,85100000,,,174800000,42400000,6700000,5700000,,-1500000,,1000000,4200000,4200000,0.06,0.05,,70300000,78300000,,,772900000,348900000,,,531600000,2085600000,,1060900000,430700000,4613100000,278600000,1526200000,1079000000,,2164500000,,,3832300000,780800000,57900000,76200000,-67800000,262100000,,27800000,,,0,,,0.34001498688647436,0.012551517422255526,0.007868115399025852,,0.15249156987635817,0.07943049831397528,0.14275009366804045,-18300000,-0.034282502810041214,559400000,3243500000,2121700000,-710800000,,,,0.005379098360655738,0.0009104506730831761,,0.5844464232710003,-1.0413223140495869,0.14641288433382127,0,
LITE,2026,Q2,665500000,,240100000,80100000,96100000,,,175800000,39300000,64300000,6300000,,32200000,,18300000,78200000,78200000,1.1,0.89,,71100000,87800000,,,657700000,497600000,,,570400000,2283200000,,1060900000,396700000,4805300000,347400000,3767600000,3240200000,,47100000,,1500000,3958700000,846600000,,,,,,30600000,,,,,,0.36078136739293765,0.0966190833959429,0.11750563486100676,,0.12036063110443276,0.05905334335086401,,,,-1484400000,3287300000,2132000000,-611000000,,,,0.09236947791164658,0.01627369779202131,,0.6546494281452014,-2.0113636363636362,0.27431059506531197,1500000,
LITE,2026,Q3,808400000,,357000000,90600000,90800000,,,182500000,41200000,174500000,6200000,,9300000,,39600000,144200000,142500000,1.99,1.5,,71500000,96200000,,,2617800000,554500000,,,632800000,4395700000,,1066300000,362900000,7027900000,392700000,3865300000,3238600000,,43200000,,2200000,4054500000,2973400000,,,,,,32800000,,,,,,0.44161306284017815,0.21585848589807027,0.17837704106877783,,0.11207323107372588,0.05096486887679367,,,,530400000,3281800000,109500000,1544200000,,,,0.0484966704782404,0.020518220236486005,,0.9012229539040452,-3.34375,0.38816738816738816,2200000,
PLTR,2023,Q1,525186000,107645000,417541000,90100000,,187093000,136233000,413426000,114714000,4115000,1275000,20853000,-2861000,20832000,1681000,16802000,16802000,0.01,0.01,,2107780000,2217439000,,936000000,1264738000,1639797000,,254041000,,3256147000,63115000,,33130000,3683138000,4530000,601413000,,,,229551000,54400000,879945000,2723733000,187376000,4755000,-1554591000,25983000,0,8320000,,,,,417541000,0.7950345211029997,0.007835319296401655,0.03199247504693575,0.0806931643625192,0.17155826697589044,0.21842547211844945,0.009053935177251489,182621000,0.3477263293385581,2654734000,,,2690603000,,,176.5564295316326,0.006168739740642713,0.004561870882926461,,,,,283951000,
PLTR,2023,Q2,533317000,106899000,426418000,99533000,,184163000,132648000,416344000,114201000,10074000,1317000,30310000,-9024000,30043000,2171000,28127000,28127000,0.01,0.01,,2131224000,2278155000,,967600000,1055923000,2047329000,,375756000,,3576914000,54097000,,30721000,3980264000,4613000,685384000,,,,260335000,50408000,945126000,2955474000,,,,,,6000000,,,,,426418000,0.7995582364709919,0.018889328485684875,0.05273974015454223,0.07226308957161402,0.186630090546523,0.21413343283638062,,,,2891530000,,,2924753000,,,257.1658882053263,0.009516916744995895,0.007066616686732337,,,,,310743000,
PLTR,2023,Q3,558159000,107922000,450237000,105708000,,176373000,128173000,410254000,114380000,39983000,742000,36864000,3864000,79969000,6530000,71505000,71505000,0.03,0.03,,2162530000,2325600000,,987700000,1040310000,2243264000,,430269000,,3809397000,50133000,,28312000,4193417000,9475000,688925000,,,,223507000,34880000,921520000,3190015000,,,,,,6300000,,,,,450237000,0.8066464932035495,0.07163371010769333,0.1281086572105798,0.08165664194875515,0.18938689513203227,0.20492368661976246,,,,3120472000,,,3161703000,,,281.36818540953385,0.022415255100681344,0.017051726551401875,,,,,258387000,
PLTR,2024,Q1,634338000,116256000,518082000,110040000,,193177000,133984000,437201000,125651000,80881000,,43352000,-13507000,110726000,4655000,105530000,105530000,0.05,0.04,,2213545000,2400107000,,1300000000,520388000,3347512000,,486986000,,4436064000,46906000,,23493000,4807079000,35634000,750553000,,,,237195000,20722000,945907000,3775227000,129579000,2664000,-511245000,75248000,9000000,8438000,,,,,518082000,0.8167286210190782,0.12750457957744923,0.1663624124678011,0.042040713111644964,0.17347218675217313,0.1980820950345084,0.004199653812320877,126915000,0.2000747235700841,3685511000,,,3751734000,,,280.2132144061998,0.027953285987835964,0.021953040505471203,,0.20783493847893889,3.0,0.08237791434172492,257917000,
PLTR,2024,Q2,678134000,128562000,549572000,108781000,,196809000,138643000,444233000,141764000,105339000,,46593000,-11173000,140759000,5189000,134126000,134126000,0.06,0.06,,2231592000,2414696000,,1400000000,512659000,3485800000,,659339000,,4773510000,43483000,,21474000,5191880000,67345000,806919000,,,,278441000,15649000,1054074000,4050524000,,,,,,6000000,,,,,549572000,0.8104179999823043,0.15533655590193088,0.19778686808211945,0.036864427851860275,0.16041224890655828,0.20905012873561862,,,,3966591000,,,4029050000,,,354.8837471650146,0.03311324658241749,0.025833802013914036,,0.27154019091834686,4.999999999999999,0.05993490346354835,294090000,
PLTR,2024,Q3,725516000,146639000,578877000,117555000,,209474000,138708000,465737000,142425000,113140000,,52120000,-8110000,157150000,7809000,143525000,143525000,0.06,0.06,,2250032000,2459589000,,1600000000,768710000,3795949000,,668110000,,5351962000,40345000,,19487000,5768097000,27021000,943456000,,,,236608000,7825000,1176735000,4498143000,,,,,,6100000,,,,,578877000,0.797883161777273,0.1559441831744579,0.19782472061263984,0.049691377664651606,0.16202950727482232,0.1963085583226283,,,,4408506000,,,4478656000,,,336.11960315141226,0.031907611652186245,0.02488255658668708,,0.2998375015004685,1.0,0.057614809081527385,244433000,
PLTR,2025,Q1,883855000,172970000,710885000,134889000,,236309000,163639000,534837000,155339000,176048000,,50441000,-3173000,223316000,5599000,214031000,214031000,0.09,0.08,,2348679000,2552818000,,1900000000,993464000,4437225000,,725205000,,6282599000,39669000,,16909000,6736917000,2330000,967443000,,,,318556000,36372000,1217944000,5424155000,310263000,6184000,-1390277000,-28897000,17998000,6622000,,,,,710885000,0.804300479150992,0.19918199252139773,0.24215623603419112,0.025072095147683104,0.15261439942071947,0.1757516787255828,0.0069966227492066005,304079000,0.34403720067205595,5315156000,,,5407246000,,,299.48331457082895,0.03945886502137199,0.03176987337086089,,0.3933502328411667,1.0,0.06362674664087886,354928000,
PLTR,2025,Q2,1003697000,192934000,810763000,135043000,,243788000,162615000,541446000,159971000,269317000,,56255000,6596000,332168000,3596000,326727000,326727000,0.14,0.13,,2365196000,2562912000,,2400000000,929547000,5070875000,,747484000,,6890393000,43523000,,15760000,7365688000,10774000,1089640000,,,,376784000,44638000,1340124000,5928901000,,,,,,5400000,,,,,810763000,0.8077766497259631,0.26832500246588364,0.32552353947456253,0.010825847161677223,0.1345455849723572,0.15938176561253048,,,,5800753000,,,5913141000,,,271.82671662862396,0.0551075148665832,0.04435797443497471,,0.48008653157045655,1.1666666666666667,0.061380811497596444,421422000,
PLTR,2025,Q3,1181092000,207307000,973785000,144191000,,274636000,161702000,580529000,172318000,393256000,,59762000,27483000,480501000,3753000,475599000,475599000,0.2,0.18,,2377167000,2571057000,,2600000000,1615967000,4821850000,,1005910000,,7586156000,45706000,,14611000,8113960000,67503000,1180403000,,,,316722000,43901000,1425691000,6590457000,,,,,,4800000,,,,,973785000,0.8244785334249999,0.3329596678328191,0.4026773528226421,0.0078105976886624585,0.12208278440629519,0.14589718667131774,,,,6405753000,,,6575846000,,,310.86244763320724,0.07216479828333604,0.058614905668748676,,0.6279337740311723,2.0,0.04531976683909389,360623000,
PLTR,2026,Q1,1632583000,215798000,1416785000,160981000,,319220000,182586000,662787000,201592000,753998000,,66394000,68209000,888601000,12199000,870527000,870527000,0.36,0.34,,2393869000,2570924000,,4500000000,2291631000,5734782000,,1405588000,,9551704000,55726000,,,10199183000,69319000,1382949000,,,,516868000,41128000,1642902000,8449663000,899165000,7401000,-26724000,3397000,,6765000,,,,,1416785000,0.8678180527421883,0.46184359386322166,0.5332206693319728,0.013728321260048098,0.09860509389109161,0.12348039885261576,0.004533307035538162,891764000,0.5462288900472442,8168755000,,,8449663000,,,314.250252513961,0.10302505555547008,0.0853526208913008,,0.8471163256416494,3.25,0.007092554189135347,557996000,
PLTR,2026,Q2,1935464000,296870000,1638594000,192513000,,339500000,194577000,726590000,265209000,912004000,,77505000,91836000,1081345000,15383000,1061890000,1061890000,0.44,0.41,,2399820000,2568694000,,4900000000,2030047000,7379052000,,1485249000,,11099513000,61403000,,,11678564000,3102000,1535582000,,,,579437000,33722000,1793680000,9774194000,,,,,,,,,,,1638594000,0.8466155919200771,0.4712069043908851,0.5486487994610078,0.014225802126055977,0.09946607118499749,0.1370260568008498,,,,9563931000,,,9774194000,,,280.0960829031178,0.1086422062013502,0.09092641869325715,,0.928334945705726,2.1538461538461537,0.0022560275186975787,613159000,
INTC,2023,Q1,11715000000,7707000000,4008000000,4109000000,1303000000,,,5476000000,739000000,-1468000000,193000000,334000000,141000000,-1158000000,1610000000,-2758000000,,-0.66,-0.66,,4154000000,4154000000,,,,1421000000,,3847000000,12993000000,48314000000,,27591000000,5567000000,185303000000,8083000000,27393000000,1437000000,1000000000,48836000000,,,,98059000000,-1785000000,7413000000,-8521000000,7394000000,,1901000000,1512000000,,10968000000,,4008000000,0.3421254801536492,-0.12530943235168587,-0.23542466922748612,-1.390328151986183,0.35074690567648314,0.0630815194195476,0.6327784891165172,-9198000000,-0.7851472471190781,20921000000,50273000000,,64901000000,,615.3425457376411,119.85958173282116,-0.028125924188498762,-0.01488373097035666,,,,,0,
INTC,2023,Q2,12949000000,8311000000,4638000000,4080000000,1374000000,,,5654000000,,-1016000000,214000000,313000000,224000000,-816000000,-2289000000,1481000000,,0.35,0.35,,4182000000,4196000000,,,,1295000000,,2996000000,11984000000,43356000000,,27591000000,5173000000,185629000000,8757000000,27180000000,2711000000,,46335000000,,,,101017000000,,,,,,,,,,,4638000000,0.358174376399722,-0.07846165727083172,0.114371766159549,2.8051470588235294,0.31508224573326127,,,,,16176000000,49046000000,,68253000000,,526.3097100228613,84.4497644605761,0.01466089866062148,0.007978279255935226,,,,,0,
INTC,2023,Q3,14158000000,8140000000,6018000000,3870000000,1340000000,,,6026000000,,-8000000,204000000,332000000,147000000,-52000000,-362000000,297000000,,0.07,0.07,0.13,4202000000,4229000000,,,,1117000000,,2843000000,11466000000,43811000000,,27591000000,4970000000,188837000000,8669000000,28614000000,2288000000,,46591000000,,,,101813000000,,,,,,,,,,,6018000000,0.42506003672835146,-0.0005650515609549371,0.02097753920045204,6.961538461538462,0.27334369261195085,,,,,15197000000,48879000000,,69252000000,,514.1388206388207,73.29389744314169,0.0029171127459165333,0.0015727849944661269,,,,,0,
INTC,2024,Q1,12724000000,7507000000,5217000000,4382000000,1556000000,,,6286000000,1179000000,-1069000000,258000000,323000000,145000000,-719000000,-282000000,-381000000,,-0.09,-0.09,0.13,4242000000,4242000000,,,,1471000000,,3323000000,11494000000,42608000000,,27440000000,4675000000,192733000000,8559000000,27213000000,4581000000,793000000,47869000000,,,,105973000000,-1223000000,5970000000,-2563000000,3630000000,,2200000000,529000000,,2537000000,0,5217000000,0.410012574662056,-0.08401446086136435,-0.029943414020748193,0.39221140472878996,0.3443885570575291,0.09265954102483495,0.46919207796290474,-7193000000,-0.5653096510531279,15395000000,52450000000,,73858000000,,558.8530704675636,95.32340458975165,-0.0035952553952421844,-0.0019768280470910536,,0.08612889457959881,-0.8636363636363636,0.02118440057775639,0,
INTC,2024,Q2,12833000000,8286000000,4547000000,4239000000,1329000000,,,6511000000,,-1964000000,294000000,320000000,80000000,-2004000000,-350000000,-1610000000,,-0.38,-0.38,0.13,4267000000,4267000000,,,,1246000000,,3131000000,11244000000,50829000000,,27442000000,4383000000,206205000000,9618000000,32027000000,4695000000,3200000000,48334000000,,,,115229000000,,,,,,,,,,,4547000000,0.354320891451726,-0.15304293618016052,-0.12545780409880777,0.17465069860279442,0.3303202680589106,,,,,18802000000,53029000000,,83404000000,,495.30050687907317,89.05283254110496,-0.013972177142906734,-0.007807764118231857,,-0.008958220712024095,-2.085714285714286,0.016920877025738745,0,
INTC,2024,Q3,13284000000,11287000000,1997000000,4049000000,1383000000,,,11054000000,,-9057000000,248000000,340000000,130000000,-9086000000,7903000000,-16639000000,,-3.88,-3.88,0.13,4292000000,4292000000,,,,980000000,,3121000000,12062000000,46137000000,,24680000000,3975000000,193542000000,11074000000,35159000000,3765000000,0,46471000000,,,,99532000000,,,,,,,,,,,1997000000,0.15033122553447756,-0.6817976513098465,-1.252559470039145,-0.8697996918335902,0.30480277024992475,,,,,10978000000,50236000000,,70877000000,,390.06201825108536,85.75466726889492,-0.16717236667604388,-0.08597100370978909,,-0.06173188303432688,-56.428571428571416,0.014897138803499743,0,
INTC,2025,Q1,12667000000,7995000000,4672000000,3640000000,1177000000,,,4973000000,684000000,-301000000,299000000,245000000,-173000000,-586000000,301000000,-821000000,,-0.19,-0.19,,4343000000,4343000000,,,,541000000,,3064000000,12281000000,42134000000,,24693000000,3568000000,192242000000,10896000000,32174000000,5240000000,1500000000,44911000000,,,,99756000000,813000000,5183000000,81000000,-196000000,,2425000000,0,0,0,1500000000,4672000000,0.36883239914739085,-0.023762532564932503,-0.06481408383989895,-0.5136518771331058,0.28736085892476515,0.05399857898476356,0.40917344280413676,-4370000000,-0.34499092129154496,9960000000,50151000000,,71495000000,,560.6710444027517,88.28925554590668,-0.008230081398612615,-0.004270658857065574,,-0.004479723357434769,1.1111111111111112,0.023809523809523725,0,
INTC,2025,Q2,12859000000,9317000000,3542000000,3684000000,1144000000,,,6718000000,,-3176000000,227000000,210000000,-95000000,-2769000000,255000000,-2918000000,,-0.67,-0.67,,4369000000,4369000000,,,9643000000,467000000,,2360000000,11377000000,43375000000,,23912000000,3057000000,192520000000,10666000000,34966000000,6731000000,2000000000,44026000000,,,,97883000000,,,,,,,,,,,3542000000,0.2754491017964072,-0.246986546387744,-0.22692277782098141,-0.09209100758396534,0.28649195116260984,,,,,8409000000,50757000000,40647000000,70914000000,,445.70194268541377,66.98810171864065,-0.029811101008346698,-0.015156866819031788,-0.024953639575578425,0.0020260266500428583,0.7631578947368421,0.0239043824701195,0,
INTC,2025,Q3,13653000000,8435000000,5218000000,3231000000,1129000000,,,4535000000,,683000000,282000000,228000000,3670000000,4574000000,304000000,4063000000,,0.9,0.9,,4514000000,4531000000,,,11141000000,572000000,,3202000000,11489000000,51731000000,,23912000000,2877000000,204514000000,10268000000,32297000000,2496000000,,44057000000,,,,106376000000,,,,,,,,,,,5218000000,0.3821870651138944,0.05002563539148905,0.2975902732000293,0.0664626147791867,0.23665128543177325,,,,,19434000000,46553000000,34840000000,79587000000,,497.1529342027267,85.60243169999268,0.03819470557268557,0.019866610598785413,0.004496897016008516,0.027777777777777776,-1.231958762886598,0.05568499534016769,0,
INTC,2026,Q1,13577000000,8230000000,5347000000,3375000000,1038000000,,,8483000000,621000000,-3136000000,264000000,333000000,-738000000,-3946000000,335000000,-3728000000,,-0.73,-0.73,,5083000000,5083000000,,,17247000000,317000000,,4066000000,12426000000,62157000000,,20465000000,2722000000,205332000000,7159000000,26885000000,2004000000,,43027000000,,,,111394000000,1096000000,3636000000,3093000000,-1206000000,,2902000000,,596000000,,1500000000,5347000000,0.39382779700964865,-0.23097886130956766,-0.2745820136996391,-0.08489609731373543,0.24858216100758637,0.04573911762539589,0.2678058481255064,-2540000000,-0.1870810930249687,35272000000,45031000000,27467000000,88207000000,,551.0923450789793,109.30912572733298,-0.0334667935436379,-0.018155962051701634,-0.024445200830417697,0.07184021473119129,2.8421052631578947,0.17038913193644944,0,
INTC,2026,Q2,16128000000,9619000000,6509000000,3368000000,1175000000,,,4713000000,,1796000000,321000000,334000000,-12576000000,-10819000000,29000000,-11033000000,,-2.16,-2.16,,5104000000,5104000000,,,12874000000,250000000,,4033000000,12492000000,57213000000,,20465000000,2545000000,202439000000,8756000000,35670000000,1988000000,,48549000000,,,,87542000000,,,,,,,,,,,6509000000,0.40358382936507936,0.11135912698412699,-0.6840897817460317,-0.0026804695443201775,0.2088293650793651,,,,,21543000000,50537000000,37413000000,64532000000,,474.0180891984614,91.2726314484127,-0.12603093372324142,-0.05450036801209253,0.014382924989430126,0.2542188350571584,2.2238805970149254,0.16823071641107812,0,
